Transaction_ID,Date,Item_ID,Outlet_ID,Customer_ID,Quantity,Sales,Rating
TXN0009657,12-01-2022,ITM0464,OUT005,CUS01299,12,826.70,3.9
TXN0009220,14-06-2019,ITM0278,OUT019,CUS01172,6,3846.12,4.7
TXN0003645,26-09-2018,ITM0333,OUT017,CUS00513,18,949.25,1.9
TXN0003283,17-07-2020,ITM0177,OUT043,CUS00732,10,2236.00,3.7
TXN0009812,29-03-2022,ITM0266,OUT037,CUS00580,18,3390.99,2.6
TXN0006312,09-10-2022,ITM0138,OUT046,CUS01880,4,2304.86,2.9
TXN0000003,30-11-2020,ITM0155,OUT009,CUS00612,17,1644.99,1.2
TXN0008139,07-11-2022,ITM0192,OUT028,CUS01042,1,3655.01,2.1
TXN0010173,03-12-2020,ITM0125,OUT023,CUS00250,1,,1.6
TXN0005903,23-08-2019,ITM0073,OUT035,CUS00137,1,2849.23,4.2
TXN0001037,20-06-2020,ITM0024,OUT021,CUS01509,12,1846.20,3.6
TXN0005949,27-01-2020,ITM0188,OUT043,CUS00716,5,4711.56,3.1
TXN0003084,05-04-2023,ITM0356,OUT027,CUS01640,17,1636.14,1.9
TXN0008131,11-08-2023,ITM0418,OUT001,CUS00795,17,2512.86,1.2
TXN0002379,22-10-2022,ITM0261,OUT040,CUS01398,4,2345.40,1.2
TXN0003833,23-02-2018,ITM0262,OUT005,CUS01608,18,4199.26,2.6
TXN0003763,10-02-2018,ITM0113,OUT047,CUS00543,5,2478.13,2.2
TXN0007111,29-05-2023,ITM0128,OUT049,CUS00107,4,3752.93,2.2
TXN0005913,24-06-2023,ITM0378,OUT018,CUS00412,19,4185.31,4.8
TXN0010013,31-03-2021,ITM0175,OUT009,CUS00332,7,2927.54,1.8
TXN0001646,10-08-2019,ITM0055,OUT021,CUS01295,4,,2.7
TXN0009895,03-09-2020,ITM0458,OUT046,CUS01395,18,945.70,4.6
TXN0003908,,ITM0077,OUT005,CUS01650,1,2264.27,
TXN0010072,23-01-2023,ITM0414,OUT049,CUS01039,20,709.23,4.1
TXN0001123,30-09-2020,ITM0193,OUT010,CUS01115,8,,4.8
TXN0006488,27-11-2019,ITM0259,OUT022,CUS01949,10,3622.33,2.3
TXN0000158,24-07-2020,ITM0144,OUT028,CUS00801,11,2687.44,1.7
TXN0007703,16-02-2019,ITM0109,OUT004,CUS00893,8,,1.0
TXN0010264,05-04-2018,ITM0126,OUT002,CUS01101,16,2725.04,2.1
TXN0005094,29-11-2023,ITM0424,OUT046,CUS01268,18,2818.58,3.0
TXN0006118,26-06-2021,ITM0463,OUT025,CUS00539,8,3679.15,
TXN0000718,17-10-2022,ITM0081,OUT007,CUS01216,18,714.86,3.0
TXN0004556,24-12-2022,ITM0482,OUT001,CUS00204,17,1977.88,2.8
TXN0000890,15-11-2021,ITM0358,OUT025,CUS00010,11,2059.92,2.2
TXN0008532,08-07-2018,ITM0224,OUT028,CUS01338,8,2617.60,4.3
TXN0002719,28-11-2023,ITM0377,OUT039,CUS00900,5,1433.66,2.1
TXN0001400,23-08-2021,ITM0429,OUT027,CUS00587,6,,
TXN0009430,,ITM0403,OUT048,CUS00722,6,2628.86,4.8
TXN0002418,05-03-2018,ITM0495,OUT048,CUS00080,13,1672.41,2.3
TXN0003400,19-05-2019,ITM0004,OUT049,CUS01980,18,3563.69,2.2
TXN0006434,17-03-2018,ITM0059,OUT036,CUS01752,20,3661.05,4.8
TXN0005671,28-02-2022,ITM0379,OUT044,CUS00182,20,1097.33,4.7
TXN0003873,19-08-2021,ITM0473,OUT005,CUS00531,3,1458.86,1.5
TXN0007226,,ITM0451,OUT041,CUS01267,6,4990.93,2.9
TXN0008456,08-03-2023,ITM0479,OUT007,CUS00575,8,2731.77,1.7
TXN0002142,09-04-2020,ITM0482,OUT043,CUS00153,12,,3.9
TXN0004933,22-09-2021,ITM0297,OUT033,CUS01920,3,1120.60,4.1
TXN0001437,14-08-2023,ITM0498,OUT028,CUS00129,14,773.80,
TXN0000869,21-09-2019,ITM0122,OUT047,CUS00965,19,,2.4
TXN0007424,30-12-2021,ITM0239,OUT049,CUS01594,4,4628.05,3.3
TXN0003826,08-12-2021,ITM0041,OUT019,CUS01800,18,4512.18,
TXN0008593,26-02-2020,ITM0152,OUT005,CUS01119,9,4019.21,3.4
TXN0002377,24-06-2020,ITM0308,OUT002,CUS00718,11,1320.10,3.4
TXN0003145,04-11-2018,ITM0013,OUT045,CUS00403,13,2081.00,1.3
TXN0000506,05-09-2019,ITM0281,OUT038,CUS01713,1,1481.56,4.3
TXN0002172,26-04-2019,ITM0190,OUT007,CUS00432,20,612.37,3.4
TXN0006944,12-10-2022,ITM0384,OUT033,CUS01309,17,1168.46,4.6
TXN0001069,20-08-2021,ITM0100,OUT010,CUS00326,17,2460.07,4.6
TXN0002187,01-06-2018,ITM0075,OUT038,CUS01058,,4756.33,3.9
TXN0009985,17-10-2021,ITM0475,OUT022,CUS01560,10,2640.58,4.1
TXN0005870,12-01-2023,ITM0426,OUT004,CUS01714,16,4392.75,3.9
TXN0002600,22-03-2023,ITM0096,OUT017,CUS00571,18,,4.2
TXN0004460,05-08-2022,ITM0427,OUT037,CUS01098,,1326.10,2.9
TXN0000501,22-12-2023,ITM0218,OUT048,CUS00548,17,2189.56,1.5
TXN0004324,,ITM0314,OUT042,CUS00830,14,4499.03,1.7
TXN0010429,09-09-2020,ITM0115,OUT021,CUS01007,1,235.65,
TXN0000305,23-09-2018,ITM0010,OUT023,CUS01735,4,2645.89,5.0
TXN0005455,24-06-2018,ITM0497,OUT020,CUS00996,2,2294.11,1.3
TXN0010141,30-01-2019,ITM0114,OUT034,CUS00943,3,1326.25,4.1
TXN0007842,07-07-2021,ITM0368,OUT032,CUS01368,13,1046.74,3.0
TXN0003827,02-03-2019,ITM0168,OUT041,CUS00358,16,700.27,4.3
TXN0009976,24-06-2022,ITM0396,OUT022,CUS00746,15,4783.85,2.9
TXN0005218,19-04-2023,ITM0351,OUT046,CUS01272,10,2543.68,4.0
TXN0000025,02-12-2023,ITM0297,OUT045,CUS00273,16,2577.32,1.2
TXN0003360,26-11-2021,ITM0199,OUT024,CUS00557,19,654.65,
TXN0008437,13-03-2018,ITM0008,OUT034,CUS01078,9,3534.96,2.7
TXN0001160,,ITM0045,OUT006,CUS01231,14,4239.52,1.1
TXN0001288,12-07-2023,ITM0377,OUT022,CUS01062,15,3292.69,3.4
TXN0007067,11-01-2020,ITM0015,OUT006,CUS00925,20,1762.84,3.3
TXN0005863,23-07-2019,ITM0169,OUT018,CUS01656,17,1018.54,2.4
TXN0006469,20-06-2022,ITM0205,OUT049,CUS01042,14,3331.77,
TXN0002000,16-06-2021,ITM0410,OUT016,CUS01770,15,429.15,
TXN0009927,23-04-2018,ITM0173,OUT038,CUS01332,5,813.36,4.6
TXN0008185,24-11-2020,ITM0057,OUT018,CUS01734,3,1202.44,3.9
TXN0004262,26-01-2023,ITM0074,OUT014,CUS01540,1,4071.84,3.1
TXN0006331,,ITM0239,OUT044,CUS00527,6,412.01,2.1
TXN0007482,10-10-2018,ITM0487,OUT036,CUS01880,4,1637.71,4.9
TXN0003749,26-05-2018,ITM0407,OUT038,CUS01055,7,2947.51,3.7
TXN0009327,02-12-2019,ITM0298,OUT031,CUS01881,12,3666.45,4.9
TXN0003722,19-12-2020,ITM0053,OUT004,CUS01677,3,2881.13,1.8
TXN0004358,27-09-2023,ITM0386,OUT048,CUS01720,8,3345.74,4.2
TXN0002072,02-04-2023,ITM0369,OUT024,CUS00251,7,412.30,3.7
TXN0000696,24-05-2022,ITM0269,OUT031,CUS00010,17,4151.05,4.4
TXN0001224,14-08-2022,ITM0329,OUT020,CUS01250,5,2665.95,3.0
TXN0001986,19-01-2023,ITM0497,OUT039,CUS00047,8,4933.19,3.5
TXN0007562,26-07-2020,ITM0361,OUT008,CUS00464,10,917.38,3.8
TXN0009267,06-04-2018,ITM0335,OUT026,CUS00955,6,2500.80,3.5
TXN0008247,04-05-2023,ITM0162,OUT034,CUS01057,,1840.94,3.5
TXN0000625,20-08-2023,ITM0053,OUT032,CUS01350,18,4258.77,2.9
TXN0003732,09-05-2019,ITM0461,OUT028,CUS00882,16,2117.13,
TXN0002647,03-02-2022,ITM0263,OUT026,CUS01441,19,3091.79,4.1
TXN0002321,06-09-2021,ITM0465,OUT009,CUS00094,9,276.74,1.1
TXN0008961,21-01-2020,ITM0187,OUT035,CUS00641,11,2590.89,
TXN0009291,09-02-2020,ITM0164,OUT016,CUS01230,19,2187.57,1.8
TXN0000587,31-01-2022,ITM0080,OUT025,CUS00828,5,3893.70,1.7
TXN0007454,28-08-2020,ITM0215,OUT008,CUS00835,15,4878.01,1.4
TXN0005167,20-07-2022,ITM0190,OUT016,CUS00963,20,276.12,4.6
TXN0005651,30-05-2021,ITM0310,OUT040,CUS00733,18,3735.96,2.1
TXN0006676,23-11-2019,ITM0446,OUT019,CUS01657,8,2011.40,2.7
TXN0007364,16-03-2020,ITM0373,OUT028,CUS00300,7,373.95,4.6
TXN0003066,03-09-2020,ITM0335,OUT006,CUS01025,2,706.47,4.5
TXN0002365,18-12-2022,ITM0309,OUT001,CUS01707,19,4898.44,3.0
TXN0006299,23-05-2020,ITM0492,OUT017,CUS00528,7,2931.27,4.1
TXN0010138,07-10-2020,ITM0286,OUT028,CUS01253,18,,1.9
TXN0009661,12-02-2018,ITM0286,OUT012,CUS00191,12,1154.43,
TXN0001122,24-09-2022,ITM0484,OUT046,CUS00097,8,1380.19,3.4
TXN0005374,14-09-2023,ITM0310,OUT043,CUS01500,1,2623.41,1.5
TXN0007838,27-09-2020,ITM0297,OUT025,CUS01579,5,3676.63,2.9
TXN0001827,07-01-2023,ITM0427,OUT050,CUS00686,18,3402.43,3.9
TXN0000186,22-11-2022,ITM0314,OUT017,CUS01090,7,4045.23,
TXN0007457,20-07-2023,ITM0168,OUT008,CUS01114,17,4655.02,4.8
TXN0007414,25-02-2019,ITM0009,OUT050,CUS01775,20,2047.06,1.8
TXN0001404,23-11-2023,ITM0069,OUT005,CUS00532,3,4267.63,4.1
TXN0005077,09-05-2023,ITM0395,OUT044,CUS00477,17,3692.55,3.8
TXN0001896,25-07-2023,ITM0466,OUT050,CUS00518,15,479.30,4.8
TXN0005293,05-09-2019,ITM0480,OUT028,CUS00457,11,1470.89,2.3
TXN0004883,15-08-2021,ITM0119,OUT046,CUS01326,10,4434.94,1.7
TXN0003113,13-07-2023,ITM0484,OUT009,CUS01028,19,1615.66,1.5
TXN0009292,,ITM0080,OUT009,CUS01131,1,2527.29,1.2
TXN0002879,02-08-2019,ITM0435,OUT014,CUS01228,18,,4.9
TXN0004218,20-03-2019,ITM0222,OUT007,CUS00447,3,881.57,3.9
TXN0006861,28-09-2019,ITM0391,OUT027,CUS00536,3,3776.15,2.2
TXN0003649,12-01-2023,ITM0485,OUT033,CUS01554,18,3405.49,4.5
TXN0007710,22-12-2019,ITM0049,OUT048,CUS00987,6,1865.55,2.2
TXN0007819,27-07-2020,ITM0329,OUT030,CUS01777,19,2265.69,3.8
TXN0001216,,ITM0121,OUT033,CUS00926,,2034.44,1.4
TXN0010203,26-06-2022,ITM0228,OUT036,CUS00655,10,4670.69,3.8
TXN0010336,31-03-2020,ITM0148,OUT037,CUS01350,9,4168.52,4.2
TXN0008109,10-04-2019,ITM0072,OUT046,CUS00217,15,3760.29,2.4
TXN0010353,11-12-2019,ITM0310,OUT007,CUS00363,8,1301.08,3.3
TXN0002480,01-02-2019,ITM0267,OUT035,CUS01652,12,4065.58,1.1
TXN0009414,,ITM0003,OUT039,CUS00163,20,2834.77,
TXN0005931,28-08-2018,ITM0010,OUT001,CUS00203,12,1070.24,3.2
TXN0003256,18-04-2021,ITM0376,OUT036,CUS01050,,,5.0
TXN0010265,,ITM0273,OUT002,CUS01766,20,74.72,2.9
TXN0005447,21-08-2019,ITM0045,OUT040,CUS01218,17,2204.04,1.5
TXN0004997,03-02-2023,ITM0121,OUT016,CUS00181,6,197.56,2.5
TXN0007126,27-07-2023,ITM0384,OUT006,CUS00812,17,985.95,1.9
TXN0006472,15-08-2018,ITM0140,OUT011,CUS01130,9,1176.43,1.8
TXN0003350,17-11-2020,ITM0254,OUT045,CUS00996,14,1549.12,1.3
TXN0007076,22-01-2018,ITM0483,OUT011,CUS00797,6,147.76,3.3
TXN0007397,02-07-2019,ITM0354,OUT019,CUS01222,6,1206.82,2.6
TXN0008526,15-04-2018,ITM0210,OUT038,CUS00134,11,483.23,2.2
TXN0005647,22-10-2018,ITM0486,OUT024,CUS00851,14,4984.07,1.0
TXN0002585,30-11-2022,ITM0227,OUT042,CUS00114,10,2989.89,3.4
TXN0006997,19-12-2020,ITM0293,OUT024,CUS01774,6,3109.19,2.3
TXN0000056,18-09-2020,ITM0020,OUT048,CUS00880,15,1693.60,2.6
TXN0004491,11-06-2018,ITM0431,OUT020,CUS00967,5,1914.50,1.3
TXN0004610,04-08-2020,ITM0429,OUT020,CUS00060,4,4860.52,2.2
TXN0005901,09-10-2021,ITM0190,OUT023,CUS00101,2,2058.27,4.5
TXN0004397,07-02-2018,ITM0329,OUT048,CUS00140,18,1253.55,4.3
TXN0003239,02-03-2023,ITM0362,OUT049,CUS00805,6,4846.23,2.6
TXN0002224,02-11-2019,ITM0401,OUT025,CUS00584,13,4008.75,2.7
TXN0007117,,ITM0429,OUT012,CUS01689,10,4260.07,2.3
TXN0009837,23-11-2018,ITM0415,OUT027,CUS00160,18,4976.15,2.7
TXN0004009,26-11-2021,ITM0405,OUT035,CUS01206,2,340.97,1.6
TXN0004486,05-12-2022,ITM0444,OUT044,CUS01556,8,,2.8
TXN0010011,15-09-2020,ITM0248,OUT016,CUS00403,8,4750.40,1.6
TXN0006431,08-02-2019,ITM0428,OUT021,CUS01637,14,1331.99,1.5
TXN0004443,16-03-2018,ITM0036,OUT039,CUS00462,15,4236.31,4.8
TXN0007018,02-06-2020,ITM0203,OUT016,CUS01505,15,2201.86,4.6
TXN0006286,08-12-2020,ITM0438,OUT031,CUS01947,2,2830.19,4.5
TXN0000251,14-08-2022,ITM0311,OUT041,CUS01977,1,,3.8
TXN0000046,02-11-2021,ITM0091,OUT033,CUS00334,18,2055.94,4.3
TXN0008013,24-02-2019,ITM0450,OUT041,CUS00458,17,2752.44,1.8
TXN0009966,02-09-2020,ITM0193,OUT037,CUS00762,15,629.98,1.4
TXN0008997,19-01-2020,ITM0345,OUT014,CUS00897,17,1550.82,3.8
TXN0007936,11-11-2021,ITM0443,OUT045,CUS00977,13,2168.26,1.3
TXN0010104,20-07-2019,ITM0405,OUT047,CUS00054,5,329.52,3.9
TXN0003234,11-12-2021,ITM0429,OUT014,CUS00905,6,1619.63,4.6
TXN0001382,17-11-2019,ITM0427,OUT037,CUS01913,15,754.99,2.5
TXN0004907,28-09-2018,ITM0355,OUT002,CUS01789,7,2954.04,1.4
TXN0007395,26-03-2018,ITM0299,OUT006,CUS00873,18,3984.47,2.4
TXN0009975,05-04-2021,ITM0292,OUT034,CUS01396,13,1615.77,2.1
TXN0010309,,ITM0375,OUT011,CUS00779,20,2975.22,2.1
TXN0000478,01-01-2022,ITM0145,OUT037,CUS00918,9,3175.12,4.2
TXN0003935,23-01-2019,ITM0316,OUT020,CUS01647,9,4402.96,1.6
TXN0007233,18-02-2019,ITM0420,OUT008,CUS00525,9,695.07,5.0
TXN0005691,17-10-2020,ITM0040,OUT028,CUS00422,8,4613.69,4.4
TXN0000392,02-05-2023,ITM0260,OUT028,CUS00674,7,4557.01,1.1
TXN0008959,02-03-2021,ITM0403,OUT006,CUS00129,8,3087.19,3.9
TXN0005381,,ITM0054,OUT039,CUS00685,20,637.21,
TXN0002016,07-02-2020,ITM0422,OUT019,CUS00403,,3891.56,1.7
TXN0003105,03-08-2021,ITM0256,OUT050,CUS00694,15,4851.01,
TXN0009240,03-12-2019,ITM0242,OUT041,CUS00610,6,2414.13,2.9
TXN0005243,14-01-2021,ITM0293,OUT028,CUS01128,8,2734.81,3.8
TXN0003109,19-06-2023,ITM0424,OUT037,CUS00997,3,3308.91,2.6
TXN0002164,13-08-2023,ITM0493,OUT019,CUS00632,3,4221.01,2.7
TXN0007851,15-10-2018,ITM0080,OUT001,CUS00188,,1313.73,1.7
TXN0007037,08-07-2018,ITM0380,OUT047,CUS00981,3,4761.15,4.6
TXN0006111,11-10-2023,ITM0489,OUT029,CUS00776,13,4188.79,2.5
TXN0006510,11-05-2019,ITM0050,OUT044,CUS00649,3,1256.92,2.9
TXN0001168,05-01-2023,ITM0120,OUT021,CUS01381,4,1031.42,2.1
TXN0005521,18-03-2021,ITM0425,OUT010,CUS01114,6,2609.34,3.8
TXN0002391,29-03-2022,ITM0482,OUT025,CUS01796,18,1727.67,1.6
TXN0001104,19-06-2019,ITM0414,OUT042,CUS01466,16,2253.06,1.9
TXN0001232,24-06-2020,ITM0310,OUT007,CUS01733,1,583.96,2.7
TXN0003836,21-09-2021,ITM0206,OUT023,CUS01840,17,388.54,2.4
TXN0006622,,ITM0219,OUT041,CUS00202,5,3222.78,1.5
TXN0004466,25-04-2022,ITM0015,OUT047,CUS00737,16,710.03,2.0
TXN0001434,23-07-2021,ITM0311,OUT014,CUS00489,4,4740.47,4.6
TXN0000863,07-11-2022,ITM0057,OUT048,CUS01635,12,3506.64,3.7
TXN0002905,23-03-2019,ITM0135,OUT024,CUS00333,8,3916.11,4.6
TXN0006920,15-07-2023,ITM0072,OUT015,CUS00208,14,1984.59,1.3
TXN0003248,30-06-2020,ITM0045,OUT018,CUS01055,6,2330.40,2.7
TXN0008307,26-06-2021,ITM0119,OUT001,CUS01496,13,366.73,1.6
TXN0009677,18-10-2018,ITM0339,OUT046,CUS00207,19,4452.46,3.4
TXN0007783,,ITM0069,OUT044,CUS01994,19,52.50,3.9
TXN0010172,11-06-2019,ITM0299,OUT013,CUS01361,11,3321.79,4.3
TXN0001711,21-10-2022,ITM0438,OUT014,CUS01593,18,267.59,4.6
TXN0010174,25-01-2019,ITM0388,OUT031,CUS01891,16,697.97,3.6
TXN0001631,04-07-2020,ITM0080,OUT022,CUS00156,6,2434.35,4.2
TXN0009398,10-10-2021,ITM0500,OUT020,CUS01659,14,1709.80,4.6
TXN0001548,25-12-2018,ITM0091,OUT003,CUS01707,13,4745.19,1.4
TXN0007856,19-08-2018,ITM0214,OUT015,CUS01656,12,1624.54,4.1
TXN0005118,19-06-2019,ITM0089,OUT032,CUS00273,1,1163.00,1.1
TXN0006686,26-07-2023,ITM0476,OUT023,CUS01968,20,3151.39,
TXN0002849,14-03-2020,ITM0062,OUT023,CUS01518,7,1683.00,5.0
TXN0009472,22-04-2022,ITM0422,OUT011,CUS01267,17,2409.23,4.7
TXN0003162,30-10-2020,ITM0041,OUT011,CUS00698,9,802.00,3.2
TXN0006257,29-01-2020,ITM0380,OUT012,CUS01202,19,1290.45,4.0
TXN0002890,20-06-2021,ITM0229,OUT026,CUS01156,20,1405.40,3.3
TXN0000228,12-04-2022,ITM0478,OUT005,CUS00636,8,2487.85,4.7
TXN0000324,29-09-2019,ITM0283,OUT022,CUS00658,4,2458.01,4.4
TXN0006822,27-11-2022,ITM0357,OUT011,CUS00350,9,799.08,4.1
TXN0009191,30-05-2020,ITM0461,OUT017,CUS01070,5,3173.76,3.0
TXN0010074,27-04-2022,ITM0468,OUT032,CUS01993,15,4931.27,1.0
TXN0000249,03-06-2018,ITM0215,OUT014,CUS00865,5,952.66,
TXN0007752,10-11-2022,ITM0247,OUT028,CUS01666,19,4129.69,1.8
TXN0008939,27-11-2020,ITM0231,OUT043,CUS01539,15,598.16,3.6
TXN0004235,03-10-2023,ITM0339,OUT029,CUS01911,13,3256.23,3.1
TXN0002629,24-01-2021,ITM0407,OUT038,CUS01724,16,748.09,1.5
TXN0003082,21-11-2019,ITM0240,OUT002,CUS01358,14,,1.4
TXN0010191,07-10-2023,ITM0284,OUT013,CUS00110,19,4966.54,1.8
TXN0002268,18-03-2022,ITM0237,OUT001,CUS01775,16,1600.93,4.1
TXN0003742,13-01-2022,ITM0238,OUT024,CUS01987,9,1004.41,1.5
TXN0000183,02-03-2019,ITM0385,OUT009,CUS01715,,3820.24,3.1
TXN0003658,29-09-2020,ITM0406,OUT013,CUS01346,16,925.15,1.5
TXN0003474,17-11-2019,ITM0010,OUT001,CUS00922,15,232.48,3.4
TXN0010085,31-10-2020,ITM0073,OUT034,CUS00749,19,725.94,1.7
TXN0000603,24-01-2021,ITM0215,OUT043,CUS01148,3,1862.56,1.6
TXN0009679,13-12-2021,ITM0454,OUT010,CUS01654,19,1276.17,4.7
TXN0006613,19-10-2019,ITM0414,OUT024,CUS00219,20,3717.39,1.2
TXN0007452,28-06-2023,ITM0157,OUT013,CUS00510,16,2638.75,1.1
TXN0008460,26-06-2018,ITM0485,OUT037,CUS01384,13,840.94,3.9
TXN0009512,21-03-2021,ITM0063,OUT031,CUS00656,2,1101.39,4.9
TXN0004365,15-12-2022,ITM0055,OUT021,CUS00685,14,,4.9
TXN0007249,08-08-2021,ITM0495,OUT025,CUS01377,8,277.01,2.5
TXN0001607,08-06-2020,ITM0465,OUT042,CUS01932,10,982.84,2.5
TXN0000201,22-01-2021,ITM0312,OUT002,CUS00912,9,3359.10,4.0
TXN0002791,,ITM0481,OUT039,CUS01141,3,4103.16,4.5
TXN0008741,,ITM0299,OUT038,CUS00498,16,,4.2
TXN0005797,29-11-2020,ITM0334,OUT021,CUS00160,14,795.12,1.5
TXN0002410,02-12-2019,ITM0117,OUT023,CUS01750,4,1660.56,1.4
TXN0008280,20-11-2018,ITM0381,OUT009,CUS00010,18,2762.10,4.2
TXN0003933,20-08-2019,ITM0222,OUT050,CUS00754,5,,1.8
TXN0008152,23-07-2020,ITM0380,OUT015,CUS01538,8,407.80,4.7
TXN0005432,09-08-2019,ITM0068,OUT002,CUS01351,15,4458.15,
TXN0003475,22-09-2022,ITM0476,OUT029,CUS01649,8,3159.85,4.2
TXN0000221,11-12-2018,ITM0133,OUT029,CUS00931,10,,3.5
TXN0005971,19-05-2022,ITM0274,OUT050,CUS01625,2,1383.15,2.1
TXN0002755,25-08-2018,ITM0131,OUT038,CUS01014,17,3658.78,1.7
TXN0006001,15-11-2022,ITM0485,OUT045,CUS01742,1,2472.26,1.3
TXN0008870,13-08-2023,ITM0351,OUT002,CUS00646,20,1033.97,3.4
TXN0004246,31-03-2019,ITM0396,OUT040,CUS01640,15,4992.92,4.7
TXN0006026,29-12-2023,ITM0388,OUT042,CUS00537,20,1842.80,1.7
TXN0005989,12-10-2022,ITM0378,OUT037,CUS01788,18,4350.12,1.8
TXN0001164,29-11-2020,ITM0097,OUT048,CUS01969,16,4282.10,4.3
TXN0004885,21-09-2022,ITM0179,OUT036,CUS01658,17,1523.88,3.7
TXN0004115,31-03-2022,ITM0337,OUT024,CUS01984,11,1073.80,4.6
TXN0004087,16-12-2022,ITM0496,OUT044,CUS01591,4,3298.12,1.7
TXN0000077,22-01-2023,ITM0086,OUT026,CUS00096,8,1623.16,3.4
TXN0008389,13-04-2021,ITM0145,OUT043,CUS00337,12,431.73,
TXN0004819,01-05-2023,ITM0155,OUT001,CUS01292,8,2046.95,3.2
TXN0005421,05-09-2020,ITM0144,OUT040,CUS01254,17,3686.39,1.5
TXN0008466,07-12-2018,ITM0049,OUT025,CUS01171,15,3357.06,3.1
TXN0004810,15-05-2023,ITM0030,OUT039,CUS01444,4,2637.93,3.7
TXN0001746,25-03-2022,ITM0408,OUT031,CUS00540,4,4728.69,3.9
TXN0006338,27-03-2018,ITM0232,OUT028,CUS01834,5,2805.19,4.0
TXN0010109,03-05-2018,ITM0173,OUT005,CUS00780,2,4021.56,3.6
TXN0009260,05-09-2023,ITM0038,OUT024,CUS00141,10,1483.27,2.7
TXN0006173,14-02-2020,ITM0268,OUT019,CUS00951,7,2779.47,3.6
TXN0002372,04-10-2022,ITM0201,OUT011,CUS00232,12,2859.81,3.8
TXN0006134,26-10-2018,ITM0411,OUT029,CUS01763,19,4252.23,2.5
TXN0008588,04-08-2019,ITM0002,OUT011,CUS00013,4,,3.5
TXN0001721,15-02-2019,ITM0379,OUT024,CUS00123,17,2138.90,3.6
TXN0004210,28-12-2022,ITM0322,OUT041,CUS01336,14,1594.38,2.0
TXN0007122,27-07-2019,ITM0038,OUT003,CUS00084,15,2956.80,3.8
TXN0005827,18-06-2018,ITM0208,OUT025,CUS01634,12,,2.6
TXN0006187,29-05-2019,ITM0361,OUT006,CUS00390,11,1576.62,4.1
TXN0008848,18-08-2018,ITM0087,OUT041,CUS00836,15,1235.85,3.9
TXN0007072,24-02-2021,ITM0037,OUT034,CUS00571,15,785.35,4.7
TXN0004549,30-07-2021,ITM0093,OUT042,CUS00436,3,3399.40,
TXN0002515,08-12-2021,ITM0430,OUT026,CUS00322,3,2232.70,3.1
TXN0009387,10-08-2019,ITM0225,OUT020,CUS00033,13,3394.66,4.4
TXN0007157,30-07-2022,ITM0049,OUT010,CUS00051,10,3167.46,
TXN0002243,04-01-2021,ITM0456,OUT007,CUS00829,12,1125.73,3.7
TXN0002802,08-06-2019,ITM0205,OUT045,CUS00423,15,3275.23,4.4
TXN0009588,11-09-2023,ITM0148,OUT016,CUS00291,7,347.02,3.4
TXN0000752,12-03-2019,ITM0120,OUT037,CUS01226,9,4096.31,4.2
TXN0008560,,ITM0123,OUT047,CUS01573,16,1279.12,4.1
TXN0006410,07-10-2018,ITM0302,OUT003,CUS01988,1,3401.10,2.2
TXN0002313,24-12-2021,ITM0097,OUT038,CUS00056,2,,2.0
TXN0008111,22-09-2022,ITM0268,OUT044,CUS01710,,461.66,5.0
TXN0003745,23-06-2023,ITM0220,OUT014,CUS00926,20,753.33,4.1
TXN0009429,01-05-2023,ITM0481,OUT006,CUS01833,16,3716.76,1.3
TXN0009418,29-03-2018,ITM0430,OUT015,CUS01527,19,2601.37,3.8
TXN0000500,28-07-2019,ITM0289,OUT048,CUS00902,15,1667.30,4.4
TXN0007253,16-02-2022,ITM0466,OUT011,CUS00721,11,473.58,1.2
TXN0007222,16-10-2021,ITM0384,OUT008,CUS01847,10,724.35,3.4
TXN0008085,09-12-2023,ITM0164,OUT045,CUS00064,11,3036.67,2.9
TXN0005453,17-03-2020,ITM0446,OUT012,CUS01589,7,4180.54,2.4
TXN0000311,28-07-2018,ITM0169,OUT024,CUS01887,1,3611.58,4.4
TXN0009302,23-11-2019,ITM0082,OUT019,CUS00633,1,966.79,2.4
TXN0008069,24-01-2023,ITM0151,OUT029,CUS00356,3,3351.31,3.3
TXN0005069,03-02-2020,ITM0150,OUT013,CUS00293,1,1929.16,4.7
TXN0003938,06-09-2018,ITM0138,OUT001,CUS00290,13,3561.10,1.6
TXN0006011,21-09-2023,ITM0105,OUT046,CUS00090,4,2434.15,1.3
TXN0001520,02-08-2020,ITM0252,OUT043,CUS01938,15,2887.88,4.0
TXN0010420,14-04-2021,ITM0279,OUT016,CUS01550,7,2079.50,4.0
TXN0003705,21-06-2022,ITM0177,OUT007,CUS01282,18,312.10,2.3
TXN0009843,10-06-2020,ITM0399,OUT040,CUS00895,3,2194.52,4.8
TXN0003504,,ITM0467,OUT033,CUS01213,15,1973.37,1.1
TXN0007882,09-08-2023,ITM0030,OUT045,CUS01420,11,1585.60,3.1
TXN0006581,07-06-2019,ITM0321,OUT038,CUS00887,3,2427.57,4.4
TXN0000900,16-01-2020,ITM0401,OUT036,CUS00976,2,4611.62,1.3
TXN0003193,,ITM0178,OUT001,CUS00690,19,1952.89,4.3
TXN0010065,19-05-2020,ITM0217,OUT027,CUS01548,16,1999.23,3.2
TXN0003593,19-05-2022,ITM0269,OUT006,CUS00527,20,2017.86,3.2
TXN0005414,25-10-2023,ITM0475,OUT031,CUS00445,18,2387.83,3.8
TXN0009437,25-05-2023,ITM0012,OUT024,CUS00199,14,,3.7
TXN0009445,08-06-2022,ITM0487,OUT026,CUS00762,1,1217.59,4.5
TXN0002107,09-12-2018,ITM0174,OUT020,CUS01916,,41.71,4.3
TXN0001729,15-10-2022,ITM0444,OUT025,CUS01825,1,408.20,1.2
TXN0003550,07-08-2023,ITM0218,OUT013,CUS01986,10,3126.00,1.2
TXN0002096,08-02-2019,ITM0431,OUT031,CUS01370,11,1182.33,2.1
TXN0010401,29-07-2018,ITM0072,OUT031,CUS00371,11,3118.36,1.1
TXN0001414,05-09-2019,ITM0071,OUT014,CUS00210,12,3599.42,
TXN0003627,13-01-2021,ITM0308,OUT016,CUS00021,9,1714.65,2.9
TXN0009726,,ITM0087,OUT015,CUS01119,8,499.47,4.4
TXN0001394,21-07-2023,ITM0018,OUT047,CUS01613,7,1765.07,
TXN0003031,,ITM0457,OUT020,CUS00087,11,1730.03,3.6
TXN0004731,06-03-2021,ITM0071,OUT033,CUS00168,4,812.12,3.5
TXN0004753,27-03-2019,ITM0467,OUT008,CUS00800,10,2549.68,2.4
TXN0003218,16-11-2018,ITM0188,OUT031,CUS01834,14,2351.12,2.1
TXN0008851,28-03-2018,ITM0354,OUT049,CUS01098,14,1697.64,1.1
TXN0004329,17-05-2019,ITM0046,OUT012,CUS00396,11,3549.06,3.7
TXN0001196,01-05-2022,ITM0251,OUT043,CUS01427,18,1486.00,3.9
TXN0002983,09-03-2018,ITM0086,OUT030,CUS01910,5,3382.05,1.8
TXN0008544,06-02-2019,ITM0314,OUT018,CUS01818,17,2430.51,4.8
TXN0004300,26-02-2020,ITM0054,OUT022,CUS00271,4,2150.88,4.2
TXN0006805,13-10-2023,ITM0069,OUT047,CUS01496,6,2842.20,4.5
TXN0001252,13-03-2023,ITM0498,OUT019,CUS01590,12,2601.40,3.7
TXN0003855,13-08-2023,ITM0287,OUT043,CUS01191,4,140.49,
TXN0001143,16-10-2020,ITM0266,OUT031,CUS01577,13,1369.43,1.1
TXN0008737,18-02-2020,ITM0486,OUT036,CUS00723,20,4609.74,2.0
TXN0008091,24-11-2023,ITM0023,OUT034,CUS00766,6,2209.52,2.8
TXN0006019,16-07-2022,ITM0451,OUT031,CUS01716,10,,3.2
TXN0005159,16-10-2021,ITM0398,OUT039,CUS00348,17,4846.41,4.6
TXN0001417,03-10-2022,ITM0375,OUT013,CUS01335,19,,1.1
,,,,,,,
TXN0009442,20-03-2020,ITM0061,OUT017,CUS01798,18,1024.92,3.0
TXN0001547,24-06-2020,ITM0357,OUT024,CUS00646,15,2255.11,4.9
TXN0009307,05-09-2020,ITM0486,OUT040,CUS01571,15,4028.60,1.2
TXN0006995,24-02-2023,ITM0186,OUT010,CUS00700,19,4552.67,3.9
TXN0006799,06-09-2018,ITM0470,OUT012,CUS00190,5,4469.34,2.6
TXN0002131,28-10-2023,ITM0260,OUT024,CUS00927,19,1509.70,4.2
TXN0003498,05-02-2023,ITM0339,OUT042,CUS01904,7,3324.13,4.7
TXN0002295,14-10-2023,ITM0232,OUT002,CUS01593,11,,2.5
TXN0001564,09-07-2022,ITM0221,OUT026,CUS00773,20,2294.96,2.8
TXN0009557,26-04-2022,ITM0327,OUT043,CUS00113,17,2939.27,2.6
TXN0003206,06-07-2022,ITM0429,OUT050,CUS00657,16,2435.47,1.7
TXN0008443,15-01-2019,ITM0122,OUT021,CUS01555,17,2829.87,3.7
TXN0000149,16-05-2023,ITM0173,OUT031,CUS01640,19,1640.85,2.1
TXN0009761,23-04-2018,ITM0091,OUT021,CUS01539,20,4795.52,3.6
TXN0000118,31-08-2019,ITM0309,OUT039,CUS00357,1,853.19,1.9
TXN0006661,08-11-2022,ITM0195,OUT049,CUS00196,5,2262.89,
TXN0002478,,ITM0054,OUT011,CUS00117,15,1300.97,3.4
TXN0005232,24-01-2022,ITM0267,OUT029,CUS00108,1,1278.31,3.6
TXN0009346,07-06-2019,ITM0252,OUT045,CUS00085,2,3877.24,1.4
TXN0001156,28-02-2019,ITM0160,OUT046,CUS00439,13,563.43,2.5
TXN0003878,16-09-2018,ITM0217,OUT002,CUS00332,1,949.33,3.6
TXN0001663,01-07-2021,ITM0424,OUT033,CUS01286,20,2794.63,3.2
TXN0003980,10-12-2018,ITM0101,OUT049,CUS01897,7,2061.95,1.9
TXN0008622,05-11-2020,ITM0339,OUT018,CUS01514,18,2255.40,2.3
TXN0007623,19-10-2020,ITM0265,OUT018,CUS00975,10,2505.18,4.1
TXN0000564,08-07-2020,ITM0046,OUT002,CUS00502,1,3372.32,4.1
TXN0000616,16-01-2023,ITM0112,OUT009,CUS01522,8,2901.04,2.1
TXN0005951,11-01-2020,ITM0134,OUT043,CUS01681,20,4752.07,1.5
TXN0000038,01-11-2023,ITM0038,OUT024,CUS00063,12,4489.55,3.7
TXN0006047,10-01-2021,ITM0492,OUT043,CUS01884,20,1513.45,3.5
TXN0006086,29-05-2019,ITM0476,OUT034,CUS01933,4,2662.30,4.9
TXN0008119,15-10-2023,ITM0027,OUT008,CUS00464,13,4014.11,3.4
TXN0008459,14-09-2022,ITM0393,OUT010,CUS01707,17,3252.50,3.0
TXN0001111,15-10-2019,ITM0227,OUT048,CUS00985,18,4590.64,3.1
TXN0004250,20-08-2023,ITM0432,OUT009,CUS01556,16,2286.60,3.1
TXN0008052,13-11-2022,ITM0362,OUT008,CUS00511,17,899.09,4.2
TXN0000255,09-09-2023,ITM0110,OUT026,CUS00582,16,2472.15,2.4
TXN0009353,09-02-2019,ITM0037,OUT020,CUS01951,5,3781.88,
TXN0000298,21-01-2020,ITM0478,OUT045,CUS01604,13,1977.26,2.7
TXN0003687,08-10-2020,ITM0150,OUT016,CUS00863,2,4045.29,2.4
TXN0006573,03-04-2022,ITM0435,OUT033,CUS00232,9,1830.34,3.5
TXN0001553,29-09-2022,ITM0229,OUT022,CUS00581,13,1066.41,4.4
TXN0009961,,ITM0430,OUT018,CUS01559,3,1532.74,2.3
TXN0006539,26-06-2019,ITM0215,OUT049,CUS00819,20,1060.18,1.1
TXN0005280,31-07-2018,ITM0463,OUT021,CUS00515,5,1832.84,4.3
TXN0008916,09-02-2020,ITM0301,OUT050,CUS00598,11,1167.60,2.8
TXN0002217,25-04-2021,ITM0027,OUT004,CUS00298,20,1692.21,
TXN0003314,03-04-2021,ITM0013,OUT027,CUS01896,13,1420.62,2.8
TXN0006393,14-03-2022,ITM0037,OUT014,CUS01248,14,1128.56,2.4
TXN0007038,13-07-2021,ITM0189,OUT030,CUS01606,10,1937.15,2.9
TXN0000177,30-11-2019,ITM0073,OUT039,CUS00275,1,808.49,1.3
TXN0003243,09-06-2019,ITM0013,OUT037,CUS01437,5,4859.79,3.2
TXN0004313,31-07-2021,ITM0033,OUT025,CUS00590,18,1004.18,1.7
TXN0001838,30-01-2022,ITM0344,OUT041,CUS00505,20,3828.09,3.8
TXN0004286,01-10-2023,ITM0048,OUT024,CUS00742,11,,2.9
TXN0006206,29-04-2023,ITM0013,OUT046,CUS01110,20,1328.75,4.1
TXN0002940,26-09-2021,ITM0108,OUT006,CUS01506,1,4976.25,2.6
TXN0008742,30-10-2023,ITM0104,OUT026,CUS01719,4,1664.81,4.4
TXN0007744,08-02-2020,ITM0204,OUT003,CUS01509,7,864.18,4.2
TXN0003296,16-03-2018,ITM0480,OUT001,CUS00390,12,4963.01,4.1
TXN0002874,08-12-2021,ITM0274,OUT006,CUS01840,2,296.99,1.6
TXN0006151,01-06-2019,ITM0477,OUT010,CUS01298,7,1005.29,4.0
TXN0000889,18-02-2018,ITM0439,OUT032,CUS01433,1,4659.34,2.8
TXN0007869,09-12-2023,ITM0452,OUT014,CUS00994,5,2688.78,4.7
TXN0007683,03-07-2019,ITM0223,OUT044,CUS01346,15,4365.72,4.1
TXN0001054,26-09-2021,ITM0350,OUT026,CUS00646,7,,4.1
TXN0009143,31-01-2019,ITM0334,OUT045,CUS00104,4,2267.12,3.5
TXN0006297,12-01-2022,ITM0069,OUT045,CUS01063,16,3696.40,2.6
TXN0003428,14-06-2019,ITM0024,OUT025,CUS00555,5,3689.22,1.1
TXN0008141,27-02-2021,ITM0133,OUT009,CUS00330,13,885.95,2.5
TXN0008497,17-06-2023,ITM0282,OUT024,CUS00308,14,4719.30,4.3
TXN0004927,11-09-2019,ITM0456,OUT001,CUS01436,20,703.91,2.5
TXN0006308,14-04-2021,ITM0276,OUT034,CUS00756,5,676.81,4.2
TXN0000729,06-08-2021,ITM0386,OUT006,CUS01275,9,529.96,1.3
TXN0004861,24-03-2023,ITM0153,OUT047,CUS00476,4,2014.83,2.4
TXN0006409,02-02-2019,ITM0345,OUT034,CUS00849,1,3662.45,1.4
TXN0007011,22-04-2018,ITM0152,OUT008,CUS01254,6,1821.70,2.5
TXN0003660,01-04-2019,ITM0405,OUT039,CUS01759,6,3689.21,2.1
TXN0008436,16-03-2021,ITM0107,OUT036,CUS00026,1,1409.54,1.1
TXN0007867,09-09-2019,ITM0432,OUT049,CUS01767,11,3158.80,2.3
TXN0006926,08-12-2019,ITM0114,OUT041,CUS00737,7,4098.90,
TXN0002697,21-01-2021,ITM0449,OUT033,CUS00383,18,,3.7
TXN0003138,03-04-2019,ITM0123,OUT017,CUS00414,14,3519.27,3.1
TXN0003993,31-05-2023,ITM0107,OUT031,CUS00030,8,2148.16,1.8
TXN0006220,23-07-2019,ITM0214,OUT019,CUS01853,18,1347.56,4.0
TXN0008318,17-04-2018,ITM0054,OUT038,CUS01866,18,2716.60,1.2
TXN0000452,26-12-2018,ITM0023,OUT038,CUS00243,6,3238.43,
TXN0010492,20-10-2021,ITM0282,OUT019,CUS00369,2,2955.23,1.1
TXN0006652,12-12-2021,ITM0493,OUT048,CUS00157,8,,1.0
TXN0006641,26-03-2023,ITM0267,OUT027,CUS00222,18,3678.64,4.7
TXN0002378,23-06-2023,ITM0343,OUT049,CUS00117,20,,2.6
TXN0010416,18-11-2018,ITM0323,OUT025,CUS00395,16,3746.32,3.1
TXN0007717,25-10-2019,ITM0111,OUT050,CUS01922,6,2398.63,3.5
TXN0007758,15-09-2018,ITM0056,OUT042,CUS00367,13,3353.12,3.0
TXN0009074,09-12-2021,ITM0283,OUT015,CUS01159,,4017.03,4.2
TXN0009454,13-11-2018,ITM0035,OUT037,CUS00015,5,2297.32,2.8
TXN0010330,02-02-2021,ITM0179,OUT046,CUS00397,20,,2.4
TXN0006823,24-06-2021,ITM0228,OUT030,CUS00230,3,3952.53,2.3
TXN0003925,23-05-2019,ITM0296,OUT024,CUS00127,,2551.22,3.7
TXN0003032,02-01-2018,ITM0313,OUT021,CUS01251,2,748.80,3.7
TXN0001934,12-12-2022,ITM0045,OUT031,CUS01638,14,3991.64,2.7
TXN0008682,13-12-2023,ITM0107,OUT012,CUS01986,,,3.1
TXN0005856,20-02-2019,ITM0497,OUT003,CUS01718,6,2668.23,4.6
TXN0007425,22-02-2021,ITM0415,OUT043,CUS01312,6,2242.23,3.1
TXN0008952,03-08-2021,ITM0190,OUT008,CUS01199,4,3662.56,1.8
TXN0009470,18-03-2023,ITM0453,OUT050,CUS01639,2,1242.26,3.3
TXN0002019,06-11-2021,ITM0032,OUT031,CUS01280,17,3040.85,1.3
TXN0008508,17-11-2019,ITM0091,OUT022,CUS01064,2,4154.28,2.8
TXN0007926,23-01-2022,ITM0407,OUT041,CUS00633,4,71.14,4.4
TXN0000762,13-03-2021,ITM0020,OUT021,CUS00638,5,524.22,
TXN0000430,12-06-2021,ITM0317,OUT021,CUS01742,13,2458.86,4.9
TXN0006268,16-02-2023,ITM0010,OUT027,CUS01880,8,2414.27,3.5
TXN0006876,29-04-2020,ITM0349,OUT041,CUS01622,3,2207.10,2.2
TXN0003387,08-09-2023,ITM0025,OUT024,CUS01309,3,1076.88,3.6
TXN0007507,16-02-2021,ITM0281,OUT004,CUS00941,10,602.98,4.8
TXN0004252,26-05-2020,ITM0363,OUT026,CUS00137,1,2104.61,2.3
TXN0006853,24-01-2023,ITM0429,OUT047,CUS00174,3,4494.25,3.6
TXN0002427,,ITM0028,OUT026,CUS00504,8,1085.50,1.8
TXN0001968,30-06-2020,ITM0044,OUT016,CUS00657,4,2607.65,4.1
TXN0009594,07-05-2019,ITM0029,OUT002,CUS00858,10,364.62,3.5
TXN0008080,09-03-2020,ITM0156,OUT015,CUS00516,11,115.73,1.9
TXN0002189,26-09-2021,ITM0315,OUT020,CUS00151,5,3260.19,
TXN0010374,07-11-2019,ITM0485,OUT010,CUS00691,,4600.21,3.3
TXN0004132,22-10-2019,ITM0135,OUT040,CUS01121,2,695.45,4.0
TXN0002433,27-09-2019,ITM0295,OUT046,CUS00465,,1265.68,3.1
TXN0000745,25-08-2022,ITM0294,OUT014,CUS01077,19,525.75,3.0
TXN0001990,23-02-2021,ITM0377,OUT039,CUS01392,,58.00,2.6
TXN0003711,07-05-2018,ITM0193,OUT002,CUS00797,13,4621.82,4.2
TXN0004511,19-10-2018,ITM0468,OUT035,CUS01805,7,1823.38,4.4
TXN0008950,,ITM0319,OUT034,CUS01508,10,1545.41,3.9
TXN0002330,04-02-2023,ITM0279,OUT008,CUS00081,2,4797.36,4.5
TXN0008286,27-08-2019,ITM0275,OUT010,CUS00580,,3465.18,3.6
TXN0004500,17-11-2018,ITM0145,OUT010,CUS01332,11,1852.43,3.0
TXN0009176,29-08-2021,ITM0051,OUT028,CUS00025,1,4942.54,
TXN0008324,24-01-2021,ITM0485,OUT034,CUS01817,16,4132.31,2.4
TXN0009047,20-01-2022,ITM0159,OUT047,CUS00966,15,4630.02,2.2
TXN0009615,12-07-2018,ITM0021,OUT003,CUS01946,1,3712.34,3.0
TXN0002782,23-03-2023,ITM0075,OUT050,CUS00356,15,2514.91,3.1
TXN0007258,24-11-2023,ITM0310,OUT007,CUS01778,18,3412.94,2.5
TXN0000144,27-02-2021,ITM0150,OUT048,CUS00454,10,2075.60,4.0
TXN0007137,23-08-2019,ITM0254,OUT035,CUS00545,2,1130.17,1.7
TXN0003511,24-07-2018,ITM0363,OUT014,CUS01310,18,3768.88,3.4
TXN0005770,06-05-2021,ITM0071,OUT015,CUS01483,14,2089.21,3.6
TXN0000449,22-09-2022,ITM0360,OUT049,CUS01181,13,4383.23,1.5
TXN0004838,06-06-2020,ITM0339,OUT035,CUS01936,14,2603.61,1.1
TXN0001064,23-01-2020,ITM0311,OUT003,CUS00885,,756.84,3.7
TXN0009392,10-04-2018,ITM0142,OUT037,CUS00922,11,4046.09,4.6
TXN0009447,31-03-2019,ITM0092,OUT037,CUS01006,17,2525.83,3.5
TXN0006895,22-05-2022,ITM0491,OUT019,CUS00183,5,1713.29,2.0
TXN0004770,08-12-2021,ITM0321,OUT026,CUS00109,2,,3.5
TXN0005253,19-07-2019,ITM0169,OUT042,CUS01507,20,3959.07,3.9
TXN0003226,31-12-2018,ITM0396,OUT046,CUS01596,17,114.14,2.9
TXN0000297,28-11-2020,ITM0163,OUT049,CUS00208,5,1182.04,5.0
TXN0002337,26-07-2019,ITM0179,OUT033,CUS00336,3,1714.08,
TXN0006591,28-07-2018,ITM0330,OUT029,CUS01514,9,4637.51,4.4
TXN0004992,13-03-2021,ITM0334,OUT025,CUS01866,19,1745.93,2.5
TXN0008174,19-05-2021,ITM0033,OUT017,CUS01995,11,2705.14,5.0
TXN0000204,27-08-2023,ITM0106,OUT026,CUS01502,19,4236.43,4.4
TXN0008019,23-02-2022,ITM0475,OUT011,CUS00107,2,2404.23,
TXN0003078,17-03-2023,ITM0140,OUT041,CUS00449,3,2552.29,4.8
TXN0007822,28-07-2022,ITM0311,OUT020,CUS00584,1,4822.70,1.0
TXN0000736,28-04-2020,ITM0290,OUT025,CUS01215,17,4437.00,2.0
TXN0001667,17-11-2021,ITM0214,OUT031,CUS00423,12,1138.85,
TXN0005914,29-01-2020,ITM0410,OUT015,CUS00300,15,4843.00,1.2
TXN0008425,06-08-2018,ITM0241,OUT014,CUS01659,7,1655.35,2.6
TXN0006052,02-11-2019,ITM0175,OUT021,CUS00186,10,2143.81,1.2
TXN0009290,,ITM0180,OUT020,CUS01980,11,,1.7
TXN0000127,08-07-2023,ITM0396,OUT008,CUS01338,18,1386.14,2.3
TXN0005315,16-08-2020,ITM0048,OUT035,CUS01493,,4690.30,3.7
TXN0001935,16-01-2020,ITM0388,OUT025,CUS00981,4,1326.03,1.7
TXN0007050,25-10-2019,ITM0053,OUT034,CUS01871,15,4241.02,3.7
TXN0008345,01-01-2020,ITM0303,OUT040,CUS00029,5,1304.58,2.0
TXN0000515,31-05-2018,ITM0199,OUT036,CUS01243,8,,2.9
TXN0004854,03-01-2022,ITM0358,OUT035,CUS00857,3,2053.60,1.4
TXN0005481,29-01-2018,ITM0126,OUT020,CUS00960,19,1078.19,2.0
TXN0009321,07-08-2021,ITM0293,OUT045,CUS01967,9,2248.18,
TXN0008901,17-11-2018,ITM0234,OUT036,CUS00591,11,1970.15,1.5
TXN0008017,28-02-2022,ITM0198,OUT042,CUS01360,2,34.99,3.7
TXN0007348,03-05-2022,ITM0237,OUT023,CUS01100,10,3176.35,1.9
TXN0007339,18-03-2018,ITM0074,OUT009,CUS01418,3,,4.0
TXN0006170,25-03-2018,ITM0145,OUT001,CUS01604,14,2608.49,3.6
TXN0008112,,ITM0405,OUT016,CUS01168,18,2991.17,3.3
TXN0004043,24-07-2023,ITM0161,OUT049,CUS00623,11,3756.78,1.0
TXN0005030,21-07-2022,ITM0439,OUT034,CUS01791,9,1142.00,3.4
TXN0009225,12-12-2022,ITM0263,OUT047,CUS00493,12,4010.94,3.6
TXN0005766,03-05-2020,ITM0393,OUT017,CUS00821,6,3463.69,1.8
TXN0005977,,ITM0150,OUT002,CUS01536,19,2942.05,2.2
TXN0000308,28-08-2018,ITM0310,OUT004,CUS00165,3,1021.15,3.4
TXN0000651,15-10-2019,ITM0035,OUT044,CUS00677,18,1945.60,4.1
TXN0002175,02-12-2021,ITM0252,OUT013,CUS01816,8,3990.43,2.3
TXN0008509,24-06-2021,ITM0409,OUT012,CUS00087,12,395.89,2.5
TXN0009101,02-11-2021,ITM0137,OUT050,CUS00806,13,,
TXN0001472,25-01-2021,ITM0223,OUT001,CUS00792,19,2831.81,2.2
TXN0001042,16-10-2023,ITM0380,OUT008,CUS01532,8,2937.69,4.7
TXN0001001,13-08-2018,ITM0491,OUT008,CUS01367,2,1653.04,
TXN0006017,07-05-2018,ITM0489,OUT033,CUS01995,10,2044.13,4.7
TXN0007089,26-05-2023,ITM0010,OUT043,CUS00375,3,4410.51,2.9
TXN0007282,07-03-2022,ITM0185,OUT006,CUS00023,9,3134.17,
TXN0007382,24-12-2018,ITM0470,OUT046,CUS00420,13,4091.90,1.7
TXN0005963,12-11-2018,ITM0058,OUT027,CUS01548,19,,1.6
TXN0003961,24-01-2022,ITM0262,OUT020,CUS00783,10,4603.87,3.6
TXN0008893,14-09-2022,ITM0191,OUT050,CUS01789,10,3806.44,4.1
TXN0004598,15-05-2023,ITM0121,OUT027,CUS01664,6,2786.32,2.4
TXN0005900,04-04-2020,ITM0222,OUT025,CUS00346,2,3463.84,4.3
TXN0002205,11-06-2023,ITM0114,OUT043,CUS00258,1,1228.83,4.2
TXN0006049,25-11-2020,ITM0232,OUT007,CUS01826,13,4083.27,2.0
TXN0005716,06-07-2023,ITM0237,OUT026,CUS01310,10,1317.66,1.2
TXN0002555,28-08-2018,ITM0057,OUT008,CUS00198,10,3064.64,3.4
TXN0008077,01-02-2019,ITM0085,OUT018,CUS01467,14,3456.83,3.5
TXN0007477,23-08-2020,ITM0400,OUT027,CUS00713,13,,5.0
TXN0000068,10-03-2021,ITM0451,OUT040,CUS01263,6,331.40,1.4
TXN0001443,03-02-2023,ITM0337,OUT005,CUS00264,7,2460.62,4.5
TXN0006424,20-06-2022,ITM0473,OUT035,CUS01958,19,856.96,1.4
TXN0002686,,ITM0398,OUT020,CUS01411,13,1319.08,1.2
TXN0003385,27-06-2018,ITM0311,OUT025,CUS01814,4,2473.71,1.5
TXN0007019,,ITM0270,OUT039,CUS00137,12,4366.47,1.6
TXN0009039,14-03-2020,ITM0007,OUT005,CUS00600,4,2953.28,2.1
TXN0002106,01-09-2019,ITM0039,OUT019,CUS01239,2,4111.39,
TXN0001234,08-06-2020,ITM0286,OUT050,CUS00028,9,,2.1
TXN0002219,12-04-2020,ITM0331,OUT034,CUS00239,9,2070.03,3.1
TXN0000975,29-10-2018,ITM0416,OUT008,CUS01885,9,4189.61,1.6
TXN0006374,23-10-2022,ITM0319,OUT036,CUS00679,12,1004.89,4.1
TXN0010439,23-01-2021,ITM0406,OUT042,CUS00570,19,949.07,2.9
TXN0004153,12-07-2018,ITM0328,OUT010,CUS01433,2,4258.22,
TXN0009338,22-01-2021,ITM0292,OUT038,CUS01973,19,3030.25,3.3
TXN0002722,27-01-2022,ITM0388,OUT033,CUS01094,13,2430.10,1.6
TXN0002326,19-06-2020,ITM0055,OUT044,CUS01846,,1739.37,5.0
TXN0009114,10-09-2022,ITM0325,OUT034,CUS00805,12,3353.28,3.9
TXN0000268,26-01-2018,ITM0151,OUT009,CUS00377,12,2279.39,4.9
TXN0004304,,ITM0102,OUT008,CUS00317,3,4977.87,
TXN0010384,24-07-2018,ITM0305,OUT029,CUS00562,14,3279.81,1.5
TXN0003009,,ITM0402,OUT018,CUS01970,2,1257.41,3.0
TXN0004807,,ITM0383,OUT024,CUS00629,10,2972.00,3.1
TXN0004128,16-05-2023,ITM0023,OUT050,CUS01815,7,754.68,2.2
TXN0005817,11-08-2021,ITM0114,OUT005,CUS00774,15,3901.89,
TXN0000519,15-05-2018,ITM0141,OUT046,CUS01684,9,1793.81,3.4
TXN0006082,14-07-2022,ITM0334,OUT038,CUS01078,6,2810.31,1.7
TXN0010158,28-05-2018,ITM0443,OUT042,CUS00314,17,3845.09,4.5
TXN0003548,20-06-2018,ITM0211,OUT009,CUS01032,15,1090.73,3.0
TXN0004855,14-07-2021,ITM0264,OUT005,CUS00548,2,117.06,3.2
TXN0006408,06-10-2020,ITM0437,OUT024,CUS00785,2,346.55,4.0
TXN0001635,28-11-2022,ITM0074,OUT027,CUS01156,11,14.60,3.3
TXN0008899,16-11-2018,ITM0206,OUT004,CUS01946,,505.42,5.0
TXN0002102,10-02-2019,ITM0286,OUT027,CUS01375,18,1579.02,1.7
TXN0000855,10-12-2019,ITM0495,OUT047,CUS01299,16,1768.46,2.0
TXN0008224,12-06-2022,ITM0040,OUT006,CUS00512,5,4090.50,4.1
TXN0009720,03-04-2023,ITM0399,OUT015,CUS01789,10,1026.35,2.4
TXN0000339,08-07-2023,ITM0138,OUT036,CUS00828,19,541.97,3.5
TXN0001724,16-11-2018,ITM0496,OUT010,CUS01053,1,1989.16,1.2
TXN0010038,13-06-2020,ITM0315,OUT033,CUS00980,19,357.57,3.3
TXN0002278,18-05-2022,ITM0381,OUT039,CUS00427,1,613.49,3.4
TXN0009981,07-09-2019,ITM0066,OUT028,CUS01477,8,3548.09,3.1
TXN0007636,19-11-2019,ITM0368,OUT024,CUS00009,15,597.32,2.4
TXN0008361,27-08-2020,ITM0467,OUT038,CUS00099,11,2896.31,2.1
TXN0009076,03-09-2023,ITM0151,OUT021,CUS01795,17,4480.04,
TXN0008629,06-12-2019,ITM0232,OUT020,CUS00422,13,3480.55,2.5
TXN0004182,03-11-2022,ITM0097,OUT018,CUS00550,20,118.81,4.0
TXN0006074,17-03-2018,ITM0152,OUT026,CUS00416,11,3352.35,
TXN0007722,23-03-2021,ITM0204,OUT015,CUS00880,20,4477.85,2.5
TXN0007189,30-11-2019,ITM0202,OUT043,CUS00092,17,1992.22,2.6
TXN0002584,31-10-2023,ITM0322,OUT050,CUS01791,12,531.73,1.5
TXN0006205,,ITM0378,OUT035,CUS01529,4,1945.60,3.9
TXN0004800,19-05-2021,ITM0119,OUT004,CUS00026,5,1563.37,1.4
TXN0003761,25-03-2021,ITM0358,OUT010,CUS01747,3,3660.16,3.7
TXN0000208,03-06-2021,ITM0055,OUT036,CUS00712,14,3337.12,3.9
TXN0002195,,ITM0416,OUT034,CUS01738,16,2567.94,1.5
TXN0006150,10-01-2018,ITM0468,OUT033,CUS01602,14,1707.94,2.1
TXN0001290,21-12-2022,ITM0124,OUT029,CUS01015,6,4536.55,3.6
TXN0005111,18-08-2022,ITM0082,OUT040,CUS01788,4,3671.56,3.9
TXN0007353,28-09-2021,ITM0171,OUT046,CUS01356,10,4669.63,2.2
TXN0006071,27-12-2019,ITM0292,OUT014,CUS00077,4,1570.49,4.5
TXN0001691,23-01-2019,ITM0254,OUT050,CUS01042,2,691.63,4.5
TXN0007525,01-09-2020,ITM0212,OUT031,CUS01699,19,2162.74,1.4
TXN0003489,01-09-2021,ITM0249,OUT008,CUS00630,13,3423.82,1.9
TXN0006392,21-03-2018,ITM0347,OUT001,CUS01306,14,416.46,3.5
TXN0005717,11-03-2020,ITM0092,OUT002,CUS00022,18,3285.42,4.3
TXN0006984,09-02-2019,ITM0043,OUT041,CUS01356,10,,4.2
TXN0005294,18-08-2021,ITM0403,OUT008,CUS00846,18,1488.95,2.2
TXN0003568,16-10-2019,ITM0313,OUT033,CUS01581,7,2649.17,2.8
TXN0008672,13-11-2019,ITM0222,OUT038,CUS00814,3,2899.12,2.4
TXN0007391,25-04-2022,ITM0179,OUT017,CUS01841,17,4265.23,4.3
TXN0006115,15-11-2018,ITM0248,OUT007,CUS01481,10,4100.52,4.2
TXN0002689,16-12-2019,ITM0069,OUT032,CUS00775,8,2908.45,4.3
TXN0000320,11-11-2023,ITM0276,OUT015,CUS01184,5,3836.55,1.8
TXN0008099,23-08-2021,ITM0396,OUT048,CUS00526,12,4302.08,2.3
TXN0007184,02-08-2020,ITM0087,OUT015,CUS01503,14,1838.45,2.1
TXN0007644,24-07-2023,ITM0011,OUT018,CUS01593,3,2547.95,1.2
TXN0006084,16-03-2020,ITM0184,OUT003,CUS01645,18,4882.76,
TXN0001242,23-06-2022,ITM0281,OUT039,CUS01880,14,2182.58,1.5
TXN0010194,02-03-2018,ITM0145,OUT036,CUS00270,8,3513.80,1.7
TXN0007956,25-12-2021,ITM0437,OUT022,CUS00597,15,3843.32,2.8
TXN0010180,05-05-2019,ITM0430,OUT033,CUS01114,6,2575.69,2.9
TXN0000811,,ITM0031,OUT020,CUS00608,1,4414.44,4.8
TXN0001710,08-04-2020,ITM0091,OUT049,CUS00994,11,2524.98,1.9
TXN0001377,18-10-2019,ITM0288,OUT028,CUS01050,1,2059.24,4.2
TXN0001178,05-04-2023,ITM0045,OUT049,CUS01331,18,2805.98,2.0
TXN0009999,13-11-2020,ITM0340,OUT030,CUS01690,7,1639.65,5.0
TXN0003047,30-10-2019,ITM0073,OUT034,CUS00053,12,1599.38,4.9
TXN0002714,22-09-2021,ITM0210,OUT033,CUS00335,,3538.98,2.0
TXN0009433,28-01-2021,ITM0241,OUT010,CUS01968,1,4012.98,1.9
TXN0000732,22-12-2021,ITM0482,OUT002,CUS00763,12,2009.95,2.5
TXN0008331,18-12-2022,ITM0188,OUT031,CUS00123,11,3635.17,2.1
TXN0005002,29-09-2022,ITM0078,OUT049,CUS01027,,4586.66,1.7
TXN0004628,26-05-2023,ITM0102,OUT014,CUS00980,18,3479.56,3.1
TXN0009384,30-06-2022,ITM0027,OUT047,CUS01271,20,1002.36,1.4
TXN0007082,25-06-2022,ITM0184,OUT004,CUS00351,17,538.08,3.0
TXN0010441,23-04-2023,ITM0010,OUT029,CUS00129,13,739.53,3.1
TXN0006687,06-04-2019,ITM0450,OUT002,CUS01635,9,706.32,4.9
TXN0007534,24-11-2020,ITM0021,OUT003,CUS01894,10,4712.78,1.8
TXN0003103,10-12-2021,ITM0312,OUT049,CUS00489,20,2996.30,2.5
TXN0003965,13-10-2019,ITM0212,OUT005,CUS01931,9,2494.32,3.7
TXN0008856,29-09-2019,ITM0027,OUT005,CUS01718,18,4080.64,1.3
TXN0006505,23-09-2023,ITM0407,OUT049,CUS00022,5,142.56,4.1
TXN0004429,08-03-2023,ITM0474,OUT026,CUS01498,10,1692.84,1.8
TXN0009098,26-07-2022,ITM0316,OUT032,CUS01993,15,2321.24,4.7
TXN0000562,20-08-2021,ITM0296,OUT002,CUS00846,4,1364.55,2.3
TXN0000213,25-04-2021,ITM0176,OUT028,CUS01145,13,1522.05,4.8
TXN0000598,,ITM0114,OUT049,CUS00706,16,2757.51,3.2
TXN0000013,04-11-2019,ITM0118,OUT048,CUS01556,16,3196.58,
TXN0009851,29-08-2020,ITM0343,OUT023,CUS01960,12,4019.29,4.6
TXN0009514,15-10-2018,ITM0459,OUT035,CUS01298,6,2895.77,2.5
TXN0005066,,ITM0405,OUT018,CUS01839,,2963.61,3.3
TXN0005306,14-12-2019,ITM0222,OUT013,CUS01752,4,4975.15,2.9
TXN0006522,29-08-2018,ITM0333,OUT027,CUS00410,4,3983.95,2.8
TXN0005650,26-03-2023,ITM0143,OUT017,CUS01306,13,1825.42,
TXN0006826,12-03-2023,ITM0161,OUT012,CUS01053,7,2557.11,2.0
TXN0001911,29-04-2020,ITM0455,OUT047,CUS00197,,2777.34,3.6
TXN0000487,22-08-2021,ITM0278,OUT016,CUS01989,1,2581.42,4.1
TXN0009898,21-06-2023,ITM0133,OUT017,CUS01110,2,2087.06,4.5
TXN0004512,,ITM0423,OUT038,CUS00213,12,764.13,2.5
TXN0007775,17-07-2022,ITM0170,OUT032,CUS01256,8,3307.94,4.6
TXN0008381,18-03-2019,ITM0049,OUT025,CUS00970,15,2721.36,1.8
TXN0009662,24-11-2019,ITM0331,OUT027,CUS01010,7,3939.74,2.5
TXN0003634,12-11-2018,ITM0263,OUT001,CUS01078,16,,2.7
TXN0000390,21-10-2022,ITM0126,OUT014,CUS00056,13,176.00,2.8
TXN0007776,05-08-2018,ITM0159,OUT012,CUS01682,10,2886.10,3.6
TXN0006467,01-12-2018,ITM0324,OUT003,CUS01828,15,61.80,1.2
TXN0005274,04-11-2019,ITM0316,OUT015,CUS01515,16,2525.95,2.6
TXN0010227,28-04-2019,ITM0190,OUT015,CUS00352,2,4635.41,2.0
TXN0002257,22-09-2018,ITM0078,OUT036,CUS01818,1,3399.07,1.3
TXN0005657,21-11-2021,ITM0026,OUT014,CUS01883,15,4271.25,2.9
TXN0010039,30-04-2022,ITM0474,OUT041,CUS00675,7,4869.06,2.9
TXN0008517,28-11-2023,ITM0351,OUT007,CUS01932,,3119.50,1.1
TXN0009107,09-06-2018,ITM0115,OUT033,CUS00949,8,2609.27,1.1
TXN0002721,15-08-2022,ITM0155,OUT017,CUS00625,14,1162.35,4.3
TXN0010285,09-08-2023,ITM0279,OUT040,CUS01711,3,3676.92,3.6
TXN0004237,27-01-2021,ITM0057,OUT048,CUS00766,13,1605.41,1.9
TXN0002262,03-05-2023,ITM0176,OUT031,CUS00928,16,3709.27,4.6
TXN0006440,09-11-2023,ITM0329,OUT013,CUS01404,4,588.58,1.6
TXN0005056,25-04-2022,ITM0196,OUT032,CUS01566,6,3276.43,1.4
TXN0003779,17-10-2018,ITM0443,OUT019,CUS01839,14,3275.08,4.9
TXN0005813,07-10-2018,ITM0333,OUT018,CUS01519,18,1320.86,4.4
TXN0001230,03-11-2022,ITM0364,OUT042,CUS01598,8,249.85,1.5
TXN0010012,06-09-2018,ITM0382,OUT047,CUS00629,5,4899.96,3.0
TXN0000200,01-12-2019,ITM0290,OUT011,CUS00704,11,3062.06,2.8
TXN0005956,05-05-2020,ITM0301,OUT024,CUS00796,18,,2.6
TXN0006649,25-02-2020,ITM0233,OUT050,CUS01589,6,1046.53,3.8
TXN0000302,29-03-2019,ITM0183,OUT017,CUS01178,,762.57,2.0
TXN0010497,20-10-2023,ITM0247,OUT027,CUS01764,12,3985.81,1.7
TXN0001464,21-04-2018,ITM0028,OUT003,CUS00739,5,,2.0
TXN0005325,15-10-2022,ITM0326,OUT036,CUS00368,13,1857.39,2.5
TXN0009024,05-01-2021,ITM0380,OUT001,CUS00958,20,450.42,3.8
TXN0008426,26-09-2018,ITM0176,OUT027,CUS00218,13,4012.15,2.6
TXN0007828,08-11-2023,ITM0417,OUT008,CUS00988,3,3124.25,4.1
TXN0004668,18-10-2022,ITM0349,OUT044,CUS01456,1,268.21,
TXN0006558,28-01-2019,ITM0355,OUT043,CUS01548,20,4951.68,4.8
TXN0000712,14-02-2019,ITM0272,OUT003,CUS00632,17,4738.74,1.9
TXN0005714,31-12-2023,ITM0426,OUT013,CUS01403,16,2964.97,2.3
TXN0009525,20-05-2022,ITM0449,OUT026,CUS01890,18,3731.53,4.5
TXN0010105,23-03-2018,ITM0112,OUT050,CUS01509,3,4656.50,4.2
TXN0010442,20-07-2018,ITM0217,OUT010,CUS00845,7,3350.49,4.0
TXN0007260,27-03-2022,ITM0256,OUT035,CUS01465,19,2419.94,4.8
TXN0001505,12-01-2021,ITM0430,OUT029,CUS00765,13,2207.58,1.8
TXN0008675,01-04-2020,ITM0139,OUT041,CUS00587,2,3926.37,3.8
TXN0001716,24-12-2022,ITM0408,OUT040,CUS00318,6,3762.98,3.3
TXN0001824,02-02-2018,ITM0090,OUT031,CUS01757,10,17.81,2.9
TXN0009916,12-06-2019,ITM0131,OUT038,CUS00032,20,3169.96,2.1
TXN0009022,26-11-2018,ITM0046,OUT016,CUS00184,12,756.64,
TXN0003108,18-06-2021,ITM0442,OUT029,CUS00512,8,893.06,5.0
TXN0010024,01-07-2018,ITM0161,OUT004,CUS01570,10,4389.86,3.2
TXN0004904,,ITM0260,OUT009,CUS00810,7,118.14,2.2
TXN0005720,24-01-2022,ITM0161,OUT022,CUS00985,,1998.42,1.3
TXN0007569,06-11-2023,ITM0293,OUT050,CUS00926,6,2029.68,3.7
TXN0008855,15-09-2023,ITM0438,OUT031,CUS00235,,1778.73,2.8
TXN0004538,15-12-2020,ITM0321,OUT014,CUS00369,18,2754.00,
TXN0000048,16-09-2022,ITM0031,OUT023,CUS01932,18,371.72,4.2
TXN0009407,05-02-2019,ITM0380,OUT043,CUS00985,17,1396.01,1.4
TXN0010091,25-11-2022,ITM0439,OUT042,CUS00034,14,1690.68,1.1
TXN0009354,11-04-2023,ITM0070,OUT018,CUS00926,6,3464.48,4.9
TXN0009627,04-12-2022,ITM0300,OUT044,CUS01210,15,2544.58,1.3
TXN0006132,30-10-2023,ITM0135,OUT009,CUS01970,4,4927.19,2.6
TXN0005385,11-04-2021,ITM0036,OUT036,CUS01991,11,974.56,1.3
TXN0003754,12-06-2023,ITM0209,OUT028,CUS01626,3,1470.59,4.2
TXN0002615,20-12-2019,ITM0081,OUT032,CUS01686,14,3157.99,3.5
TXN0005302,12-08-2018,ITM0155,OUT037,CUS00381,20,1894.86,
TXN0005301,01-07-2023,ITM0289,OUT014,CUS01239,1,4369.37,3.0
TXN0008602,26-06-2023,ITM0012,OUT044,CUS00651,16,2003.81,3.3
TXN0001621,10-09-2018,ITM0115,OUT032,CUS00348,8,3240.18,1.5
TXN0004045,27-08-2019,ITM0303,OUT021,CUS01917,3,1285.97,1.5
TXN0004905,14-05-2021,ITM0134,OUT030,CUS00892,6,3364.85,3.7
TXN0000262,13-02-2019,ITM0196,OUT014,CUS00103,,548.33,2.2
TXN0005554,28-08-2020,ITM0219,OUT046,CUS00238,3,1620.16,4.0
TXN0002873,12-11-2023,ITM0107,OUT019,CUS00362,20,135.08,
TXN0001291,23-01-2018,ITM0133,OUT022,CUS01798,1,2800.20,2.6
TXN0000492,24-05-2021,ITM0427,OUT013,CUS00413,17,1307.46,
TXN0008555,16-04-2023,ITM0105,OUT042,CUS01779,11,2724.52,1.9
TXN0007574,12-07-2018,ITM0023,OUT004,CUS01320,6,4591.28,2.4
TXN0002426,29-10-2023,ITM0441,OUT039,CUS01779,15,1381.23,4.6
TXN0008499,13-06-2019,ITM0496,OUT036,CUS00298,5,4240.09,2.6
TXN0008992,13-08-2021,ITM0452,OUT028,CUS00507,,1669.84,2.0
TXN0006353,28-10-2018,ITM0496,OUT003,CUS00268,3,721.19,1.8
TXN0007996,28-08-2018,ITM0290,OUT003,CUS01027,11,1146.57,
TXN0002807,14-10-2019,ITM0064,OUT028,CUS00169,,3610.71,2.1
TXN0008727,23-03-2021,ITM0470,OUT016,CUS01687,13,4034.14,4.3
TXN0007456,05-10-2023,ITM0455,OUT044,CUS01156,2,4778.87,2.2
TXN0002109,18-01-2018,ITM0458,OUT030,CUS01406,7,4557.56,3.7
TXN0005429,30-12-2019,ITM0465,OUT001,CUS01872,7,3363.42,2.1
TXN0010148,04-12-2019,ITM0050,OUT034,CUS01502,7,324.62,3.3
TXN0004155,14-02-2021,ITM0456,OUT031,CUS01589,6,706.65,4.2
TXN0006656,27-04-2019,ITM0381,OUT030,CUS01342,1,267.13,3.0
TXN0001820,18-07-2023,ITM0426,OUT023,CUS00599,19,2442.20,3.0
TXN0000465,29-01-2018,ITM0243,OUT047,CUS00182,18,1877.53,2.0
TXN0004428,15-04-2019,ITM0466,OUT043,CUS01416,16,162.18,1.1
TXN0006780,22-10-2023,ITM0235,OUT047,CUS00227,11,2312.24,
TXN0005526,22-01-2018,ITM0379,OUT048,CUS01950,20,3262.54,4.3
TXN0006195,02-05-2019,ITM0437,OUT003,CUS01681,2,4255.95,4.0
TXN0007573,14-08-2023,ITM0488,OUT049,CUS00395,13,4766.74,1.8
TXN0003380,27-07-2020,ITM0153,OUT031,CUS00959,14,4973.43,1.8
TXN0003128,31-03-2022,ITM0434,OUT037,CUS01729,19,2721.83,3.7
TXN0010126,12-02-2019,ITM0083,OUT019,CUS01926,20,2624.76,3.1
TXN0006109,05-06-2022,ITM0071,OUT047,CUS00481,,2869.52,4.3
TXN0006684,,ITM0472,OUT040,CUS01978,11,2170.93,4.1
TXN0010017,17-01-2020,ITM0074,OUT024,CUS01186,1,209.90,1.3
TXN0004215,08-10-2021,ITM0215,OUT021,CUS00148,15,4926.13,
TXN0000010,24-02-2021,ITM0409,OUT034,CUS01310,13,3548.61,4.4
TXN0009673,13-09-2020,ITM0469,OUT033,CUS00095,6,1687.63,4.7
TXN0008446,,ITM0394,OUT008,CUS00331,11,2723.20,2.5
TXN0002067,30-09-2020,ITM0426,OUT021,CUS01532,18,2356.85,2.9
TXN0003819,25-03-2021,ITM0134,OUT041,CUS00062,5,4841.04,2.3
TXN0002514,11-07-2018,ITM0085,OUT020,CUS00900,15,2700.92,4.4
TXN0004148,,ITM0007,OUT034,CUS01033,18,,1.8
TXN0004740,27-08-2021,ITM0001,OUT019,CUS00753,13,4820.96,3.8
TXN0005179,25-05-2022,ITM0282,OUT010,CUS00089,12,3483.05,4.2
TXN0003957,17-08-2018,ITM0144,OUT038,CUS01317,14,2117.92,3.4
TXN0004721,30-01-2021,ITM0369,OUT020,CUS01743,19,1591.15,2.1
TXN0001538,10-01-2019,ITM0270,OUT019,CUS00135,9,,2.3
TXN0006909,29-09-2021,ITM0135,OUT004,CUS00846,2,,4.7
TXN0009654,26-07-2021,ITM0202,OUT038,CUS01939,7,3564.64,1.8
TXN0002167,13-08-2021,ITM0403,OUT034,CUS01772,14,3511.31,1.2
TXN0008875,14-06-2023,ITM0099,OUT035,CUS00899,11,33.08,4.1
TXN0000360,24-12-2023,ITM0354,OUT015,CUS01762,11,4512.90,1.8
TXN0007526,12-07-2022,ITM0473,OUT036,CUS00903,20,381.89,1.1
TXN0002906,23-02-2018,ITM0412,OUT024,CUS00854,11,1044.35,1.7
TXN0006760,11-04-2019,ITM0370,OUT033,CUS00505,9,,
TXN0005213,16-05-2021,ITM0045,OUT023,CUS00425,,4612.68,4.0
TXN0007115,15-06-2019,ITM0459,OUT045,CUS00347,15,1870.10,
TXN0003871,15-06-2021,ITM0099,OUT032,CUS00790,9,,2.4
TXN0008405,06-07-2023,ITM0183,OUT017,CUS00363,18,668.24,1.7
TXN0001909,03-12-2020,ITM0225,OUT042,CUS01027,7,3549.49,2.3
TXN0009177,08-06-2021,ITM0331,OUT001,CUS00509,11,2204.86,3.5
TXN0010112,,ITM0299,OUT050,CUS01227,13,3673.60,2.3
TXN0001082,05-04-2023,ITM0077,OUT023,CUS01363,10,264.47,1.1
TXN0009737,21-02-2023,ITM0369,OUT002,CUS00762,11,4564.62,2.3
TXN0000124,14-09-2023,ITM0440,OUT048,CUS01160,5,94.27,5.0
TXN0005256,24-09-2018,ITM0371,OUT024,CUS01330,5,,3.6
TXN0008369,26-08-2018,ITM0173,OUT001,CUS01089,11,876.15,4.3
TXN0005957,30-10-2018,ITM0137,OUT010,CUS00878,20,2983.50,3.3
TXN0007945,10-07-2023,ITM0185,OUT034,CUS01839,5,1409.69,1.5
TXN0010046,21-10-2018,ITM0187,OUT029,CUS00748,10,,4.6
TXN0000719,,ITM0071,OUT037,CUS01053,15,3936.36,4.1
TXN0001137,06-09-2020,ITM0357,OUT046,CUS00418,17,1458.87,1.1
TXN0000761,08-12-2021,ITM0214,OUT018,CUS00017,20,3510.74,3.1
TXN0009641,01-08-2022,ITM0476,OUT030,CUS00528,15,3135.70,2.2
TXN0009178,08-12-2022,ITM0214,OUT009,CUS00232,12,1210.32,1.1
TXN0007807,29-08-2019,ITM0411,OUT045,CUS00671,16,1333.26,4.2
TXN0008434,11-06-2023,ITM0291,OUT002,CUS01436,14,3458.74,1.3
TXN0004542,21-11-2023,ITM0051,OUT040,CUS00835,16,480.81,3.8
TXN0006412,06-03-2021,ITM0494,OUT030,CUS01930,4,4979.93,2.2
TXN0003631,16-01-2021,ITM0437,OUT023,CUS01175,6,1281.46,2.6
TXN0001828,14-08-2021,ITM0001,OUT031,CUS01869,16,249.96,3.6
TXN0002869,07-09-2020,ITM0328,OUT015,CUS01548,20,2993.11,2.0
TXN0007649,12-09-2020,ITM0013,OUT050,CUS01978,9,4117.05,3.4
TXN0009784,22-12-2021,ITM0272,OUT002,CUS00072,16,3537.28,1.9
TXN0010222,11-12-2020,ITM0112,OUT016,CUS01939,18,1666.64,4.3
TXN0010047,06-01-2020,ITM0447,OUT015,CUS01234,15,4142.32,2.4
TXN0000464,16-07-2022,ITM0311,OUT032,CUS00541,18,2907.87,3.2
TXN0003433,11-03-2022,ITM0137,OUT025,CUS01175,20,4582.16,1.2
TXN0000342,,ITM0176,OUT044,CUS00023,2,4608.74,1.8
TXN0005666,04-11-2022,ITM0242,OUT018,CUS01830,5,1909.36,2.6
TXN0000659,16-10-2022,ITM0180,OUT050,CUS00817,13,4674.03,1.4
TXN0010026,19-07-2022,ITM0122,OUT039,CUS01750,9,27.62,4.7
TXN0006243,21-04-2023,ITM0450,OUT044,CUS01070,12,2623.65,3.5
TXN0003558,,ITM0395,OUT032,CUS00953,16,3401.04,3.5
TXN0006439,29-05-2021,ITM0427,OUT010,CUS00619,8,725.02,3.0
TXN0001413,16-02-2023,ITM0328,OUT037,CUS00254,11,4435.71,4.7
TXN0005229,03-05-2022,ITM0075,OUT025,CUS01677,15,4232.03,2.2
TXN0009320,03-03-2020,ITM0079,OUT048,CUS01489,10,2478.18,
TXN0006927,26-12-2020,ITM0165,OUT006,CUS00801,,4311.80,4.7
TXN0000100,02-02-2022,ITM0040,OUT006,CUS01447,12,2662.83,
TXN0001266,22-11-2023,ITM0236,OUT002,CUS00453,13,1099.53,2.9
TXN0009577,05-09-2018,ITM0195,OUT039,CUS01181,18,4836.62,3.8
TXN0005045,18-02-2022,ITM0146,OUT043,CUS01106,19,,2.4
TXN0006710,02-12-2022,ITM0467,OUT010,CUS00344,15,2859.74,
TXN0001759,21-09-2021,ITM0168,OUT031,CUS01422,6,2203.87,4.7
TXN0009422,05-07-2018,ITM0145,OUT042,CUS00388,4,2877.27,1.2
TXN0008252,20-11-2018,ITM0255,OUT033,CUS00141,11,551.69,4.7
TXN0009523,14-11-2019,ITM0266,OUT043,CUS00187,15,4880.40,
TXN0009406,19-03-2023,ITM0151,OUT043,CUS00816,8,3380.04,3.8
TXN0009781,22-11-2022,ITM0091,OUT036,CUS01345,5,1719.10,4.3
TXN0007044,26-04-2019,ITM0151,OUT014,CUS01884,14,1542.62,3.7
TXN0008599,15-08-2023,ITM0195,OUT025,CUS00475,17,1021.11,4.3
TXN0002376,29-12-2018,ITM0259,OUT023,CUS00933,5,274.55,4.8
TXN0004372,09-01-2023,ITM0223,OUT046,CUS00945,11,3505.09,4.0
TXN0006719,23-04-2023,ITM0319,OUT043,CUS01344,19,1587.20,2.9
TXN0002931,27-03-2022,ITM0314,OUT021,CUS00122,9,1203.40,1.8
TXN0009362,09-02-2023,ITM0420,OUT048,CUS00077,7,2008.44,2.6
TXN0008008,24-08-2018,ITM0131,OUT032,CUS01858,19,543.62,1.3
TXN0002623,18-08-2021,ITM0349,OUT006,CUS01049,3,4220.73,2.2
TXN0002754,11-01-2023,ITM0376,OUT019,CUS01889,6,1871.55,4.0
TXN0004534,28-10-2018,ITM0430,OUT034,CUS00188,5,4805.82,
TXN0002281,13-09-2022,ITM0404,OUT004,CUS00584,4,1748.81,1.3
TXN0002868,15-10-2018,ITM0140,OUT008,CUS01289,15,313.70,4.4
TXN0003714,22-03-2021,ITM0057,OUT028,CUS00144,14,4913.21,4.8
TXN0008744,19-05-2020,ITM0185,OUT024,CUS00287,14,3346.72,1.8
TXN0005494,14-07-2020,ITM0466,OUT046,CUS00880,18,2390.98,3.8
TXN0003156,28-11-2019,ITM0294,OUT028,CUS00017,16,1348.59,3.0
TXN0009735,22-10-2020,ITM0002,OUT007,CUS00282,11,,3.6
TXN0005754,18-01-2023,ITM0379,OUT009,CUS00971,14,4172.88,4.4
TXN0007941,28-09-2023,ITM0460,OUT041,CUS01543,7,4943.66,4.5
TXN0001999,20-03-2022,ITM0330,OUT033,CUS01244,6,507.20,3.4
TXN0004532,22-10-2019,ITM0399,OUT027,CUS00502,,2222.01,3.2
TXN0001603,07-02-2023,ITM0123,OUT039,CUS00159,18,1249.83,2.6
TXN0003498,05-02-2023,ITM0339,OUT042,CUS01904,7,3324.13,4.7
TXN0003419,16-10-2019,ITM0264,OUT027,CUS00917,9,3069.49,3.9
TXN0000880,17-05-2022,ITM0169,OUT026,CUS00526,20,4071.47,3.7
TXN0005297,25-01-2018,ITM0431,OUT001,CUS01322,9,4791.98,1.6
TXN0010070,13-07-2023,ITM0191,OUT037,CUS01363,13,1634.60,4.8
TXN0001055,01-09-2020,ITM0354,OUT004,CUS00386,5,1574.67,2.1
TXN0005497,22-11-2023,ITM0295,OUT014,CUS01456,14,2109.83,3.0
TXN0008330,17-12-2021,ITM0312,OUT048,CUS01598,12,2901.59,
TXN0004119,03-02-2021,ITM0372,OUT018,CUS00822,,2093.00,4.5
TXN0008639,,ITM0453,OUT012,CUS01507,15,3611.11,1.3
TXN0009584,22-02-2023,ITM0176,OUT042,CUS00861,9,4949.04,4.3
TXN0003436,07-11-2018,ITM0476,OUT045,CUS01516,13,4373.76,3.9
TXN0004258,,ITM0304,OUT004,CUS00156,9,726.24,3.9
TXN0003863,21-05-2022,ITM0004,OUT022,CUS01140,3,2839.87,3.6
TXN0006458,10-02-2023,ITM0196,OUT050,CUS00296,16,2723.02,2.0
TXN0007244,20-08-2020,ITM0271,OUT005,CUS00482,5,2851.09,
TXN0005939,13-03-2021,ITM0255,OUT041,CUS01632,6,2218.32,2.2
TXN0003916,20-03-2021,ITM0114,OUT043,CUS00928,4,,3.9
TXN0001523,29-10-2023,ITM0142,OUT010,CUS00342,1,2480.59,5.0
TXN0009734,17-08-2018,ITM0148,OUT037,CUS01344,2,3323.54,3.6
TXN0004688,26-03-2020,ITM0010,OUT030,CUS01992,1,4237.10,1.1
TXN0009475,18-08-2021,ITM0347,OUT025,CUS01350,14,207.28,1.5
TXN0007846,28-12-2018,ITM0207,OUT042,CUS01975,3,4225.00,3.0
TXN0009564,31-10-2020,ITM0207,OUT022,CUS01151,20,4495.44,4.9
TXN0005912,07-10-2019,ITM0207,OUT027,CUS01786,4,4058.40,4.4
TXN0000819,28-06-2019,ITM0238,OUT018,CUS01145,11,2760.83,
TXN0003515,02-11-2019,ITM0211,OUT010,CUS01860,20,2931.22,4.7
TXN0009023,28-03-2022,ITM0071,OUT006,CUS01781,1,1641.83,3.3
TXN0000671,04-08-2021,ITM0007,OUT006,CUS01858,2,4494.02,3.9
TXN0006277,16-01-2022,ITM0259,OUT012,CUS00987,7,,2.1
TXN0005250,27-12-2018,ITM0443,OUT011,CUS01361,19,547.24,4.1
TXN0003224,,ITM0021,OUT040,CUS01779,,3641.20,4.5
TXN0009441,29-09-2021,ITM0307,OUT046,CUS00639,10,3044.20,1.9
TXN0002050,31-08-2023,ITM0006,OUT003,CUS00879,18,590.83,2.5
TXN0003416,29-05-2018,ITM0086,OUT018,CUS01157,18,1717.29,4.3
TXN0005556,28-07-2020,ITM0284,OUT027,CUS01934,19,,2.5
TXN0008448,24-04-2022,ITM0138,OUT038,CUS01751,,2273.23,4.4
TXN0008756,30-07-2020,ITM0124,OUT048,CUS01429,7,1678.75,2.8
TXN0002197,08-06-2020,ITM0009,OUT020,CUS00364,8,295.74,3.0
TXN0006935,08-12-2021,ITM0013,OUT002,CUS01664,3,1082.01,1.2
TXN0005997,15-10-2021,ITM0280,OUT043,CUS01692,18,1099.83,3.4
TXN0000695,30-04-2021,ITM0082,OUT027,CUS01705,16,2812.21,2.4
TXN0002001,18-01-2021,ITM0400,OUT038,CUS00938,11,4709.21,4.7
TXN0000194,,ITM0039,OUT013,CUS00318,17,893.40,2.2
TXN0010427,31-07-2021,ITM0193,OUT041,CUS01250,8,1579.87,1.9
TXN0001133,23-11-2022,ITM0283,OUT003,CUS00741,6,1175.42,1.4
TXN0001506,01-01-2020,ITM0492,OUT015,CUS01369,6,4928.89,1.2
TXN0008445,31-01-2023,ITM0192,OUT024,CUS01923,7,2849.67,1.7
TXN_OUT4,,ITM0004,OUT004,CUS00004,-5,250.00,6.5
TXN0001843,09-07-2019,ITM0303,OUT023,CUS01632,14,3711.83,3.8
TXN0004816,19-05-2020,ITM0148,OUT041,CUS01769,16,4133.59,4.2
TXN0000866,15-11-2021,ITM0439,OUT020,CUS00338,16,4103.16,
TXN0009597,03-10-2023,ITM0303,OUT049,CUS01128,,3765.56,1.8
TXN0001499,14-07-2020,ITM0206,OUT010,CUS00218,16,3259.99,1.2
TXN0001896,25-07-2023,ITM0466,OUT050,CUS00518,15,479.30,4.8
TXN0005846,08-06-2018,ITM0496,OUT033,CUS00707,17,4393.74,1.4
TXN0003366,12-08-2019,ITM0427,OUT025,CUS00515,17,3104.07,
TXN0004544,13-11-2019,ITM0464,OUT031,CUS01023,15,4527.21,2.6
TXN0010252,16-06-2020,ITM0203,OUT014,CUS00828,14,4977.88,4.4
TXN0006976,08-02-2023,ITM0056,OUT035,CUS01344,2,2482.66,2.4
TXN0001457,14-03-2021,ITM0217,OUT050,CUS01086,19,3301.47,2.0
TXN0010323,06-04-2020,ITM0406,OUT023,CUS00034,10,280.36,3.3
TXN0006516,20-02-2020,ITM0002,OUT021,CUS00336,3,2066.91,1.3
TXN0002805,25-05-2019,ITM0036,OUT030,CUS01909,3,1691.14,1.9
TXN0008584,11-11-2019,ITM0482,OUT043,CUS01542,4,3426.77,4.1
TXN0001202,07-01-2022,ITM0241,OUT025,CUS00346,5,3623.55,3.1
TXN0001727,20-08-2020,ITM0038,OUT019,CUS01537,1,3845.33,3.1
TXN0007195,22-07-2020,ITM0373,OUT034,CUS01649,3,4038.46,4.4
TXN0008872,,ITM0039,OUT041,CUS00141,14,1614.07,3.9
TXN0006924,24-09-2018,ITM0249,OUT015,CUS01206,1,3357.54,2.4
TXN0006563,15-03-2022,ITM0139,OUT014,CUS01762,,1476.12,3.9
TXN0002866,10-03-2022,ITM0228,OUT015,CUS00201,10,,2.3
TXN0009016,19-07-2019,ITM0029,OUT025,CUS00492,10,760.33,2.1
TXN0000620,21-12-2018,ITM0031,OUT010,CUS00271,8,4108.62,2.6
TXN0003569,24-04-2020,ITM0098,OUT006,CUS01811,19,3820.54,4.0
TXN0010348,,ITM0077,OUT030,CUS00092,18,3177.61,4.9
TXN0008471,30-03-2023,ITM0145,OUT005,CUS01663,18,3182.66,
TXN0005189,20-11-2020,ITM0414,OUT021,CUS00748,1,3518.17,4.0
TXN0004075,01-03-2022,ITM0460,OUT028,CUS01863,5,1757.66,2.8
TXN0008001,19-05-2018,ITM0474,OUT039,CUS01411,4,4140.00,4.4
TXN0001166,26-12-2021,ITM0380,OUT049,CUS01427,16,1282.86,2.3
TXN0010208,19-02-2023,ITM0054,OUT048,CUS00727,19,3952.48,4.5
TXN0009919,06-08-2020,ITM0430,OUT022,CUS00743,15,3781.61,1.2
TXN0006697,15-12-2018,ITM0435,OUT044,CUS01530,18,,4.1
TXN0005122,03-10-2023,ITM0111,OUT004,CUS01874,15,1416.38,4.4
TXN0001629,16-04-2021,ITM0411,OUT018,CUS01313,8,313.82,2.3
TXN0010164,20-03-2020,ITM0276,OUT048,CUS01248,2,1870.36,3.0
TXN0006547,09-06-2023,ITM0097,OUT024,CUS00445,17,1119.41,4.1
TXN0002056,28-06-2020,ITM0348,OUT037,CUS00210,6,989.43,2.1
TXN0009046,06-09-2022,ITM0118,OUT037,CUS00905,6,316.79,3.5
TXN0009185,25-12-2019,ITM0400,OUT045,CUS00454,6,4640.95,3.9
TXN0001883,13-11-2023,ITM0497,OUT028,CUS00183,8,3358.87,1.3
TXN0003921,21-02-2020,ITM0143,OUT010,CUS01173,8,2325.14,
TXN0009272,20-07-2023,ITM0342,OUT030,CUS01239,6,1912.36,4.8
TXN0001775,,ITM0105,OUT028,CUS01271,1,280.35,3.0
TXN0005890,16-04-2023,ITM0461,OUT049,CUS01365,15,1334.80,1.6
TXN0002732,31-07-2021,ITM0306,OUT029,CUS00262,1,1703.62,3.3
TXN0004602,07-01-2022,ITM0389,OUT029,CUS00132,7,3161.87,4.9
TXN0005786,21-05-2018,ITM0012,OUT011,CUS00751,20,3229.73,1.5
TXN0007221,13-11-2018,ITM0019,OUT035,CUS01928,20,,3.1
TXN0005551,12-08-2022,ITM0206,OUT007,CUS00980,3,3451.30,
TXN0009589,20-06-2018,ITM0257,OUT010,CUS00292,17,4695.11,4.3
TXN0007847,04-10-2018,ITM0052,OUT044,CUS00171,20,3539.30,
TXN0003841,28-08-2020,ITM0354,OUT013,CUS01603,15,2243.23,1.0
TXN0003737,04-04-2021,ITM0101,OUT040,CUS01340,13,131.19,2.1
TXN0005779,14-11-2022,ITM0227,OUT026,CUS00945,19,4823.94,3.5
TXN0008656,29-01-2019,ITM0263,OUT031,CUS00600,5,,2.2
TXN0003527,15-11-2018,ITM0015,OUT006,CUS01880,15,3511.28,4.5
TXN0009669,07-02-2018,ITM0310,OUT012,CUS00857,2,3199.87,3.8
TXN0001124,,ITM0060,OUT024,CUS01677,7,,1.3
TXN0010296,29-03-2021,ITM0088,OUT013,CUS01246,8,447.93,4.0
TXN0000580,04-05-2019,ITM0396,OUT039,CUS00437,14,671.27,1.5
TXN0006608,29-05-2023,ITM0029,OUT035,CUS01708,4,2035.68,3.5
TXN0008567,20-04-2021,ITM0391,OUT020,CUS00112,,4473.52,3.1
TXN0005313,05-05-2020,ITM0193,OUT032,CUS00231,18,1871.52,2.7
TXN0001540,07-10-2020,ITM0072,OUT017,CUS00553,1,4708.89,4.5
TXN0001105,23-08-2022,ITM0410,OUT007,CUS00267,3,3182.34,4.5
TXN0002286,20-05-2022,ITM0489,OUT020,CUS00251,18,,2.7
TXN0010111,13-04-2021,ITM0275,OUT043,CUS01562,11,3412.52,4.1
TXN0002495,,ITM0184,OUT004,CUS01056,8,3093.66,3.0
TXN0002947,08-05-2020,ITM0070,OUT013,CUS00314,18,2914.82,4.4
TXN0004062,15-12-2022,ITM0213,OUT034,CUS00220,5,2319.07,2.4
TXN0006875,10-08-2021,ITM0266,OUT013,CUS00097,6,1049.90,2.0
TXN0007565,18-09-2020,ITM0458,OUT010,CUS00852,9,1965.81,2.2
TXN0005035,25-09-2019,ITM0095,OUT010,CUS01031,16,,4.7
TXN0000634,15-03-2023,ITM0105,OUT015,CUS01331,20,4291.27,2.2
TXN0002643,30-01-2023,ITM0120,OUT035,CUS01732,,4872.75,4.4
TXN0007182,04-09-2018,ITM0167,OUT021,CUS01658,16,1941.12,1.5
TXN0003336,06-03-2019,ITM0018,OUT035,CUS01380,9,2439.79,2.7
TXN0002303,30-01-2022,ITM0481,OUT032,CUS01819,8,274.72,1.3
TXN0004694,06-07-2019,ITM0420,OUT026,CUS00122,15,283.38,3.0
TXN0008157,23-10-2020,ITM0283,OUT037,CUS01638,12,1692.42,3.5
TXN0008308,31-05-2022,ITM0393,OUT027,CUS00965,12,2109.78,3.6
TXN0002039,04-05-2020,ITM0161,OUT006,CUS01999,9,2625.85,
TXN0003892,24-07-2023,ITM0408,OUT028,CUS01226,1,1428.26,3.1
TXN0007653,,ITM0393,OUT021,CUS01127,1,4317.87,3.5
TXN0009144,30-07-2023,ITM0419,OUT006,CUS00848,12,1310.39,4.7
TXN0004569,23-06-2018,ITM0320,OUT028,CUS00767,7,4694.53,4.7
TXN0003363,23-06-2019,ITM0312,OUT031,CUS00725,5,342.78,1.0
TXN0002063,22-03-2018,ITM0491,OUT042,CUS01766,18,1942.18,4.2
TXN0005474,12-07-2020,ITM0324,OUT019,CUS00827,7,4538.92,4.8
TXN0008282,21-09-2023,ITM0164,OUT020,CUS00699,1,4866.96,3.0
TXN0008262,14-02-2020,ITM0196,OUT001,CUS00280,15,,3.6
TXN0008955,24-01-2020,ITM0187,OUT025,CUS00766,7,1174.92,2.7
TXN0004425,16-04-2023,ITM0002,OUT012,CUS01831,5,3203.55,3.3
TXN0003659,24-04-2023,ITM0258,OUT033,CUS01124,9,2414.73,4.7
TXN0001209,20-03-2020,ITM0408,OUT004,CUS01612,20,3325.72,4.8
TXN0000164,09-03-2018,ITM0225,OUT047,CUS00848,9,463.43,
TXN0002241,26-07-2020,ITM0446,OUT020,CUS00926,7,3667.60,2.3
TXN0003107,09-05-2022,ITM0188,OUT046,CUS01856,10,2684.61,1.8
TXN0006716,30-12-2022,ITM0343,OUT039,CUS00556,17,2592.27,1.9
TXN0000210,10-07-2022,ITM0184,OUT025,CUS00600,4,518.09,
TXN0009075,26-12-2019,ITM0425,OUT021,CUS01597,19,1075.04,4.5
TXN0005153,29-09-2020,ITM0448,OUT013,CUS01282,7,4682.91,2.4
TXN0007004,14-05-2023,ITM0282,OUT036,CUS01719,2,4890.78,2.1
TXN0001853,01-11-2018,ITM0161,OUT004,CUS00662,6,1731.19,3.2
TXN0003607,18-07-2020,ITM0323,OUT023,CUS00233,3,1338.37,3.3
TXN0003885,07-10-2021,ITM0140,OUT004,CUS01598,8,4478.84,2.7
TXN0005228,02-12-2019,ITM0141,OUT047,CUS01793,20,832.58,4.1
TXN0007982,20-07-2023,ITM0136,OUT044,CUS00424,19,1011.80,2.2
TXN0003817,23-08-2020,ITM0174,OUT001,CUS01731,1,1871.36,3.7
TXN0008524,07-07-2019,ITM0108,OUT048,CUS00617,1,141.23,2.9
TXN0006365,07-02-2022,ITM0062,OUT015,CUS01671,2,3952.20,4.1
TXN0005689,27-09-2023,ITM0061,OUT034,CUS01140,19,2678.54,4.6
TXN0005192,21-07-2021,ITM0005,OUT004,CUS00317,8,2276.96,2.5
TXN0006313,07-07-2018,ITM0125,OUT010,CUS01591,17,740.64,2.0
TXN0004487,07-03-2018,ITM0310,OUT001,CUS01439,3,2901.02,4.7
TXN0002289,09-02-2021,ITM0409,OUT001,CUS00490,15,4525.11,2.0
TXN0007465,03-11-2021,ITM0229,OUT027,CUS01392,18,3984.96,4.4
TXN0005364,11-12-2023,ITM0397,OUT012,CUS01540,11,1009.56,2.1
TXN0003829,20-07-2022,ITM0192,OUT032,CUS01163,19,2558.53,3.4
TXN0004116,15-01-2021,ITM0197,OUT036,CUS00088,,4956.28,1.1
TXN0006602,08-01-2022,ITM0423,OUT008,CUS01248,12,2336.41,
TXN0001849,25-06-2021,ITM0164,OUT034,CUS00022,,4095.94,3.7
TXN0001985,05-07-2019,ITM0320,OUT041,CUS00246,,2881.91,1.9
TXN0000263,24-06-2022,ITM0400,OUT016,CUS00801,14,2248.77,
TXN0000237,23-11-2018,ITM0470,OUT047,CUS01174,6,1382.76,4.3
TXN0007839,10-02-2018,ITM0086,OUT027,CUS01481,8,4395.22,4.9
TXN0003633,14-10-2021,ITM0144,OUT023,CUS00774,2,3446.37,1.3
TXN0007005,10-07-2018,ITM0306,OUT036,CUS01553,9,1970.98,3.6
TXN0003443,22-11-2021,ITM0455,OUT002,CUS00140,8,2989.31,4.3
TXN0010487,28-03-2023,ITM0250,OUT036,CUS01494,5,4098.74,2.2
TXN0004874,22-12-2020,ITM0045,OUT024,CUS00318,16,3795.84,4.2
TXN0006512,18-11-2020,ITM0200,OUT008,CUS01891,6,4749.42,3.6
TXN0000047,20-02-2021,ITM0135,OUT046,CUS00927,8,35.23,4.6
TXN0004184,21-08-2021,ITM0325,OUT003,CUS01068,,1688.26,1.4
TXN0001933,,ITM0431,OUT049,CUS01667,11,3022.58,1.3
TXN0003904,15-03-2021,ITM0381,OUT030,CUS01220,7,1671.08,2.8
TXN0004357,05-06-2019,ITM0127,OUT030,CUS00006,20,3935.33,4.9
TXN0008863,02-06-2019,ITM0115,OUT010,CUS01448,18,4155.54,2.0
TXN0009135,12-12-2021,ITM0432,OUT037,CUS00174,15,1890.17,2.7
TXN0009483,01-04-2019,ITM0142,OUT013,CUS01133,9,1211.55,1.6
TXN0003554,30-10-2023,ITM0318,OUT026,CUS00655,12,344.86,3.7
TXN0006004,27-02-2021,ITM0053,OUT029,CUS01715,16,4564.41,4.3
TXN0006672,27-11-2019,ITM0494,OUT025,CUS01737,5,2635.73,4.7
TXN0009643,08-07-2019,ITM0464,OUT007,CUS00344,14,92.15,2.0
TXN0005100,26-02-2019,ITM0182,OUT020,CUS01310,18,,2.9
TXN0006475,19-01-2023,ITM0393,OUT042,CUS01017,13,3819.07,2.5
TXN0004649,28-06-2018,ITM0258,OUT043,CUS00691,4,1727.75,5.0
TXN0005257,03-02-2023,ITM0092,OUT049,CUS00270,6,4568.40,1.9
TXN0002297,18-07-2018,ITM0470,OUT033,CUS00335,,4526.22,4.5
TXN0003033,04-03-2023,ITM0391,OUT037,CUS01865,4,3679.90,2.6
TXN0002206,21-12-2022,ITM0245,OUT020,CUS00192,7,1023.04,4.3
TXN0004633,02-12-2018,ITM0351,OUT008,CUS00515,8,4059.74,2.0
TXN0005584,18-05-2023,ITM0443,OUT018,CUS00918,20,3569.25,3.1
TXN0001244,30-07-2023,ITM0175,OUT010,CUS00700,13,4759.71,2.3
TXN0007728,06-03-2022,ITM0433,OUT022,CUS00672,11,996.97,1.7
TXN0004466,25-04-2022,ITM0015,OUT047,CUS00737,16,710.03,2.0
TXN0005061,04-06-2022,ITM0059,OUT001,CUS00352,,235.95,2.2
TXN0006846,16-10-2022,ITM0354,OUT011,CUS00616,17,144.55,3.7
TXN0001068,22-06-2018,ITM0144,OUT012,CUS00930,2,4330.80,3.0
TXN0005267,13-04-2021,ITM0039,OUT050,CUS01141,10,3536.04,4.1
TXN0005623,05-12-2023,ITM0014,OUT049,CUS00266,19,3999.78,3.2
TXN0001439,21-02-2021,ITM0023,OUT027,CUS00740,3,946.66,3.9
TXN0005641,08-06-2019,ITM0191,OUT034,CUS01276,10,4930.30,4.0
TXN0002972,23-08-2020,ITM0001,OUT035,CUS00798,2,,4.6
TXN0000379,08-01-2020,ITM0052,OUT033,CUS01128,,,4.2
TXN0002657,04-10-2023,ITM0317,OUT002,CUS00009,6,773.17,4.3
TXN0000755,19-03-2023,ITM0360,OUT007,CUS00944,16,686.70,4.9
TXN0000094,19-09-2019,ITM0402,OUT017,CUS00616,2,429.72,1.2
TXN0007970,17-01-2019,ITM0308,OUT049,CUS01810,8,925.76,3.1
TXN0000110,03-10-2019,ITM0409,OUT030,CUS00532,9,1053.49,4.6
TXN0000635,19-01-2019,ITM0356,OUT004,CUS01898,19,1470.10,1.8
TXN0009608,29-09-2023,ITM0009,OUT025,CUS00733,1,4652.82,1.2
TXN0000241,23-09-2020,ITM0258,OUT046,CUS00252,2,,2.3
TXN0009141,20-03-2020,ITM0418,OUT001,CUS01635,7,,2.5
TXN0007484,08-02-2022,ITM0042,OUT041,CUS00922,20,2804.42,1.7
TXN0009364,29-10-2021,ITM0326,OUT016,CUS00234,1,1362.79,3.4
TXN0000210,10-07-2022,ITM0184,OUT025,CUS00600,4,518.09,
TXN0009769,01-05-2019,ITM0216,OUT008,CUS01564,7,941.38,4.2
TXN0001521,25-06-2022,ITM0024,OUT036,CUS00723,,4661.74,2.6
TXN0003481,22-12-2023,ITM0252,OUT030,CUS01332,19,3548.44,4.8
TXN0006673,13-05-2019,ITM0326,OUT029,CUS01151,2,4553.80,
TXN0004118,28-06-2020,ITM0154,OUT008,CUS01196,10,2891.89,
TXN0005482,13-09-2022,ITM0195,OUT004,CUS00569,8,1478.06,1.6
TXN0009699,24-01-2020,ITM0359,OUT047,CUS00260,9,2151.29,3.5
TXN0001798,15-11-2021,ITM0139,OUT023,CUS00081,17,4248.33,4.0
TXN0003227,19-01-2020,ITM0444,OUT002,CUS01008,14,,1.7
TXN0004659,22-09-2018,ITM0185,OUT050,CUS01695,15,4747.36,
TXN0003750,07-10-2023,ITM0155,OUT035,CUS01603,18,4271.49,
TXN0005541,17-10-2023,ITM0016,OUT009,CUS01139,16,4933.03,2.9
TXN0004020,02-11-2023,ITM0013,OUT034,CUS00608,5,492.38,
TXN0004381,06-08-2021,ITM0143,OUT013,CUS01285,20,3435.10,
TXN0005263,22-10-2020,ITM0048,OUT004,CUS00865,5,4772.63,4.2
TXN0009994,02-02-2023,ITM0354,OUT003,CUS00629,15,1590.67,4.4
TXN0007966,04-05-2019,ITM0163,OUT048,CUS01199,20,,4.9
TXN0010160,10-01-2018,ITM0223,OUT032,CUS01433,6,2086.15,3.5
TXN0004875,23-09-2019,ITM0124,OUT034,CUS00113,4,3704.62,
TXN0001851,24-03-2022,ITM0154,OUT029,CUS00907,9,977.37,4.1
TXN0008871,22-05-2022,ITM0428,OUT007,CUS00652,16,2829.38,2.8
TXN0003275,27-04-2021,ITM0168,OUT006,CUS00710,8,552.87,
TXN0003213,09-04-2019,ITM0431,OUT048,CUS01138,15,3803.27,1.9
TXN0009909,20-01-2018,ITM0359,OUT034,CUS00480,17,155.05,4.3
TXN0008492,16-12-2022,ITM0294,OUT037,CUS01392,7,,2.1
TXN0004388,16-04-2018,ITM0484,OUT036,CUS01499,20,3378.51,4.0
TXN0009366,20-03-2019,ITM0270,OUT007,CUS01777,,1814.93,4.2
TXN0007542,09-05-2018,ITM0416,OUT019,CUS01586,2,4267.26,4.2
TXN0001342,28-06-2021,ITM0407,OUT037,CUS01263,11,1946.97,4.8
TXN0005712,29-11-2018,ITM0069,OUT001,CUS00156,6,1758.43,3.0
TXN0007427,28-12-2019,ITM0275,OUT040,CUS01155,19,1783.51,1.6
TXN0007207,03-09-2021,ITM0003,OUT045,CUS00844,15,,2.5
TXN0000029,,ITM0355,OUT034,CUS00791,15,847.24,1.9
TXN0009103,20-08-2023,ITM0032,OUT004,CUS00581,16,,3.2
TXN0009858,16-05-2018,ITM0212,OUT015,CUS00030,1,531.25,1.0
TXN0006140,01-10-2020,ITM0119,OUT001,CUS01536,17,1326.49,
TXN0005907,24-05-2019,ITM0443,OUT027,CUS01778,12,3864.01,
TXN0009574,06-03-2022,ITM0406,OUT016,CUS00861,12,1734.44,1.5
TXN0001379,,ITM0476,OUT043,CUS01366,17,254.30,2.6
TXN0000356,20-08-2018,ITM0143,OUT011,CUS00135,1,598.34,1.3
TXN0009192,,ITM0410,OUT025,CUS00223,6,1167.92,2.9
TXN0003048,07-11-2021,ITM0432,OUT050,CUS00783,,,2.2
TXN0004488,18-07-2020,ITM0341,OUT028,CUS00739,2,1115.61,4.9
TXN0003774,,ITM0372,OUT045,CUS01245,10,4994.76,4.6
TXN0010214,09-02-2021,ITM0268,OUT050,CUS00807,10,4036.08,4.8
TXN0008589,18-08-2022,ITM0175,OUT037,CUS01341,14,4168.12,3.6
TXN0004464,30-10-2018,ITM0325,OUT009,CUS01772,15,,2.5
TXN0000707,19-06-2020,ITM0234,OUT013,CUS00507,15,3446.30,2.9
TXN0004560,07-09-2020,ITM0303,OUT026,CUS01525,2,2286.83,2.3
TXN0005886,16-02-2020,ITM0401,OUT022,CUS01030,16,2532.49,2.3
TXN0005150,19-08-2018,ITM0092,OUT038,CUS00701,,2539.04,1.2
TXN0005507,10-07-2022,ITM0192,OUT009,CUS01156,15,1756.37,1.9
TXN0010447,01-08-2023,ITM0318,OUT003,CUS00075,1,612.45,1.7
TXN0002539,12-06-2019,ITM0013,OUT037,CUS00056,3,100.16,2.2
TXN0008978,06-03-2021,ITM0062,OUT004,CUS00444,14,1704.57,2.5
TXN0008720,20-04-2021,ITM0263,OUT022,CUS01630,12,1517.07,
TXN0006104,23-02-2022,ITM0027,OUT041,CUS01890,,729.68,4.8
TXN0009108,27-04-2023,ITM0111,OUT034,CUS01793,7,1501.76,1.2
TXN0000711,17-07-2023,ITM0470,OUT009,CUS01873,14,4705.71,3.9
TXN0007831,01-07-2022,ITM0112,OUT034,CUS00575,7,2891.26,2.7
TXN0001305,31-08-2023,ITM0329,OUT024,CUS00244,1,,1.2
TXN0003418,06-09-2019,ITM0490,OUT014,CUS01544,11,1864.42,2.1
TXN0003724,30-11-2022,ITM0481,OUT029,CUS01556,8,4750.47,4.3
TXN0002739,17-07-2018,ITM0444,OUT009,CUS00456,4,272.68,2.9
TXN0006379,26-07-2018,ITM0147,OUT027,CUS01796,19,3063.88,4.9
TXN0009888,29-12-2022,ITM0351,OUT022,CUS00764,17,4777.77,2.6
TXN0001906,23-01-2023,ITM0223,OUT040,CUS00688,17,1244.82,2.8
TXN0000155,21-01-2020,ITM0259,OUT048,CUS01420,13,1332.96,1.9
TXN0005842,27-11-2023,ITM0394,OUT037,CUS01541,14,4295.65,4.1
TXN0002522,17-11-2021,ITM0171,OUT006,CUS00911,3,4380.28,4.8
TXN0000971,11-11-2019,ITM0411,OUT008,CUS01741,6,3863.29,2.7
TXN0001900,25-08-2021,ITM0145,OUT043,CUS01385,4,3682.35,
TXN0002731,,ITM0131,OUT013,CUS00411,19,2811.20,2.1
TXN0008688,31-01-2023,ITM0135,OUT040,CUS00443,19,2151.32,
TXN0005188,21-11-2018,ITM0393,OUT043,CUS00760,15,1162.55,1.4
TXN0000918,15-07-2023,ITM0408,OUT006,CUS01771,9,717.38,3.1
TXN0006386,07-12-2023,ITM0148,OUT001,CUS00969,18,,2.6
TXN0001902,20-12-2018,ITM0063,OUT045,CUS00738,12,2789.36,4.3
TXN0002336,04-04-2023,ITM0405,OUT046,CUS00184,14,1754.07,3.8
TXN0010139,23-07-2022,ITM0248,OUT048,CUS01898,1,2367.43,3.8
TXN0004674,16-03-2018,ITM0462,OUT029,CUS00428,20,924.49,3.2
TXN0003477,02-09-2021,ITM0012,OUT042,CUS01374,,665.05,4.2
TXN0007270,,ITM0344,OUT036,CUS00792,1,3324.83,1.6
TXN0004710,,ITM0014,OUT016,CUS01466,11,,3.0
TXN0001450,17-02-2021,ITM0345,OUT021,CUS00547,10,937.70,3.6
TXN0006162,11-06-2020,ITM0357,OUT048,CUS00803,3,4542.64,1.8
TXN0003951,21-10-2019,ITM0082,OUT016,CUS00216,3,1745.22,3.0
TXN0004910,06-12-2018,ITM0328,OUT022,CUS00431,19,35.06,
TXN0004277,05-10-2021,ITM0047,OUT042,CUS00560,3,1853.59,4.9
TXN0000455,14-03-2023,ITM0323,OUT038,CUS01950,,1750.60,3.6
TXN0001923,26-04-2019,ITM0344,OUT044,CUS00358,11,4449.89,4.3
TXN0008289,17-09-2020,ITM0156,OUT036,CUS00144,8,4182.13,1.6
TXN0001912,19-06-2022,ITM0447,OUT039,CUS00455,17,2020.05,2.7
TXN0009723,18-03-2021,ITM0458,OUT045,CUS00923,20,4888.14,4.3
TXN0003733,13-09-2021,ITM0075,OUT042,CUS01057,12,600.05,4.9
TXN0009896,22-04-2022,ITM0342,OUT013,CUS00415,9,3259.75,1.1
TXN0005338,07-04-2020,ITM0214,OUT013,CUS01392,4,4417.50,2.3
TXN0008668,,ITM0301,OUT005,CUS00517,3,3167.20,2.9
TXN0006977,09-03-2022,ITM0033,OUT023,CUS00104,7,629.52,1.4
TXN0007057,22-01-2019,ITM0194,OUT050,CUS01319,6,3263.08,1.2
TXN0001944,02-05-2018,ITM0016,OUT005,CUS01167,3,4688.24,2.4
TXN0003470,04-02-2021,ITM0122,OUT014,CUS00138,6,3065.14,2.0
TXN0005811,22-07-2019,ITM0033,OUT004,CUS00903,19,4286.72,2.9
TXN0006981,28-06-2018,ITM0181,OUT022,CUS00395,10,3760.33,3.9
TXN0005861,10-06-2021,ITM0154,OUT029,CUS01484,20,4867.75,3.2
TXN0010307,28-09-2020,ITM0387,OUT047,CUS01037,3,375.04,2.9
TXN0006954,24-10-2021,ITM0101,OUT029,CUS01640,12,614.94,3.6
TXN0002645,11-09-2018,ITM0083,OUT033,CUS01548,17,3086.40,1.2
TXN0005983,29-07-2018,ITM0300,OUT004,CUS00488,1,1506.55,3.6
TXN0004474,23-12-2023,ITM0276,OUT012,CUS00905,13,1124.57,2.8
TXN0005375,,ITM0101,OUT020,CUS00696,18,430.32,2.2
TXN0001008,22-04-2019,ITM0034,OUT027,CUS01736,15,3454.49,1.8
TXN0010078,15-09-2018,ITM0285,OUT045,CUS01044,1,1113.46,
TXN0006239,17-11-2023,ITM0025,OUT019,CUS01010,20,3148.13,4.6
TXN0003014,14-01-2019,ITM0273,OUT041,CUS01206,10,4156.73,4.0
TXN0002969,14-10-2021,ITM0282,OUT007,CUS00339,5,3759.83,1.7
TXN0007328,27-12-2018,ITM0339,OUT035,CUS00834,3,4854.40,3.0
TXN0000451,10-05-2022,ITM0005,OUT024,CUS00091,5,,1.2
TXN0004768,25-02-2021,ITM0167,OUT031,CUS00625,17,2622.21,4.1
TXN0001578,26-02-2018,ITM0238,OUT025,CUS01780,11,,3.6
TXN0003451,30-01-2018,ITM0419,OUT032,CUS00615,15,2409.08,3.6
TXN0005281,03-08-2019,ITM0145,OUT040,CUS00789,5,3757.47,2.9
TXN0007981,17-06-2021,ITM0057,OUT016,CUS00576,20,100.37,3.9
TXN0005674,28-08-2023,ITM0496,OUT026,CUS00989,7,813.22,3.5
TXN0004836,21-03-2018,ITM0093,OUT018,CUS01698,2,850.24,2.6
TXN0006763,26-11-2018,ITM0367,OUT013,CUS01762,13,4767.58,3.8
TXN0009059,27-03-2018,ITM0278,OUT035,CUS00628,11,4871.08,3.2
TXN0008859,15-01-2022,ITM0175,OUT044,CUS00764,3,462.65,3.4
TXN0002636,07-09-2022,ITM0381,OUT012,CUS00757,10,2868.79,3.7
TXN0002089,26-12-2020,ITM0081,OUT041,CUS00585,4,1893.39,4.1
TXN0009798,04-01-2021,ITM0137,OUT041,CUS00878,7,3092.05,2.7
TXN0010464,06-12-2023,ITM0225,OUT038,CUS01438,6,963.04,3.6
TXN0004122,16-05-2022,ITM0499,OUT011,CUS01681,10,1435.50,3.5
TXN0006090,27-03-2019,ITM0270,OUT003,CUS00914,5,877.55,
TXN0006890,07-03-2021,ITM0196,OUT047,CUS01390,18,828.40,2.6
TXN0000538,24-03-2022,ITM0300,OUT049,CUS00731,13,4069.65,4.0
TXN0000316,09-02-2022,ITM0100,OUT050,CUS00277,7,3924.05,1.7
TXN0002347,06-04-2022,ITM0078,OUT022,CUS01470,19,3644.69,1.2
TXN0002390,07-05-2023,ITM0385,OUT012,CUS01907,17,4379.41,4.3
TXN0003124,25-03-2023,ITM0166,OUT025,CUS00155,17,3841.62,3.6
TXN0010159,24-03-2019,ITM0196,OUT009,CUS01662,1,3799.32,4.8
TXN0002930,07-12-2020,ITM0119,OUT014,CUS00109,1,1794.51,1.2
TXN0007021,02-03-2020,ITM0236,OUT026,CUS00849,16,1586.89,3.9
TXN0001743,24-04-2018,ITM0027,OUT031,CUS00519,10,4182.98,2.9
TXN0009456,23-08-2022,ITM0224,OUT032,CUS01292,14,,3.7
TXN0002623,18-08-2021,ITM0349,OUT006,CUS01049,3,4220.73,2.2
TXN0004191,30-07-2018,ITM0397,OUT044,CUS01349,1,4956.88,2.3
TXN0004161,04-05-2020,ITM0337,OUT009,CUS00467,10,4662.45,1.5
TXN0009776,02-12-2019,ITM0139,OUT048,CUS01149,14,3918.99,3.1
TXN0007658,04-08-2023,ITM0258,OUT024,CUS00308,18,1590.68,
TXN0000022,02-10-2018,ITM0135,OUT028,CUS00110,18,4214.38,2.0
TXN0005080,07-03-2019,ITM0414,OUT026,CUS00361,10,2332.76,
TXN0005849,31-05-2020,ITM0221,OUT038,CUS00856,16,3757.34,3.7
TXN0004723,14-05-2020,ITM0388,OUT038,CUS00523,15,345.38,4.3
TXN0003522,12-01-2022,ITM0465,OUT014,CUS01116,17,2812.00,2.4
TXN0000011,26-01-2018,ITM0254,OUT036,CUS00262,7,3804.86,3.4
TXN0000450,28-01-2022,ITM0249,OUT036,CUS01858,,,4.0
TXN0002249,15-08-2020,ITM0286,OUT007,CUS01144,3,4629.95,1.6
TXN0005184,11-06-2019,ITM0338,OUT036,CUS01597,3,843.01,2.5
TXN0006844,07-04-2021,ITM0089,OUT002,CUS01129,4,3267.47,
TXN0009378,20-12-2021,ITM0449,OUT016,CUS00710,,4269.81,1.9
TXN0007473,01-05-2020,ITM0486,OUT007,CUS00991,20,4836.78,2.5
TXN0006971,04-09-2022,ITM0136,OUT017,CUS01932,17,2660.25,4.4
TXN0009799,11-05-2023,ITM0431,OUT010,CUS00117,9,,2.3
TXN0001640,11-03-2022,ITM0341,OUT012,CUS01387,1,1466.46,2.7
TXN0004432,05-12-2018,ITM0366,OUT029,CUS01582,11,2617.28,2.9
TXN0008798,01-09-2019,ITM0253,OUT022,CUS01103,5,1493.69,2.8
TXN0005697,13-11-2020,ITM0381,OUT037,CUS01129,13,4504.25,3.8
TXN0002535,30-08-2020,ITM0446,OUT027,CUS01067,1,200.23,4.9
TXN0010475,,ITM0270,OUT016,CUS00218,10,4413.67,3.7
TXN0008738,05-03-2019,ITM0491,OUT048,CUS01750,9,1359.18,4.2
TXN0009972,18-07-2023,ITM0116,OUT048,CUS00246,14,2258.87,
TXN0009025,13-03-2022,ITM0437,OUT041,CUS00017,8,3023.83,4.6
TXN0003447,12-11-2022,ITM0146,OUT032,CUS01379,14,3750.28,2.6
TXN0006562,12-08-2019,ITM0491,OUT040,CUS00048,11,3902.44,1.2
TXN0001946,22-09-2022,ITM0036,OUT008,CUS00520,16,4351.65,2.2
TXN0004348,22-04-2020,ITM0134,OUT010,CUS01490,20,279.56,3.0
TXN0002813,17-05-2019,ITM0103,OUT045,CUS01834,2,2753.82,1.4
TXN0003905,16-04-2018,ITM0170,OUT023,CUS00554,6,2216.57,3.1
TXN0000192,19-06-2022,ITM0285,OUT014,CUS01807,17,2674.57,4.7
TXN0006334,26-07-2020,ITM0354,OUT023,CUS00506,11,50.89,1.4
TXN0008791,07-10-2022,ITM0267,OUT002,CUS01577,14,4718.94,1.1
TXN0000845,30-11-2021,ITM0044,OUT023,CUS01987,11,2049.75,3.0
TXN0002165,14-10-2022,ITM0084,OUT001,CUS00839,16,4356.72,2.9
TXN0001969,29-10-2018,ITM0023,OUT012,CUS01779,9,1204.51,2.3
TXN0006541,29-08-2021,ITM0471,OUT006,CUS00743,6,831.30,1.5
TXN0001645,12-02-2020,ITM0267,OUT021,CUS00689,1,3267.48,
TXN0001195,16-06-2020,ITM0245,OUT027,CUS01171,13,2205.04,2.5
TXN0007022,07-11-2023,ITM0471,OUT036,CUS01614,10,3125.30,1.5
TXN0004343,19-06-2019,ITM0490,OUT042,CUS00244,17,1108.88,2.9
TXN0005503,06-01-2018,ITM0360,OUT001,CUS01976,4,4717.99,2.8
TXN0004870,29-06-2022,ITM0317,OUT038,CUS01341,19,4164.21,3.5
TXN0010107,28-03-2023,ITM0273,OUT045,CUS00940,12,3561.24,
TXN0010334,22-12-2022,ITM0123,OUT024,CUS01490,,1419.38,3.9
TXN0001835,13-12-2022,ITM0323,OUT039,CUS01714,11,1675.39,
TXN0005883,22-12-2021,ITM0006,OUT018,CUS01558,13,4640.21,3.7
TXN0007925,05-06-2020,ITM0058,OUT037,CUS00342,6,3293.56,4.1
TXN0002781,01-06-2021,ITM0231,OUT008,CUS00706,7,4547.34,1.5
TXN0004067,29-08-2023,ITM0483,OUT021,CUS00048,10,150.36,
TXN0003720,16-12-2023,ITM0409,OUT047,CUS01149,17,475.48,3.2
TXN0005575,15-12-2019,ITM0025,OUT028,CUS01830,14,2512.43,2.2
TXN0008175,03-07-2019,ITM0417,OUT016,CUS00721,17,3883.47,4.9
TXN0003311,25-10-2023,ITM0348,OUT048,CUS00098,7,4160.53,3.6
TXN0004703,10-07-2022,ITM0007,OUT029,CUS00552,20,378.29,4.5
TXN0001852,31-07-2022,ITM0355,OUT028,CUS01884,6,4870.59,4.4
TXN0010293,21-07-2020,ITM0400,OUT039,CUS00644,16,1585.51,3.1
TXN0002602,27-06-2021,ITM0453,OUT020,CUS01373,13,657.69,
TXN0003578,28-03-2021,ITM0207,OUT020,CUS00505,1,740.86,2.7
TXN0005830,06-12-2019,ITM0048,OUT022,CUS01815,6,768.60,3.6
TXN0000088,22-06-2019,ITM0368,OUT013,CUS00085,5,661.62,1.5
TXN0006657,23-06-2023,ITM0254,OUT027,CUS01344,17,4658.62,3.1
TXN0002474,03-07-2019,ITM0393,OUT031,CUS00892,15,4189.55,4.3
TXN0006972,16-05-2022,ITM0351,OUT044,CUS00208,2,1587.52,1.0
TXN0008166,15-04-2018,ITM0069,OUT022,CUS00856,10,4128.26,1.4
TXN0005268,11-11-2019,ITM0450,OUT023,CUS00557,20,2184.37,1.9
TXN0008215,21-01-2019,ITM0487,OUT038,CUS01968,15,39.86,1.7
TXN0000917,20-06-2022,ITM0104,OUT001,CUS01174,12,286.46,3.9
TXN0006371,16-01-2018,ITM0327,OUT034,CUS01652,8,1741.76,
TXN0003046,16-02-2021,ITM0111,OUT046,CUS01721,12,1990.01,3.3
TXN0006713,17-09-2020,ITM0151,OUT023,CUS00825,4,4813.36,
TXN0005014,08-02-2019,ITM0098,OUT005,CUS01304,1,4647.57,2.8
TXN0010437,12-02-2020,ITM0072,OUT029,CUS01851,11,4978.78,1.0
TXN0001483,01-11-2019,ITM0363,OUT009,CUS01090,20,2766.63,4.9
TXN0006814,20-06-2018,ITM0374,OUT021,CUS00405,16,3469.43,1.2
TXN0002960,02-11-2020,ITM0103,OUT006,CUS00038,11,4213.45,3.9
TXN0008083,25-12-2020,ITM0152,OUT033,CUS00413,10,4738.59,4.9
TXN0007951,09-02-2022,ITM0416,OUT030,CUS01268,6,4134.11,2.5
TXN0000944,20-06-2023,ITM0495,OUT018,CUS01299,2,3546.42,
TXN0008422,29-12-2019,ITM0132,OUT050,CUS00209,8,460.11,1.2
TXN0009787,01-07-2018,ITM0093,OUT044,CUS00985,20,1372.59,3.2
TXN0004787,,ITM0315,OUT045,CUS00959,13,3252.47,4.4
TXN0003799,14-12-2020,ITM0062,OUT035,CUS01030,10,562.17,3.7
TXN0009236,27-08-2021,ITM0249,OUT040,CUS01565,17,659.45,3.5
TXN0002611,03-03-2021,ITM0427,OUT041,CUS01181,6,247.78,1.9
TXN0003843,11-06-2018,ITM0319,OUT034,CUS01099,3,3324.93,2.9
TXN0010370,18-04-2021,ITM0033,OUT015,CUS00712,15,869.72,1.8
TXN0009186,30-10-2021,ITM0487,OUT029,CUS00210,10,4647.72,1.4
TXN0005597,17-05-2020,ITM0266,OUT037,CUS00153,7,3024.09,3.7
TXN0006479,23-09-2023,ITM0424,OUT033,CUS01393,5,1205.30,1.8
TXN0006012,15-09-2018,ITM0393,OUT038,CUS01853,20,1227.64,1.7
TXN0009032,14-12-2021,ITM0447,OUT036,CUS00279,1,680.38,2.9
TXN0000086,15-02-2021,ITM0034,OUT027,CUS01995,12,2441.50,4.7
TXN0009905,26-04-2020,ITM0441,OUT035,CUS01880,20,2441.14,4.9
TXN0003042,23-12-2023,ITM0084,OUT031,CUS01876,8,2192.95,4.7
TXN0005812,16-04-2021,ITM0448,OUT043,CUS00991,2,2427.45,
TXN0004499,11-08-2019,ITM0473,OUT049,CUS01497,11,2253.91,
TXN0003898,02-05-2020,ITM0241,OUT031,CUS01054,18,,3.1
TXN0010316,20-11-2018,ITM0324,OUT012,CUS00827,19,1836.42,
TXN0000408,20-10-2021,ITM0217,OUT038,CUS01404,4,4757.53,2.1
TXN0009683,23-10-2023,ITM0149,OUT018,CUS01275,4,2173.67,2.0
TXN0009980,25-12-2021,ITM0444,OUT006,CUS00614,16,4550.85,1.5
TXN0001091,13-12-2022,ITM0410,OUT045,CUS01765,3,3685.82,4.9
TXN0009721,,ITM0431,OUT019,CUS01349,14,3282.18,4.2
TXN0010410,,ITM0393,OUT002,CUS01869,5,,1.6
TXN0004676,25-03-2019,ITM0420,OUT024,CUS01940,20,1336.58,4.4
TXN0002194,,ITM0303,OUT031,CUS01168,16,3422.90,4.6
TXN0003016,15-07-2020,ITM0323,OUT003,CUS00440,1,1241.25,3.5
TXN0005603,21-12-2022,ITM0005,OUT035,CUS00684,5,962.12,1.3
TXN0003356,26-03-2022,ITM0232,OUT023,CUS00215,10,873.60,1.1
TXN0005273,05-03-2018,ITM0231,OUT033,CUS00606,15,3670.11,4.1
TXN0003538,27-10-2020,ITM0237,OUT047,CUS01560,16,4804.50,4.8
TXN0001858,10-12-2020,ITM0164,OUT012,CUS00695,16,1327.09,1.3
TXN0006435,30-08-2019,ITM0228,OUT049,CUS00606,,4261.18,3.9
TXN0000024,21-05-2019,ITM0319,OUT037,CUS01187,14,743.95,2.0
TXN0008278,03-01-2020,ITM0388,OUT012,CUS01657,16,4983.17,1.3
TXN0007928,29-12-2019,ITM0231,OUT017,CUS01162,5,1292.67,1.7
TXN0008549,29-04-2023,ITM0317,OUT036,CUS00905,19,382.90,4.1
TXN0004643,18-10-2019,ITM0287,OUT041,CUS01646,3,2593.90,3.9
TXN0002041,17-07-2021,ITM0493,OUT041,CUS00833,2,3734.34,4.8
TXN0008486,01-01-2021,ITM0295,OUT015,CUS01291,1,4445.43,1.5
TXN0005764,30-10-2019,ITM0243,OUT019,CUS01665,10,367.34,1.1
TXN0006738,27-08-2019,ITM0321,OUT011,CUS01235,18,2970.54,2.8
TXN0002151,15-10-2018,ITM0058,OUT023,CUS01777,2,3178.38,1.2
TXN0000678,17-06-2021,ITM0388,OUT047,CUS00213,13,708.25,2.6
TXN0004944,20-12-2018,ITM0245,OUT028,CUS01043,6,4852.38,4.1
TXN0004408,21-06-2023,ITM0044,OUT008,CUS00027,15,3026.68,1.7
TXN0002436,13-05-2018,ITM0095,OUT023,CUS01657,16,2900.74,2.4
TXN0000709,20-11-2020,ITM0336,OUT029,CUS00804,,4416.02,2.0
TXN0005187,14-06-2023,ITM0137,OUT013,CUS00605,1,3722.42,1.4
TXN0010438,01-03-2023,ITM0045,OUT018,CUS01037,16,2066.05,3.9
TXN0002292,01-06-2022,ITM0396,OUT044,CUS01659,13,4842.36,5.0
TXN0001134,22-07-2021,ITM0070,OUT042,CUS00485,5,2919.14,4.3
TXN0008338,07-09-2019,ITM0126,OUT025,CUS00869,18,2211.61,1.1
TXN0007605,30-03-2019,ITM0221,OUT027,CUS00711,20,999.10,2.0
TXN0008781,03-10-2020,ITM0457,OUT002,CUS00230,17,614.66,1.2
TXN0005491,22-07-2021,ITM0189,OUT033,CUS00444,19,1370.79,2.9
TXN0008547,18-03-2018,ITM0478,OUT001,CUS01187,15,,3.8
TXN0008290,19-07-2021,ITM0464,OUT010,CUS01983,18,2060.57,1.7
TXN0009865,11-01-2023,ITM0216,OUT046,CUS00205,3,1741.28,4.9
TXN0001052,24-03-2023,ITM0002,OUT032,CUS01041,18,2333.80,1.8
TXN0005632,07-06-2019,ITM0331,OUT025,CUS01904,13,2936.78,3.7
TXN0008827,11-11-2019,ITM0277,OUT017,CUS01278,20,4980.43,3.7
TXN0008702,29-08-2022,ITM0423,OUT010,CUS00589,20,3192.86,3.8
TXN0002937,11-12-2019,ITM0267,OUT017,CUS00418,12,,3.6
TXN0007612,31-03-2018,ITM0025,OUT040,CUS00003,7,1834.33,4.5
TXN0000278,08-08-2022,ITM0381,OUT047,CUS01007,5,1599.62,
TXN0004079,03-12-2022,ITM0211,OUT048,CUS01234,6,1494.79,2.2
TXN0005895,23-03-2018,ITM0192,OUT008,CUS00755,20,3939.85,3.6
TXN0004945,23-11-2022,ITM0320,OUT030,CUS01027,13,2358.40,5.0
TXN0004248,26-11-2020,ITM0166,OUT020,CUS01110,12,731.18,4.3
TXN0004673,13-12-2021,ITM0261,OUT010,CUS00305,9,4245.16,2.1
TXN0010500,27-11-2022,ITM0191,OUT005,CUS00056,18,1694.18,2.9
TXN0010317,05-08-2018,ITM0092,OUT034,CUS01765,20,,1.2
TXN0008929,10-02-2021,ITM0075,OUT044,CUS01553,14,2651.52,3.4
TXN0003996,06-11-2020,ITM0403,OUT030,CUS01725,19,,3.2
TXN0006556,08-02-2022,ITM0040,OUT045,CUS01432,18,1012.73,1.2
TXN0009211,28-09-2019,ITM0447,OUT021,CUS01239,1,421.38,2.7
TXN0007894,07-04-2019,ITM0427,OUT021,CUS01218,13,,3.5
TXN0006985,04-05-2020,ITM0474,OUT037,CUS01250,12,920.84,2.6
TXN0007134,,ITM0480,OUT023,CUS01197,7,1506.40,3.4
TXN0009768,18-07-2021,ITM0423,OUT025,CUS01754,16,753.78,3.4
TXN0009139,04-02-2020,ITM0110,OUT002,CUS01990,16,367.92,4.8
TXN0010153,27-05-2021,ITM0490,OUT020,CUS00105,12,1075.39,2.8
TXN0006693,05-04-2021,ITM0207,OUT030,CUS01699,16,1205.60,2.4
TXN0004993,26-10-2019,ITM0070,OUT046,CUS00365,17,2135.17,2.0
TXN0009554,26-08-2023,ITM0081,OUT021,CUS00883,15,3609.54,1.6
TXN0006910,13-11-2023,ITM0253,OUT047,CUS00852,15,1191.62,1.8
TXN0010268,,ITM0102,OUT009,CUS00668,14,4260.31,4.5
TXN0006130,20-03-2020,ITM0338,OUT007,CUS01900,1,3563.53,3.8
TXN0009082,19-07-2022,ITM0257,OUT030,CUS00060,12,306.42,2.7
TXN0009029,31-12-2023,ITM0266,OUT001,CUS01104,12,1739.04,3.4
TXN0005328,02-01-2020,ITM0034,OUT021,CUS01710,1,4772.34,2.5
TXN0000946,24-06-2019,ITM0128,OUT047,CUS01995,12,1610.50,4.1
TXN0000965,30-05-2018,ITM0122,OUT034,CUS01045,16,3332.38,3.3
TXN0003768,11-09-2022,ITM0366,OUT006,CUS00451,10,1408.78,4.7
TXN0008691,30-10-2022,ITM0177,OUT036,CUS00417,4,4552.63,2.1
TXN0005458,23-08-2020,ITM0498,OUT027,CUS00008,7,,3.1
TXN0010100,19-06-2021,ITM0470,OUT036,CUS00553,9,4397.78,4.8
TXN0008115,23-03-2018,ITM0012,OUT018,CUS01868,16,4876.78,3.6
TXN0004303,16-02-2019,ITM0239,OUT047,CUS01003,2,,2.5
TXN0007877,20-04-2022,ITM0019,OUT050,CUS01177,18,4586.16,2.7
TXN0001810,01-08-2020,ITM0280,OUT029,CUS00961,16,2551.39,
TXN0003822,13-08-2018,ITM0380,OUT014,CUS01000,13,4159.40,4.2
TXN0009710,30-05-2021,ITM0031,OUT037,CUS00368,14,4319.63,1.6
TXN0005628,13-09-2022,ITM0479,OUT007,CUS00718,5,1606.25,3.7
TXN0001593,11-06-2018,ITM0426,OUT018,CUS01753,16,1825.74,1.3
TXN0009836,15-06-2020,ITM0395,OUT043,CUS01619,8,1548.97,4.9
TXN0002339,23-02-2018,ITM0258,OUT002,CUS00620,10,2680.98,3.8
TXN0005759,06-08-2023,ITM0048,OUT026,CUS01476,4,1987.81,4.3
TXN0003999,29-04-2018,ITM0385,OUT022,CUS00598,17,4310.09,3.4
TXN0008815,07-09-2019,ITM0243,OUT008,CUS00740,8,410.08,1.3
TXN0006934,27-07-2020,ITM0379,OUT012,CUS00828,3,2180.61,1.7
TXN0001584,25-06-2018,ITM0271,OUT048,CUS00441,6,4421.44,2.9
TXN0001410,22-01-2022,ITM0165,OUT010,CUS00012,4,3469.90,3.3
TXN0009745,03-02-2022,ITM0135,OUT014,CUS01168,11,,2.6
TXN0000686,08-12-2021,ITM0021,OUT004,CUS01788,12,4009.15,1.5
TXN0001381,02-07-2022,ITM0357,OUT037,CUS01405,4,,3.5
TXN0008351,10-07-2018,ITM0390,OUT007,CUS01626,18,4622.00,2.5
TXN0000541,15-01-2021,ITM0275,OUT015,CUS01173,1,3899.64,2.6
TXN0005226,24-09-2020,ITM0288,OUT015,CUS01830,9,4437.26,2.3
TXN0007789,02-09-2020,ITM0298,OUT007,CUS01500,2,2580.18,1.9
TXN0003880,,ITM0278,OUT034,CUS01585,15,2114.07,2.5
TXN0005024,07-04-2019,ITM0185,OUT039,CUS00779,11,3816.18,4.6
TXN0007023,09-05-2022,ITM0069,OUT030,CUS01116,16,3882.84,3.4
TXN0009329,29-11-2021,ITM0227,OUT034,CUS01268,1,643.62,1.9
TXN0004452,14-02-2018,ITM0299,OUT022,CUS01614,2,3862.66,3.4
TXN0002409,18-03-2022,ITM0304,OUT036,CUS01360,,4852.78,2.1
TXN0005685,03-10-2019,ITM0364,OUT017,CUS01341,12,4083.41,
TXN0005540,30-09-2021,ITM0490,OUT011,CUS00390,7,165.80,2.6
TXN0008465,27-05-2020,ITM0002,OUT016,CUS00010,12,1145.08,
TXN0002240,09-08-2019,ITM0228,OUT014,CUS00523,15,2076.13,2.8
TXN0005616,,ITM0341,OUT017,CUS01267,2,4539.62,1.9
TXN0005210,14-06-2019,ITM0366,OUT042,CUS01013,18,2379.49,4.1
TXN0009987,06-06-2022,ITM0105,OUT029,CUS01923,10,171.70,3.9
TXN0008734,,ITM0353,OUT044,CUS01890,13,1827.02,1.3
TXN0003044,22-06-2018,ITM0411,OUT046,CUS01363,7,4327.74,2.5
TXN0004247,19-03-2018,ITM0130,OUT037,CUS01272,5,3037.61,1.4
TXN0009624,29-09-2022,ITM0483,OUT026,CUS00278,4,2401.65,4.2
TXN0004309,23-04-2018,ITM0075,OUT005,CUS01948,12,3692.70,3.2
TXN0001179,01-11-2019,ITM0373,OUT002,CUS00304,18,3777.21,1.2
TXN0000795,19-11-2018,ITM0041,OUT039,CUS01412,20,360.00,4.0
TXN0004857,23-07-2021,ITM0359,OUT015,CUS01862,11,2525.13,
TXN0009195,08-03-2018,ITM0370,OUT043,CUS00374,7,523.02,1.7
TXN0010196,23-09-2018,ITM0365,OUT028,CUS01914,9,2321.98,2.5
TXN0000481,30-04-2020,ITM0132,OUT025,CUS00208,5,723.18,1.5
TXN0003378,26-12-2021,ITM0093,OUT048,CUS00045,8,881.70,3.4
TXN0003347,26-09-2019,ITM0323,OUT012,CUS01527,1,1794.70,3.7
TXN0000829,07-09-2020,ITM0374,OUT015,CUS00259,13,2946.73,
TXN0002228,28-09-2021,ITM0061,OUT035,CUS01562,4,713.37,3.2
TXN0004489,23-02-2018,ITM0199,OUT020,CUS00684,20,599.40,3.6
TXN0000514,,ITM0424,OUT032,CUS00015,13,3221.44,4.1
TXN0009163,15-08-2021,ITM0297,OUT002,CUS01992,16,4252.61,1.1
TXN0009519,10-10-2020,ITM0014,OUT008,CUS01032,16,3864.60,2.9
TXN0009421,13-12-2018,ITM0443,OUT048,CUS00351,,824.45,2.3
TXN0006885,11-07-2020,ITM0074,OUT039,CUS01573,7,3862.19,
TXN0009401,15-03-2022,ITM0421,OUT037,CUS01562,14,4357.10,1.9
TXN0003415,25-08-2021,ITM0434,OUT004,CUS01217,10,2115.57,1.6
TXN0000657,,ITM0073,OUT046,CUS01757,9,1000.11,4.6
TXN0000581,21-09-2023,ITM0020,OUT041,CUS01023,10,1848.83,1.3
TXN0000157,03-01-2019,ITM0155,OUT014,CUS01724,11,3236.70,1.3
TXN0003061,17-12-2023,ITM0037,OUT044,CUS01759,8,3608.94,1.9
TXN0007110,14-08-2020,ITM0082,OUT050,CUS00247,7,1774.39,2.9
TXN0003452,22-05-2018,ITM0390,OUT018,CUS00513,5,462.35,1.0
TXN0002389,28-02-2023,ITM0348,OUT010,CUS00322,,1543.90,4.3
TXN0000499,,ITM0120,OUT006,CUS00725,17,15.44,3.6
TXN0005272,11-10-2022,ITM0255,OUT047,CUS01054,5,4687.29,1.1
TXN0003448,27-03-2021,ITM0057,OUT042,CUS00154,1,4427.24,3.7
TXN0005510,,ITM0198,OUT015,CUS01695,20,1721.67,3.0
TXN0003602,26-04-2021,ITM0423,OUT020,CUS00766,15,4135.79,3.7
TXN0004696,31-01-2020,ITM0285,OUT008,CUS00424,9,,4.9
TXN0000290,17-10-2019,ITM0396,OUT036,CUS01947,5,4755.66,2.2
TXN0004916,02-04-2023,ITM0360,OUT023,CUS01340,10,228.66,1.8
TXN0006040,,ITM0448,OUT049,CUS01956,20,2005.19,3.9
TXN0005219,16-09-2019,ITM0394,OUT041,CUS00512,12,132.55,4.3
TXN0008982,27-05-2023,ITM0475,OUT044,CUS00188,4,3750.23,4.8
TXN0010476,16-04-2018,ITM0280,OUT010,CUS01438,18,3062.94,1.7
TXN0009747,17-12-2018,ITM0170,OUT050,CUS00596,20,,2.6
TXN0004814,25-09-2023,ITM0149,OUT036,CUS00597,16,1757.54,3.9
TXN0001740,26-04-2021,ITM0306,OUT038,CUS01213,9,245.89,2.9
TXN0001125,21-02-2021,ITM0262,OUT050,CUS00944,3,4190.15,1.5
TXN0001571,03-10-2020,ITM0319,OUT046,CUS00664,14,3404.10,3.5
TXN0003613,,ITM0221,OUT041,CUS01424,13,402.15,2.9
TXN0006482,29-02-2020,ITM0368,OUT026,CUS00480,20,4353.39,4.6
TXN0006630,14-09-2018,ITM0454,OUT032,CUS01684,15,2017.56,2.4
TXN0003437,01-03-2022,ITM0443,OUT026,CUS01096,7,3609.74,4.5
TXN0007803,29-11-2023,ITM0202,OUT005,CUS01845,,705.13,3.8
TXN0005466,10-12-2018,ITM0009,OUT001,CUS00483,14,4509.35,3.6
TXN0007715,01-04-2020,ITM0203,OUT040,CUS00347,5,1983.43,1.4
TXN0002862,26-08-2022,ITM0100,OUT045,CUS00366,1,2718.56,3.0
TXN0009515,22-02-2019,ITM0278,OUT048,CUS01562,2,4312.12,1.5
TXN0001344,17-03-2022,ITM0460,OUT008,CUS01355,18,1348.66,3.7
TXN0004535,11-06-2023,ITM0348,OUT031,CUS01098,20,1097.45,3.7
TXN0005866,29-09-2021,ITM0215,OUT042,CUS00184,4,86.60,4.8
TXN0009857,19-10-2019,ITM0462,OUT010,CUS00023,12,4892.13,4.9
TXN0010322,18-03-2018,ITM0266,OUT028,CUS01800,6,3088.76,2.7
TXN0009336,17-06-2022,ITM0441,OUT037,CUS01784,12,2058.40,2.7
TXN0009932,24-11-2022,ITM0333,OUT033,CUS00330,19,2025.77,3.4
TXN0002981,12-08-2019,ITM0236,OUT033,CUS00419,1,989.43,
TXN0008874,03-01-2018,ITM0192,OUT040,CUS00227,2,3610.13,1.0
TXN0008177,14-04-2021,ITM0450,OUT050,CUS01570,20,1305.34,4.2
TXN0005452,09-09-2021,ITM0360,OUT037,CUS01063,6,3830.20,2.2
TXN0009555,07-11-2019,ITM0039,OUT022,CUS01202,20,3653.88,4.2
TXN0003699,17-04-2018,ITM0049,OUT037,CUS01416,13,4442.07,4.8
TXN0002116,,ITM0338,OUT016,CUS01285,5,,4.8
TXN0001651,07-01-2022,ITM0142,OUT021,CUS01713,13,4758.98,3.3
TXN0003959,11-03-2021,ITM0482,OUT004,CUS00238,2,2225.46,1.9
TXN0008868,31-10-2018,ITM0067,OUT023,CUS01597,8,3935.95,2.9
TXN0009263,25-05-2021,ITM0424,OUT035,CUS00158,11,937.15,3.5
TXN0010248,30-10-2021,ITM0071,OUT023,CUS00751,13,2981.62,1.9
TXN0009757,18-04-2019,ITM0444,OUT050,CUS01826,,1722.73,4.2
TXN0009635,05-10-2018,ITM0254,OUT008,CUS00404,1,4663.08,
TXN0002054,03-06-2023,ITM0424,OUT012,CUS01134,8,,3.8
TXN0006605,20-02-2022,ITM0070,OUT007,CUS01760,11,4284.31,1.6
TXN0007978,14-08-2023,ITM0243,OUT001,CUS00446,16,949.98,4.3
TXN0006161,18-11-2018,ITM0315,OUT038,CUS01341,18,2034.97,1.2
TXN0002635,29-06-2019,ITM0263,OUT020,CUS00710,15,2852.36,4.1
TXN0000464,16-07-2022,ITM0311,OUT032,CUS00541,18,2907.87,3.2
TXN0009256,30-11-2021,ITM0072,OUT036,CUS01704,18,1248.75,3.5
TXN0002198,17-07-2023,ITM0013,OUT027,CUS00448,1,4281.52,1.3
TXN0007399,12-03-2023,ITM0212,OUT028,CUS00045,14,412.72,5.0
TXN0007148,10-03-2020,ITM0030,OUT036,CUS01848,9,1145.14,2.2
TXN0007114,23-02-2018,ITM0032,OUT043,CUS00059,19,2968.55,4.6
TXN0006274,24-05-2022,ITM0336,OUT032,CUS01074,2,2279.96,1.1
TXN0010147,24-02-2021,ITM0169,OUT048,CUS01687,20,,
TXN0006438,30-05-2019,ITM0314,OUT044,CUS01374,13,1211.22,
TXN0008136,08-02-2018,ITM0406,OUT009,CUS01978,1,,4.1
TXN0010183,27-07-2019,ITM0115,OUT040,CUS01994,12,2099.58,4.6
TXN0003615,07-09-2019,ITM0370,OUT044,CUS01278,16,766.05,1.1
TXN0003874,25-05-2022,ITM0098,OUT042,CUS00438,1,3684.70,2.7
TXN0009204,20-09-2022,ITM0160,OUT039,CUS01142,1,4485.90,3.0
TXN0010469,07-11-2021,ITM0007,OUT038,CUS01048,12,3383.18,
TXN0000646,18-06-2023,ITM0237,OUT043,CUS00211,13,4205.57,4.8
TXN0005935,21-05-2022,ITM0381,OUT005,CUS01642,9,677.86,1.7
TXN0003595,10-02-2020,ITM0194,OUT025,CUS01561,10,4831.48,2.3
TXN0005501,13-12-2021,ITM0073,OUT013,CUS01903,,2006.25,1.1
TXN0009830,30-11-2019,ITM0164,OUT006,CUS01084,9,3900.77,1.9
TXN0000505,25-05-2020,ITM0409,OUT049,CUS00185,15,3289.44,1.4
TXN0002760,14-06-2023,ITM0114,OUT044,CUS01293,1,,1.2
TXN0002949,11-04-2020,ITM0279,OUT029,CUS01012,18,4543.40,2.3
TXN0007228,07-03-2021,ITM0206,OUT050,CUS00578,11,3700.98,4.6
TXN0001494,15-10-2023,ITM0101,OUT001,CUS01678,18,3610.69,2.8
TXN0003081,16-01-2021,ITM0483,OUT033,CUS01028,20,1038.11,1.3
TXN0001576,07-04-2021,ITM0305,OUT028,CUS00992,,3842.44,2.9
TXN0002488,11-06-2020,ITM0250,OUT035,CUS01919,11,3273.08,1.6
TXN0009227,09-04-2023,ITM0234,OUT014,CUS01002,19,4316.85,4.4
TXN0007749,15-12-2023,ITM0010,OUT012,CUS00052,18,915.81,2.1
TXN0001459,17-12-2022,ITM0083,OUT019,CUS00957,1,3125.39,3.3
TXN0003640,04-02-2020,ITM0122,OUT035,CUS01655,9,103.28,3.8
TXN0002567,27-09-2020,ITM0031,OUT009,CUS00575,3,542.38,1.5
TXN0009490,24-04-2022,ITM0355,OUT033,CUS00876,12,4463.20,1.8
TXN0005067,03-02-2020,ITM0068,OUT030,CUS01129,6,91.87,4.1
TXN0005329,17-09-2022,ITM0143,OUT025,CUS01897,15,2662.53,4.0
TXN0000176,15-01-2020,ITM0138,OUT012,CUS00927,16,1992.33,4.5
TXN0002232,20-02-2023,ITM0143,OUT002,CUS01741,14,184.67,4.6
TXN0010143,18-02-2021,ITM0488,OUT012,CUS01400,11,290.05,1.1
TXN0006128,07-06-2021,ITM0151,OUT050,CUS01186,14,2557.59,3.2
TXN0002597,27-03-2023,ITM0250,OUT019,CUS00337,18,1276.45,4.7
TXN0000958,22-12-2022,ITM0178,OUT019,CUS01245,18,4761.98,5.0
TXN0001181,05-01-2018,ITM0011,OUT029,CUS00096,8,4147.25,4.3
TXN0005961,13-05-2022,ITM0371,OUT034,CUS00137,12,176.08,3.1
TXN0006963,03-01-2019,ITM0378,OUT031,CUS01635,18,2044.80,2.2
TXN0004557,13-05-2021,ITM0098,OUT023,CUS01172,,2326.43,2.5
TXN0008811,22-09-2019,ITM0047,OUT040,CUS01430,18,1396.34,2.1
TXN0006549,02-08-2020,ITM0126,OUT021,CUS00804,20,1597.80,2.6
TXN0004687,30-06-2018,ITM0331,OUT038,CUS00077,20,389.13,1.3
TXN0000121,29-03-2020,ITM0422,OUT036,CUS00456,18,1911.85,2.6
TXN0009395,15-09-2020,ITM0060,OUT015,CUS00106,16,1370.27,2.3
TXN0005673,27-02-2020,ITM0485,OUT046,CUS00339,18,4998.19,2.6
TXN0009809,03-04-2022,ITM0207,OUT006,CUS00517,16,3451.11,3.5
TXN0008713,22-03-2019,ITM0070,OUT042,CUS01818,10,1850.76,4.6
TXN0000972,05-06-2019,ITM0410,OUT013,CUS00853,3,2444.11,
TXN0002594,18-03-2022,ITM0050,OUT024,CUS00246,15,2463.46,4.2
TXN0000887,12-01-2023,ITM0396,OUT045,CUS01446,12,1204.17,2.4
TXN0009161,30-09-2018,ITM0299,OUT008,CUS00671,16,4706.44,3.0
TXN0001643,27-08-2018,ITM0184,OUT050,CUS01514,4,1048.06,2.3
TXN0009804,30-11-2021,ITM0419,OUT045,CUS00252,,2947.49,2.1
TXN0002980,09-09-2020,ITM0151,OUT001,CUS01956,14,4992.63,
TXN0008294,28-01-2023,ITM0111,OUT039,CUS00268,,98.43,3.2
TXN0010490,29-02-2020,ITM0361,OUT048,CUS00874,8,488.36,1.2
TXN0000601,07-06-2021,ITM0309,OUT028,CUS01161,2,,3.3
TXN0000122,20-01-2020,ITM0135,OUT035,CUS01761,9,3533.37,4.4
TXN0002385,14-05-2020,ITM0248,OUT044,CUS00077,1,1907.10,3.5
TXN0006588,29-05-2018,ITM0368,OUT039,CUS00052,11,481.57,1.6
TXN0000910,10-01-2020,ITM0462,OUT006,CUS01273,11,219.80,2.0
TXN0010022,28-01-2023,ITM0329,OUT012,CUS00135,5,3289.86,2.6
TXN0009711,22-04-2023,ITM0082,OUT018,CUS01744,20,,3.6
TXN0000447,14-07-2020,ITM0246,OUT047,CUS01430,2,3007.09,4.8
TXN0009368,04-12-2018,ITM0087,OUT048,CUS01227,,3224.41,4.7
TXN0007965,06-11-2019,ITM0164,OUT042,CUS01426,8,3960.08,3.6
TXN0007788,22-06-2023,ITM0171,OUT028,CUS01848,8,4352.70,3.3
TXN0000386,10-02-2023,ITM0278,OUT049,CUS00925,12,2530.89,2.8
TXN0006570,08-11-2021,ITM0123,OUT021,CUS01854,20,4755.92,3.1
TXN0001950,14-08-2020,ITM0331,OUT019,CUS00212,4,501.76,2.3
TXN0002942,19-05-2021,ITM0148,OUT037,CUS01038,17,1443.34,4.1
TXN0010358,29-11-2023,ITM0352,OUT002,CUS01677,13,1346.03,2.8
TXN0002469,,ITM0331,OUT002,CUS01329,2,3514.02,4.2
TXN0002608,02-01-2020,ITM0435,OUT039,CUS00291,12,3984.61,4.8
TXN0000109,15-05-2019,ITM0282,OUT029,CUS00190,18,2483.46,1.6
TXN0010001,10-08-2018,ITM0349,OUT040,CUS00252,3,4001.97,1.9
TXN0004159,10-06-2023,ITM0107,OUT039,CUS00244,15,1008.50,2.5
TXN0006648,02-06-2022,ITM0159,OUT015,CUS01125,18,669.85,2.9
TXN0003840,22-10-2018,ITM0436,OUT005,CUS01211,20,3613.94,2.9
TXN0006081,05-09-2021,ITM0176,OUT015,CUS01472,8,1504.31,1.6
TXN0009741,10-03-2023,ITM0202,OUT028,CUS01071,3,3249.06,2.0
TXN0007787,09-12-2021,ITM0448,OUT003,CUS00143,10,1914.18,1.6
TXN0002333,10-07-2020,ITM0251,OUT039,CUS00171,1,1998.34,3.4
TXN0006867,17-02-2021,ITM0330,OUT005,CUS00991,20,2711.73,4.0
TXN0005008,03-01-2022,ITM0207,OUT028,CUS00898,,1730.84,3.7
TXN0002033,06-07-2019,ITM0217,OUT024,CUS00897,17,2979.76,
TXN0008233,01-02-2022,ITM0148,OUT013,CUS00212,,2957.97,1.6
TXN0000377,18-11-2022,ITM0469,OUT048,CUS00403,15,1505.35,2.4
TXN0002663,05-04-2021,ITM0146,OUT046,CUS01408,8,4637.04,4.0
TXN0001300,15-03-2020,ITM0442,OUT042,CUS00761,9,4979.27,2.1
TXN0004561,18-04-2018,ITM0075,OUT011,CUS01666,3,3641.07,3.3
TXN0010059,01-05-2021,ITM0078,OUT044,CUS00229,11,1289.11,3.3
TXN0001053,04-10-2019,ITM0298,OUT038,CUS01238,11,751.58,2.1
TXN0003407,13-05-2020,ITM0050,OUT021,CUS01359,14,2769.57,
TXN0006866,07-03-2019,ITM0096,OUT023,CUS00174,10,3191.45,1.5
TXN0003644,27-02-2021,ITM0077,OUT024,CUS00504,19,794.82,3.4
TXN0006023,08-01-2023,ITM0080,OUT048,CUS01826,1,1174.50,1.3
TXN0005028,14-06-2020,ITM0423,OUT010,CUS01461,13,1164.05,4.4
TXN0005322,13-06-2023,ITM0272,OUT003,CUS00673,11,4356.77,4.4
TXN0001139,05-04-2022,ITM0445,OUT038,CUS00074,17,3390.36,1.5
TXN0005358,11-01-2020,ITM0376,OUT022,CUS00282,11,2034.89,4.7
TXN0005395,09-04-2018,ITM0268,OUT030,CUS00078,7,,1.5
TXN0002838,14-08-2018,ITM0094,OUT031,CUS01508,4,4511.51,3.9
TXN0005825,04-09-2019,ITM0001,OUT044,CUS00411,12,3779.48,2.7
TXN0000935,26-05-2023,ITM0086,OUT028,CUS01576,6,3939.71,2.0
TXN0007940,09-07-2021,ITM0008,OUT042,CUS01346,11,2464.79,1.8
TXN0001293,09-07-2022,ITM0269,OUT003,CUS01427,9,2905.93,2.6
TXN0007558,21-06-2019,ITM0219,OUT018,CUS00766,15,218.60,4.5
TXN0002748,18-02-2018,ITM0088,OUT045,CUS00089,12,1394.70,1.7
TXN0001800,21-01-2019,ITM0186,OUT032,CUS00515,11,4585.10,3.3
TXN0000534,27-03-2022,ITM0143,OUT012,CUS01662,2,4949.84,5.0
TXN0009006,11-09-2019,ITM0361,OUT045,CUS01074,15,946.04,2.0
TXN0002074,20-06-2018,ITM0111,OUT050,CUS00316,16,4887.90,2.7
TXN0006949,28-09-2023,ITM0381,OUT007,CUS00871,5,808.33,2.3
TXN0005634,04-11-2019,ITM0153,OUT049,CUS00549,4,3809.26,2.3
TXN0004719,14-01-2022,ITM0095,OUT019,CUS01925,18,2254.18,2.3
TXN0003583,19-03-2021,ITM0283,OUT008,CUS00364,15,3297.02,2.2
TXN0003636,03-07-2020,ITM0405,OUT031,CUS01725,19,2159.72,
TXN0001289,06-05-2022,ITM0432,OUT041,CUS01658,8,1931.20,4.9
TXN0007619,07-01-2023,ITM0232,OUT008,CUS00385,13,3732.29,1.2
TXN0000479,13-06-2023,ITM0249,OUT048,CUS01177,18,3231.99,4.9
TXN0007642,06-01-2021,ITM0445,OUT043,CUS01507,20,3707.97,3.9
TXN0008933,29-05-2023,ITM0141,OUT048,CUS00137,1,4061.54,
TXN0003000,30-11-2022,ITM0488,OUT018,CUS01171,11,2958.50,
TXN0000341,26-02-2018,ITM0217,OUT035,CUS00052,3,487.32,2.6
TXN0003963,10-04-2020,ITM0469,OUT040,CUS01983,5,3309.53,2.7
TXN0005946,05-07-2020,ITM0153,OUT005,CUS01531,12,4468.36,3.2
TXN0000644,20-07-2022,ITM0053,OUT018,CUS01055,7,1930.96,4.3
TXN0003785,13-02-2020,ITM0227,OUT023,CUS00228,,1853.66,2.7
TXN0010041,22-06-2022,ITM0263,OUT043,CUS01393,4,1378.83,4.2
TXN0003689,07-05-2021,ITM0297,OUT013,CUS00509,16,1508.27,3.8
TXN0004765,24-04-2023,ITM0354,OUT016,CUS00589,8,1328.23,3.6
TXN0006804,08-04-2023,ITM0494,OUT030,CUS01367,5,3799.25,1.8
TXN0008651,09-06-2022,ITM0279,OUT050,CUS00942,8,2734.69,1.8
TXN0006689,17-08-2023,ITM0139,OUT042,CUS01858,12,4402.24,2.9
TXN0004477,30-08-2020,ITM0175,OUT044,CUS00524,2,3626.52,3.0
TXN0006887,24-09-2020,ITM0014,OUT038,CUS00124,15,1516.62,3.8
TXN0005036,20-04-2023,ITM0151,OUT034,CUS01701,4,1172.62,3.4
TXN0004616,,ITM0218,OUT036,CUS00143,8,,2.6
TXN0000260,15-08-2019,ITM0200,OUT017,CUS01773,19,729.55,3.9
TXN0001163,04-03-2020,ITM0279,OUT008,CUS00143,7,1300.60,2.6
TXN0007888,20-08-2018,ITM0324,OUT026,CUS01210,3,3910.61,2.3
TXN0000872,25-08-2019,ITM0323,OUT041,CUS00559,13,4216.08,4.0
TXN0002494,,ITM0009,OUT030,CUS01827,20,924.71,2.4
TXN0007281,01-03-2021,ITM0257,OUT025,CUS00383,15,2297.86,3.5
TXN0005682,07-02-2023,ITM0300,OUT001,CUS01645,1,1273.32,1.9
TXN0007952,18-12-2023,ITM0118,OUT027,CUS00886,6,603.62,3.5
TXN0003536,26-04-2022,ITM0073,OUT042,CUS01643,15,3553.99,
TXN0008772,07-01-2021,ITM0055,OUT016,CUS00558,17,3724.07,4.6
TXN0002431,05-12-2018,ITM0198,OUT010,CUS00994,1,992.27,1.7
TXN0005291,17-10-2018,ITM0202,OUT043,CUS01286,7,425.60,2.6
TXN0004180,28-05-2022,ITM0229,OUT016,CUS00963,8,781.32,
TXN0006280,,ITM0071,OUT050,CUS01768,19,4512.69,4.8
TXN0001332,10-08-2018,ITM0016,OUT033,CUS00855,2,2806.85,2.2
TXN0002997,01-12-2020,ITM0196,OUT034,CUS00133,10,3983.27,1.1
TXN0007363,25-02-2022,ITM0469,OUT030,CUS01991,8,1255.09,1.4
TXN0010287,28-07-2018,ITM0043,OUT049,CUS01582,4,4306.71,
TXN0006135,16-12-2021,ITM0404,OUT026,CUS01878,7,2059.95,
TXN0000768,31-07-2020,ITM0463,OUT040,CUS00522,2,4761.84,4.8
TXN0004311,25-10-2019,ITM0153,OUT041,CUS00632,12,643.95,4.9
TXN0004660,18-06-2023,ITM0006,OUT033,CUS01284,9,4713.46,4.1
TXN0004228,,ITM0267,OUT048,CUS01196,3,4200.22,4.3
TXN0006628,07-12-2021,ITM0461,OUT029,CUS01457,12,3381.96,1.0
TXN0006247,20-08-2019,ITM0154,OUT015,CUS01177,4,2524.46,3.8
TXN0004253,29-09-2018,ITM0311,OUT037,CUS01633,18,3621.96,2.3
TXN0004915,26-04-2019,ITM0087,OUT038,CUS00194,9,4864.55,3.9
TXN0001821,15-07-2023,ITM0070,OUT002,CUS00091,18,3398.04,3.5
TXN0006306,01-05-2018,ITM0426,OUT009,CUS01917,,4282.51,1.5
TXN0001226,09-12-2018,ITM0084,OUT009,CUS00087,19,776.95,1.3
TXN0005168,03-07-2022,ITM0074,OUT036,CUS01683,1,3093.96,
TXN0007991,04-02-2019,ITM0027,OUT025,CUS01002,15,532.63,3.5
TXN0003062,29-05-2019,ITM0261,OUT028,CUS00645,4,3146.84,3.1
TXN0000347,01-09-2018,ITM0086,OUT036,CUS01320,10,635.94,3.6
TXN0004831,08-07-2021,ITM0363,OUT040,CUS01336,13,2239.88,4.6
TXN0005808,07-09-2020,ITM0298,OUT038,CUS00893,8,4775.31,3.2
TXN0006653,29-07-2019,ITM0151,OUT035,CUS00170,5,2003.89,3.0
TXN0005476,03-04-2020,ITM0346,OUT050,CUS00087,14,1144.65,1.6
TXN0003732,09-05-2019,ITM0461,OUT028,CUS00882,16,2117.13,
TXN0009469,03-09-2018,ITM0495,OUT045,CUS01395,19,2865.18,3.5
TXN0003255,26-10-2019,ITM0327,OUT023,CUS00109,6,2488.04,1.2
TXN0003589,04-09-2021,ITM0280,OUT037,CUS01664,14,1480.17,1.7
TXN0003021,,ITM0225,OUT004,CUS01432,13,4761.14,1.8
TXN0008553,08-07-2020,ITM0045,OUT040,CUS01059,12,2338.84,4.3
TXN0005203,17-06-2020,ITM0464,OUT029,CUS01893,,1637.08,2.0
TXN0001451,28-05-2018,ITM0258,OUT034,CUS01102,19,2256.38,3.7
TXN0007346,09-12-2020,ITM0186,OUT039,CUS00168,16,3310.87,1.0
TXN0008341,19-08-2020,ITM0062,OUT006,CUS00357,4,2366.10,4.5
TXN0006466,19-03-2018,ITM0070,OUT011,CUS00899,18,1019.02,1.7
TXN0000976,15-10-2020,ITM0448,OUT033,CUS01163,4,3350.99,2.1
TXN0002978,12-03-2020,ITM0072,OUT021,CUS01407,7,1650.21,1.7
TXN0004224,10-01-2023,ITM0489,OUT036,CUS01248,15,1759.19,4.7
TXN0001782,03-10-2019,ITM0065,OUT050,CUS00392,11,3118.24,3.0
TXN0003223,05-02-2018,ITM0323,OUT017,CUS00258,2,4193.79,3.9
TXN0006639,27-04-2022,ITM0188,OUT026,CUS01179,16,3441.35,4.3
TXN0008962,27-01-2019,ITM0497,OUT022,CUS00177,15,3033.31,4.6
TXN0009827,26-11-2020,ITM0311,OUT043,CUS00524,17,3026.05,2.0
TXN0008035,13-02-2018,ITM0212,OUT020,CUS00155,15,3343.58,4.5
TXN0001712,27-09-2020,ITM0163,OUT022,CUS01480,16,1510.26,4.1
TXN0008993,,ITM0241,OUT021,CUS00010,,2572.99,4.4
TXN0005490,13-09-2020,ITM0158,OUT027,CUS00207,10,3964.92,4.8
TXN0002788,27-03-2023,ITM0051,OUT020,CUS01796,3,3197.76,2.5
TXN0001849,25-06-2021,ITM0164,OUT034,CUS00022,,4095.94,3.7
TXN0004872,,ITM0007,OUT017,CUS00582,7,603.77,3.6
TXN0003098,28-03-2023,ITM0143,OUT011,CUS01463,17,1988.78,2.0
TXN0010406,10-05-2018,ITM0082,OUT011,CUS00985,14,1502.77,2.4
TXN0002803,20-06-2023,ITM0251,OUT003,CUS00252,8,3344.28,1.6
TXN0008554,12-05-2021,ITM0081,OUT036,CUS00698,,1521.12,1.9
TXN0003704,19-02-2022,ITM0084,OUT001,CUS00229,20,2610.82,1.1
TXN0005636,15-11-2018,ITM0360,OUT048,CUS01904,12,414.33,4.0
TXN0006178,25-04-2020,ITM0470,OUT047,CUS01248,2,773.21,2.3
TXN0001258,26-01-2019,ITM0113,OUT001,CUS01302,,,4.8
TXN0009770,03-01-2022,ITM0167,OUT009,CUS01557,20,3311.90,1.0
TXN0005042,28-01-2021,ITM0015,OUT029,CUS00573,17,2474.53,1.4
TXN0001580,25-10-2018,ITM0460,OUT046,CUS01414,18,1569.95,1.5
TXN0010117,19-10-2021,ITM0125,OUT028,CUS00932,16,2373.94,2.5
TXN0008888,03-06-2018,ITM0155,OUT023,CUS00787,2,2741.59,2.7
TXN0003207,16-07-2023,ITM0388,OUT004,CUS01630,16,55.18,1.3
TXN0009128,05-10-2020,ITM0101,OUT024,CUS01917,13,4329.98,1.9
TXN0002578,19-05-2021,ITM0147,OUT046,CUS00771,19,659.84,2.2
TXN0010215,07-10-2023,ITM0027,OUT014,CUS01475,12,4236.18,3.8
TXN0010108,14-02-2022,ITM0373,OUT047,CUS01626,10,,1.3
TXN0001128,15-05-2021,ITM0354,OUT021,CUS00269,12,2574.59,3.2
TXN0001930,29-03-2020,ITM0415,OUT025,CUS00112,19,4945.03,4.4
TXN0010060,15-06-2019,ITM0431,OUT019,CUS01060,,901.98,2.5
TXN0000103,09-09-2020,ITM0493,OUT005,CUS00883,7,2188.56,4.7
TXN0003010,30-07-2019,ITM0074,OUT029,CUS00195,13,3469.32,2.6
TXN0007068,22-01-2022,ITM0023,OUT011,CUS00589,,4597.68,3.2
TXN0006842,09-02-2020,ITM0029,OUT029,CUS01165,15,2319.53,1.1
TXN0009026,18-05-2022,ITM0039,OUT025,CUS01970,14,1234.56,4.2
TXN0002794,16-02-2019,ITM0437,OUT031,CUS00161,9,447.71,2.4
TXN0003361,26-08-2018,ITM0134,OUT021,CUS00303,,1690.31,2.4
TXN0007154,13-09-2023,ITM0321,OUT011,CUS00681,9,724.56,1.4
TXN0002918,28-11-2019,ITM0101,OUT008,CUS00442,11,1737.76,5.0
TXN0004636,08-10-2020,ITM0333,OUT005,CUS00564,20,1769.32,2.7
TXN0006105,20-09-2019,ITM0097,OUT047,CUS01857,16,3319.84,1.9
TXN0003037,20-12-2020,ITM0186,OUT003,CUS01624,18,490.48,4.2
TXN0006016,15-01-2020,ITM0097,OUT001,CUS01596,2,4811.95,4.3
TXN0001563,07-11-2022,ITM0109,OUT043,CUS01345,10,3387.59,1.2
TXN0000695,30-04-2021,ITM0082,OUT027,CUS01705,16,2812.21,2.4
TXN0000875,23-10-2022,ITM0196,OUT043,CUS00276,,2569.83,2.1
TXN0000661,16-09-2019,ITM0101,OUT050,CUS00940,20,815.77,4.9
TXN0000073,15-02-2018,ITM0236,OUT035,CUS00522,6,373.66,1.5
TXN0001399,30-09-2019,ITM0158,OUT033,CUS01819,3,3815.68,2.8
TXN0006246,18-12-2021,ITM0213,OUT042,CUS01427,11,46.68,1.3
TXN0009376,02-10-2019,ITM0202,OUT001,CUS00566,18,4500.12,
TXN0001762,03-10-2021,ITM0214,OUT014,CUS00254,17,4379.58,3.8
TXN0008066,08-07-2021,ITM0250,OUT005,CUS00222,18,2742.71,2.4
TXN0010083,23-10-2018,ITM0316,OUT022,CUS00019,4,1808.10,2.4
TXN0002506,27-01-2018,ITM0494,OUT022,CUS00371,19,3899.98,2.4
TXN0004069,30-03-2023,ITM0049,OUT019,CUS01240,8,4012.40,
TXN0010282,11-10-2018,ITM0344,OUT008,CUS00736,11,1753.48,3.8
TXN0009774,,ITM0264,OUT014,CUS00701,13,2974.17,3.4
TXN0004828,26-02-2022,ITM0187,OUT042,CUS01923,7,1008.33,3.1
TXN0002609,19-11-2020,ITM0249,OUT011,CUS00328,9,362.74,2.6
TXN0004566,24-06-2023,ITM0450,OUT048,CUS00834,9,299.18,3.2
TXN0004197,16-07-2019,ITM0500,OUT023,CUS01070,17,3056.04,1.5
TXN0002207,15-09-2022,ITM0490,OUT024,CUS00985,9,2080.22,4.2
TXN0002462,27-11-2022,ITM0374,OUT009,CUS01432,15,4472.23,1.3
TXN0005962,11-08-2020,ITM0449,OUT023,CUS01054,7,926.51,3.7
TXN0006720,15-02-2021,ITM0214,OUT007,CUS01403,8,3752.67,1.1
TXN0000556,02-02-2023,ITM0319,OUT031,CUS01701,8,3186.92,3.3
TXN0005332,29-01-2021,ITM0022,OUT039,CUS00678,9,50.04,1.9
TXN0005464,05-04-2022,ITM0125,OUT013,CUS01338,,2502.12,4.5
TXN0002896,06-09-2019,ITM0167,OUT017,CUS01256,18,,2.4
TXN0000693,25-07-2023,ITM0482,OUT024,CUS00449,9,1286.00,4.2
TXN0007434,11-02-2018,ITM0427,OUT042,CUS00177,9,2022.88,3.3
TXN0000904,,ITM0206,OUT046,CUS01822,1,268.91,1.9
TXN0007255,30-05-2022,ITM0328,OUT008,CUS01153,2,4496.99,1.7
TXN0007989,30-12-2023,ITM0212,OUT018,CUS01564,4,1539.89,3.7
TXN0005707,03-04-2019,ITM0404,OUT049,CUS01725,12,3378.01,2.6
TXN0004928,08-11-2021,ITM0049,OUT046,CUS00554,,4630.20,3.8
TXN0003971,27-03-2020,ITM0487,OUT039,CUS00746,14,2720.01,3.8
TXN0003573,09-01-2023,ITM0367,OUT011,CUS01238,6,3392.36,1.6
TXN0008207,27-01-2019,ITM0071,OUT027,CUS00727,20,1491.64,4.1
TXN0002287,18-08-2021,ITM0239,OUT018,CUS00382,15,2924.59,1.2
TXN0009197,31-12-2018,ITM0252,OUT007,CUS00238,1,2116.17,4.9
TXN0007727,20-12-2019,ITM0363,OUT023,CUS01156,19,621.63,4.8
TXN0002311,29-11-2021,ITM0162,OUT035,CUS00559,13,3858.79,2.3
TXN0004820,08-03-2020,ITM0230,OUT012,CUS00023,11,725.94,3.4
TXN0007458,08-02-2020,ITM0455,OUT007,CUS00199,16,4739.37,3.0
TXN0007698,08-10-2023,ITM0278,OUT035,CUS00364,17,3997.27,1.2
TXN0003284,22-06-2019,ITM0327,OUT040,CUS01009,9,,5.0
TXN0006266,31-03-2018,ITM0146,OUT021,CUS00063,15,3230.55,
TXN0007904,05-03-2021,ITM0081,OUT003,CUS01411,,4507.26,1.8
TXN0004384,21-11-2023,ITM0109,OUT038,CUS01404,11,4701.96,3.1
TXN0008624,13-04-2022,ITM0224,OUT023,CUS01830,15,4033.77,1.2
TXN0006267,09-04-2021,ITM0301,OUT044,CUS01884,11,2662.30,3.4
TXN0003517,,ITM0405,OUT029,CUS00740,,1161.04,1.5
TXN0007179,15-01-2023,ITM0068,OUT019,CUS00042,15,3654.25,2.4
TXN0006441,08-08-2021,ITM0482,OUT009,CUS01204,20,2962.68,2.6
TXN0008674,03-08-2023,ITM0145,OUT028,CUS01272,,1099.27,3.9
TXN0007950,23-10-2021,ITM0106,OUT049,CUS00741,7,3144.08,1.7
TXN0001676,01-06-2019,ITM0025,OUT047,CUS00512,2,4228.67,2.8
TXN0006768,23-05-2022,ITM0159,OUT047,CUS00815,9,2248.74,1.5
TXN0002900,04-08-2018,ITM0179,OUT040,CUS00043,17,2091.08,1.2
TXN0006905,03-11-2022,ITM0055,OUT022,CUS00066,,2216.21,2.4
TXN0004884,18-05-2022,ITM0408,OUT008,CUS00980,9,4672.91,1.7
TXN0000078,11-09-2020,ITM0267,OUT012,CUS00160,9,2101.21,4.5
TXN0009616,04-04-2020,ITM0084,OUT016,CUS00599,11,,2.2
TXN0002058,30-04-2018,ITM0213,OUT007,CUS01522,1,462.11,2.6
TXN0005865,,ITM0079,OUT016,CUS00374,3,1590.84,4.4
TXN0000940,18-05-2020,ITM0356,OUT015,CUS00685,15,3699.32,3.8
TXN0007785,22-11-2019,ITM0396,OUT014,CUS00801,14,3218.80,3.2
TXN0003816,21-01-2021,ITM0483,OUT036,CUS00354,17,,1.4
TXN0002799,,ITM0058,OUT020,CUS01303,19,1705.94,4.8
TXN0009655,14-11-2020,ITM0140,OUT035,CUS00709,3,3409.58,2.6
TXN0004296,19-04-2020,ITM0033,OUT024,CUS00281,12,1885.37,1.9
TXN0008364,24-12-2023,ITM0417,OUT027,CUS01477,,3361.62,3.0
TXN0004888,20-05-2020,ITM0273,OUT030,CUS00361,20,3007.79,2.9
TXN0003508,25-09-2018,ITM0235,OUT042,CUS01577,15,2920.38,4.2
TXN0003835,02-11-2020,ITM0069,OUT006,CUS01994,3,1283.78,4.4
TXN0000257,03-02-2020,ITM0336,OUT011,CUS01767,8,2729.31,
TXN0007919,24-10-2022,ITM0053,OUT046,CUS00639,6,2405.50,2.1
TXN0007791,28-04-2021,ITM0456,OUT034,CUS01002,17,1036.20,
TXN0008507,12-11-2018,ITM0227,OUT009,CUS00569,,,3.8
TXN0002362,14-10-2020,ITM0053,OUT042,CUS01569,19,1552.99,2.2
TXN0005457,02-11-2019,ITM0041,OUT023,CUS01952,15,3973.72,4.5
TXN0000319,13-08-2018,ITM0112,OUT013,CUS00746,2,3681.64,
TXN0004261,11-02-2018,ITM0029,OUT025,CUS01846,17,4865.79,4.8
TXN0006837,26-02-2021,ITM0277,OUT001,CUS01026,13,1996.37,2.4
TXN0004144,29-09-2020,ITM0382,OUT026,CUS00392,5,740.48,3.9
TXN0003100,04-02-2019,ITM0371,OUT043,CUS01404,18,96.04,1.8
TXN0005031,02-08-2022,ITM0301,OUT022,CUS00904,4,2683.20,1.8
TXN0005469,23-10-2021,ITM0114,OUT035,CUS01640,15,2708.49,2.5
TXN0007178,26-04-2022,ITM0220,OUT028,CUS01514,1,818.41,4.5
TXN0006389,17-05-2020,ITM0019,OUT033,CUS01950,13,603.09,3.7
TXN0001881,06-12-2023,ITM0024,OUT034,CUS00044,5,2243.29,4.0
TXN0001514,21-02-2023,ITM0379,OUT021,CUS00523,12,2188.95,3.8
TXN0007035,18-07-2022,ITM0281,OUT011,CUS01409,20,4152.11,4.0
TXN0001996,08-03-2022,ITM0482,OUT002,CUS00900,3,308.79,3.4
TXN0005287,11-07-2019,ITM0298,OUT032,CUS01820,13,2453.18,1.5
TXN0007145,17-04-2018,ITM0419,OUT020,CUS00046,,2830.64,3.8
TXN0009520,30-08-2018,ITM0129,OUT033,CUS01140,18,541.92,1.9
TXN0003119,28-07-2023,ITM0198,OUT043,CUS00971,3,2918.90,4.8
TXN0008485,07-06-2019,ITM0234,OUT009,CUS00593,,4836.89,3.3
TXN0001920,,ITM0317,OUT001,CUS01235,,279.05,2.1
TXN0002717,15-10-2021,ITM0371,OUT022,CUS00090,4,3342.41,1.5
TXN0004335,28-02-2020,ITM0340,OUT012,CUS00964,17,263.42,4.9
TXN0001346,03-08-2018,ITM0365,OUT005,CUS00418,17,1140.52,
TXN0005681,,ITM0139,OUT050,CUS00734,1,2841.40,2.9
TXN0003080,27-12-2021,ITM0492,OUT040,CUS00860,18,2744.43,4.5
TXN0003258,30-06-2018,ITM0465,OUT034,CUS00949,16,1548.49,2.0
TXN0009884,10-12-2020,ITM0159,OUT038,CUS00953,12,3479.90,1.2
TXN0001928,19-04-2019,ITM0362,OUT033,CUS00005,10,2224.57,4.2
TXN0009092,,ITM0486,OUT047,CUS00895,12,3391.99,3.8
TXN0001198,09-12-2023,ITM0293,OUT003,CUS00453,20,1819.67,3.1
TXN0006739,29-10-2023,ITM0212,OUT048,CUS01259,,,2.6
TXN0006450,03-06-2022,ITM0007,OUT030,CUS01457,7,3576.22,2.8
TXN0010414,18-06-2019,ITM0076,OUT031,CUS00482,16,3800.16,3.8
TXN0007173,15-07-2020,ITM0042,OUT043,CUS00414,19,3535.41,4.4
TXN0007874,10-07-2023,ITM0237,OUT035,CUS01450,10,382.33,1.9
TXN0005451,09-01-2023,ITM0007,OUT003,CUS00733,15,4352.18,2.4
TXN0006521,14-12-2020,ITM0403,OUT015,CUS00623,14,348.60,2.2
TXN0001606,14-03-2020,ITM0445,OUT034,CUS01140,14,1284.58,4.5
TXN0001642,20-08-2022,ITM0194,OUT020,CUS00732,12,2498.37,4.4
TXN0001776,17-03-2019,ITM0132,OUT002,CUS01437,20,1608.16,4.3
TXN0002360,17-04-2019,ITM0101,OUT023,CUS01243,10,1136.97,2.7
TXN0009457,09-07-2019,ITM0188,OUT042,CUS00238,4,3170.49,5.0
TXN0010034,18-01-2023,ITM0438,OUT042,CUS01288,17,1627.01,
TXN0002300,19-05-2019,ITM0265,OUT027,CUS01999,3,4639.98,2.1
TXN0000229,11-06-2022,ITM0175,OUT004,CUS01249,19,691.39,3.5
TXN0005347,04-12-2022,ITM0135,OUT037,CUS01749,11,,2.4
TXN0003003,23-01-2021,ITM0334,OUT028,CUS00477,5,4156.03,4.9
TXN0001720,01-11-2022,ITM0387,OUT035,CUS01949,13,2379.47,1.0
TXN0000426,12-09-2019,ITM0220,OUT039,CUS01931,4,287.50,1.1
TXN0007876,07-07-2018,ITM0386,OUT029,CUS01902,20,1072.01,2.3
TXN0006802,03-12-2022,ITM0105,OUT006,CUS00581,14,4079.01,3.8
TXN0008806,18-02-2019,ITM0340,OUT050,CUS00608,10,1563.59,3.7
TXN0001805,11-04-2023,ITM0436,OUT009,CUS01831,,4176.79,1.6
TXN0005543,24-01-2019,ITM0230,OUT020,CUS01196,13,696.66,2.4
TXN0000477,18-09-2022,ITM0126,OUT046,CUS00830,7,697.22,2.7
TXN0002921,08-09-2021,ITM0340,OUT009,CUS00593,4,630.37,2.3
TXN0003661,17-03-2018,ITM0137,OUT020,CUS00001,14,4368.59,3.4
TXN0008429,14-04-2019,ITM0302,OUT039,CUS01780,4,3107.42,3.4
TXN0000953,02-09-2019,ITM0499,OUT026,CUS01345,4,2433.11,3.2
TXN0003158,10-03-2022,ITM0182,OUT045,CUS01698,1,1243.71,4.4
TXN0010445,04-03-2021,ITM0401,OUT044,CUS01735,17,2548.35,4.9
TXN0008424,29-05-2019,ITM0413,OUT018,CUS01117,20,4872.64,2.2
TXN0001213,18-12-2022,ITM0258,OUT016,CUS00912,9,2716.18,1.4
TXN0004798,01-09-2020,ITM0154,OUT024,CUS00786,14,245.50,4.1
TXN0007992,14-08-2023,ITM0466,OUT008,CUS00188,8,3572.71,1.0
TXN0003194,21-04-2018,ITM0054,OUT029,CUS01278,13,3280.85,1.2
TXN0003019,30-05-2022,ITM0436,OUT020,CUS01021,15,3025.79,2.0
TXN0009765,14-03-2019,ITM0212,OUT027,CUS00138,18,2475.92,4.2
TXN0007368,06-12-2018,ITM0137,OUT012,CUS01193,2,1302.97,3.5
TXN0003923,09-06-2019,ITM0432,OUT007,CUS00001,17,4008.27,3.4
TXN0008473,14-07-2020,ITM0212,OUT045,CUS00312,4,1061.80,4.3
TXN0003189,23-12-2020,ITM0062,OUT042,CUS01187,16,4826.98,3.7
TXN0005223,30-03-2021,ITM0055,OUT044,CUS00673,16,3657.23,3.1
TXN0008427,05-06-2020,ITM0159,OUT033,CUS00631,4,4521.46,4.6
TXN0005353,01-01-2021,ITM0231,OUT048,CUS01819,1,3551.72,3.5
TXN0000558,23-02-2022,ITM0243,OUT024,CUS00449,8,3939.80,4.7
TXN0000723,25-02-2023,ITM0259,OUT007,CUS00092,3,3400.31,3.9
TXN0008954,10-09-2023,ITM0076,OUT047,CUS00143,12,25.01,1.7
TXN0000825,31-08-2020,ITM0012,OUT006,CUS00201,7,379.60,1.5
TXN0009762,16-03-2018,ITM0140,OUT031,CUS01005,10,2560.99,2.2
TXN0002174,11-03-2023,ITM0129,OUT045,CUS00297,4,1604.89,4.9
TXN0005085,,ITM0369,OUT016,CUS00023,6,2175.11,3.9
TXN0000932,22-03-2019,ITM0252,OUT022,CUS00863,19,4721.67,1.7
TXN0005376,14-03-2021,ITM0127,OUT041,CUS01533,14,4160.43,1.8
TXN0007821,22-03-2021,ITM0209,OUT011,CUS01575,14,1439.81,2.0
TXN0004989,03-07-2019,ITM0449,OUT030,CUS00583,7,658.40,
TXN0009893,,ITM0197,OUT033,CUS01472,2,1891.77,4.4
TXN0010313,27-09-2022,ITM0312,OUT043,CUS01742,10,1911.93,4.3
TXN0003802,08-09-2023,ITM0475,OUT039,CUS01158,12,4232.32,1.4
TXN0006987,14-12-2020,ITM0386,OUT004,CUS00061,6,4644.39,3.7
TXN0006798,27-07-2023,ITM0327,OUT014,CUS01007,13,1617.98,4.4
TXN0004025,26-08-2022,ITM0226,OUT004,CUS00138,2,4408.53,1.2
TXN0009235,06-07-2021,ITM0451,OUT046,CUS00663,3,4634.87,4.6
TXN0000384,13-10-2021,ITM0165,OUT050,CUS01209,,3132.85,1.7
TXN0008194,24-12-2020,ITM0021,OUT025,CUS00645,10,2179.50,3.1
TXN0002364,21-08-2020,ITM0069,OUT030,CUS00973,3,4703.87,4.9
TXN0006690,24-10-2020,ITM0369,OUT028,CUS01224,8,222.80,2.9
TXN0006911,16-12-2019,ITM0472,OUT024,CUS00048,12,740.51,1.6
TXN0000035,12-01-2019,ITM0431,OUT015,CUS00578,1,378.39,2.2
TXN0000528,13-05-2021,ITM0324,OUT037,CUS00731,18,1465.27,2.6
TXN0009246,30-10-2018,ITM0476,OUT005,CUS01791,17,4424.13,4.3
TXN0002948,28-11-2020,ITM0383,OUT009,CUS00234,10,502.62,1.9
TXN0001306,30-12-2020,ITM0272,OUT047,CUS00551,17,,4.0
TXN0008189,27-02-2023,ITM0029,OUT037,CUS01322,5,3460.90,3.7
TXN0003308,07-09-2018,ITM0305,OUT033,CUS01003,4,3072.64,3.6
TXN0009855,30-10-2023,ITM0336,OUT033,CUS00573,3,2927.41,3.5
TXN0001349,15-12-2021,ITM0328,OUT017,CUS01927,20,1693.25,3.5
TXN0009670,31-01-2019,ITM0417,OUT009,CUS01308,18,571.32,
TXN0006276,27-02-2019,ITM0341,OUT008,CUS01900,8,3897.63,3.1
TXN0004029,12-01-2022,ITM0266,OUT018,CUS00117,17,2753.78,2.7
TXN0004421,29-07-2022,ITM0282,OUT020,CUS00452,5,95.49,4.2
TXN0009096,19-02-2023,ITM0400,OUT040,CUS00213,18,2807.38,4.2
TXN0002560,17-06-2023,ITM0293,OUT050,CUS01313,1,1326.56,1.8
TXN0007335,11-06-2023,ITM0143,OUT004,CUS01839,5,3900.74,4.5
TXN0000849,09-02-2021,ITM0142,OUT040,CUS01109,6,1501.69,2.4
TXN0003093,05-12-2023,ITM0147,OUT031,CUS01769,18,161.30,1.5
TXN0000254,06-05-2019,ITM0107,OUT038,CUS01032,17,3946.29,
TXN0008783,13-07-2022,ITM0199,OUT027,CUS00439,8,4716.80,2.5
TXN0007020,12-02-2019,ITM0196,OUT008,CUS00676,12,53.00,4.0
TXN0008657,22-11-2019,ITM0230,OUT036,CUS00171,4,1348.92,2.6
TXN0008326,23-05-2021,ITM0165,OUT008,CUS01370,4,4120.27,3.7
TXN0008495,23-08-2023,ITM0225,OUT017,CUS01705,16,4431.96,
TXN0005841,26-02-2022,ITM0086,OUT030,CUS01440,15,4259.36,4.2
TXN0008172,02-06-2020,ITM0089,OUT015,CUS00078,14,261.95,3.6
TXN0004613,27-06-2020,ITM0423,OUT019,CUS01315,3,2513.56,1.6
TXN0010068,06-04-2020,ITM0334,OUT044,CUS01743,4,997.43,2.4
TXN0000529,04-12-2018,ITM0002,OUT022,CUS00027,6,4608.67,4.7
TXN0007498,10-06-2023,ITM0115,OUT025,CUS00591,14,3263.39,3.0
TXN0007669,11-12-2019,ITM0185,OUT039,CUS01678,16,858.77,1.2
TXN0001546,15-09-2021,ITM0426,OUT009,CUS01235,20,2526.19,1.9
TXN0008090,25-11-2022,ITM0055,OUT034,CUS00589,13,1267.00,4.1
TXN0009156,19-01-2019,ITM0144,OUT039,CUS00947,20,2500.07,4.4
TXN0002771,06-09-2019,ITM0480,OUT022,CUS01039,13,3720.99,4.1
TXN0001924,05-04-2019,ITM0395,OUT024,CUS00598,8,1490.61,3.7
TXN0000994,05-02-2023,ITM0368,OUT047,CUS00312,7,1090.12,3.8
TXN0002416,15-05-2022,ITM0431,OUT013,CUS01859,,,3.0
TXN0005972,01-10-2021,ITM0328,OUT008,CUS01283,17,2989.22,1.4
TXN0002251,03-09-2020,ITM0253,OUT020,CUS01225,1,1229.31,3.1
TXN0008074,20-04-2021,ITM0435,OUT023,CUS00059,20,2502.63,4.2
TXN0005567,13-07-2018,ITM0277,OUT004,CUS00619,13,743.78,3.6
TXN0002274,13-12-2018,ITM0169,OUT030,CUS00681,12,1473.83,4.3
TXN0001080,30-03-2023,ITM0500,OUT036,CUS01186,12,3247.83,2.1
TXN0004179,27-04-2020,ITM0100,OUT042,CUS00439,,2579.64,2.3
TXN0003955,19-04-2022,ITM0414,OUT028,CUS01885,12,4061.80,2.0
TXN0008879,03-07-2020,ITM0423,OUT017,CUS01425,16,3024.10,3.9
TXN0004293,10-01-2023,ITM0040,OUT043,CUS00103,2,189.10,4.2
TXN0007185,18-06-2022,ITM0138,OUT047,CUS01822,8,2000.32,2.0
TXN0000867,17-07-2020,ITM0394,OUT005,CUS01948,9,2166.74,3.8
TXN0005158,23-03-2020,ITM0351,OUT029,CUS00310,7,2652.29,3.5
TXN0001470,04-12-2019,ITM0341,OUT033,CUS00181,19,,
TXN0005121,10-09-2022,ITM0003,OUT023,CUS00741,12,721.13,1.6
TXN0008733,18-04-2021,ITM0086,OUT044,CUS01472,2,2160.23,4.7
TXN0001375,27-04-2021,ITM0240,OUT002,CUS01360,16,4641.10,2.3
TXN0006177,25-05-2022,ITM0085,OUT004,CUS01915,3,1375.08,1.1
TXN0001595,,ITM0325,OUT020,CUS01113,3,826.00,2.8
TXN0007358,26-10-2019,ITM0074,OUT011,CUS00525,3,1185.92,4.2
TXN0000748,31-05-2018,ITM0183,OUT048,CUS00606,12,,1.2
TXN0003972,21-12-2018,ITM0271,OUT025,CUS00437,18,326.95,4.3
TXN0008295,15-09-2023,ITM0125,OUT050,CUS01454,10,1662.71,2.5
TXN0000519,15-05-2018,ITM0141,OUT046,CUS01684,9,1793.81,3.4
TXN0001318,06-03-2019,ITM0071,OUT028,CUS01909,9,1879.99,4.4
TXN0003531,08-07-2022,ITM0367,OUT040,CUS01148,8,1673.16,1.4
TXN0007199,21-08-2021,ITM0402,OUT008,CUS01922,11,3387.46,
TXN0003868,22-11-2018,ITM0320,OUT016,CUS01619,7,660.86,1.6
TXN0009243,12-02-2018,ITM0247,OUT018,CUS01436,15,1340.57,3.6
TXN0000967,07-04-2021,ITM0366,OUT018,CUS00218,15,1124.77,
TXN0000135,26-04-2018,ITM0181,OUT016,CUS01722,7,2307.31,3.1
TXN0008124,14-08-2023,ITM0233,OUT008,CUS00560,18,3807.68,2.2
TXN0007540,28-04-2021,ITM0049,OUT013,CUS01676,18,2906.63,2.7
TXN0000690,13-05-2020,ITM0328,OUT013,CUS00041,5,4105.99,
TXN0008455,06-02-2021,ITM0453,OUT015,CUS00709,,3053.09,2.7
TXN0007609,13-06-2022,ITM0048,OUT029,CUS01308,9,4150.71,4.7
TXN0007155,22-11-2023,ITM0296,OUT011,CUS00916,,2207.88,4.8
TXN0002626,17-01-2022,ITM0212,OUT038,CUS00907,13,1782.42,4.8
TXN0003934,17-04-2020,ITM0194,OUT023,CUS00844,15,3053.41,1.5
TXN0002533,11-09-2019,ITM0021,OUT007,CUS00756,1,3619.24,4.3
TXN0008801,11-03-2022,ITM0385,OUT047,CUS00434,20,4042.64,1.5
TXN0001320,21-11-2018,ITM0373,OUT040,CUS00673,10,1689.35,4.7
TXN0007773,24-01-2019,ITM0272,OUT001,CUS01465,8,110.46,1.2
TXN0003163,03-11-2021,ITM0004,OUT018,CUS00529,15,4996.05,4.3
TXN0010430,07-07-2022,ITM0265,OUT028,CUS01571,16,4437.00,1.4
TXN0006158,02-05-2023,ITM0365,OUT038,CUS00431,4,1791.64,4.4
TXN0003533,24-02-2020,ITM0091,OUT033,CUS01025,12,3561.13,1.0
TXN0001687,13-03-2018,ITM0216,OUT031,CUS00002,15,1004.71,3.0
TXN0005102,14-03-2018,ITM0164,OUT030,CUS01101,15,4314.20,2.4
TXN0000794,,ITM0491,OUT003,CUS00533,,4708.02,4.7
TXN0008398,17-01-2021,ITM0084,OUT003,CUS01037,7,2590.05,4.1
TXN0001385,12-03-2022,ITM0275,OUT016,CUS00764,13,4317.95,4.8
TXN0001285,22-04-2020,ITM0261,OUT036,CUS01409,18,3130.50,4.9
TXN0001474,11-12-2021,ITM0454,OUT017,CUS00050,15,4517.03,1.1
TXN0010333,20-03-2022,ITM0139,OUT028,CUS01008,17,2885.91,2.0
TXN0002672,25-04-2021,ITM0361,OUT011,CUS00483,18,,3.3
TXN0006127,29-07-2021,ITM0463,OUT003,CUS01080,,2253.95,2.4
TXN0007863,22-03-2020,ITM0095,OUT017,CUS00667,19,1511.26,4.6
TXN0005449,22-08-2018,ITM0343,OUT001,CUS01914,1,4536.27,2.0
TXN0005855,13-04-2023,ITM0377,OUT049,CUS01955,20,2554.39,4.3
TXN0008523,26-12-2020,ITM0300,OUT023,CUS00257,20,4648.59,2.7
TXN0006757,24-08-2021,ITM0043,OUT049,CUS00246,17,2015.74,2.0
TXN0001790,,ITM0264,OUT035,CUS01652,19,558.73,3.9
TXN0006509,26-11-2023,ITM0187,OUT020,CUS00580,2,1443.05,
TXN0007266,21-01-2022,ITM0405,OUT016,CUS01102,15,72.71,3.7
TXN0010494,06-07-2023,ITM0412,OUT028,CUS00742,10,102.55,4.2
TXN0002287,18-08-2021,ITM0239,OUT018,CUS00382,15,2924.59,1.2
TXN0009126,25-09-2019,ITM0435,OUT009,CUS00752,13,1347.73,2.8
TXN0007285,29-01-2022,ITM0345,OUT020,CUS01459,,4593.86,2.7
TXN0007570,,ITM0498,OUT019,CUS01625,6,2557.85,2.9
TXN0000612,09-05-2020,ITM0498,OUT014,CUS00249,8,2379.45,4.9
TXN0007336,19-06-2019,ITM0055,OUT036,CUS00151,20,1141.40,1.2
TXN0004060,23-08-2023,ITM0091,OUT028,CUS00640,20,3510.26,1.8
TXN0009692,26-08-2022,ITM0226,OUT047,CUS01876,8,2716.43,3.3
TXN0003610,30-12-2019,ITM0100,OUT027,CUS01192,17,1902.61,3.3
TXN0007750,20-08-2022,ITM0462,OUT038,CUS00238,5,2415.93,3.9
TXN0000277,,ITM0081,OUT008,CUS00459,19,4898.44,2.1
TXN0001331,07-02-2020,ITM0476,OUT043,CUS00991,14,4791.51,3.7
TXN0007379,22-04-2021,ITM0016,OUT044,CUS01061,16,1810.10,1.3
TXN0002664,23-06-2018,ITM0321,OUT035,CUS00327,3,4786.02,3.9
TXN0005001,01-02-2022,ITM0426,OUT024,CUS01764,1,3712.60,4.2
TXN0001235,26-07-2022,ITM0412,OUT050,CUS01131,8,4200.78,3.4
TXN0002926,28-05-2023,ITM0299,OUT045,CUS01335,12,3215.34,1.4
TXN0003911,20-06-2018,ITM0009,OUT032,CUS01350,19,3575.74,3.1
TXN0004167,19-03-2022,ITM0220,OUT037,CUS00323,14,4606.21,3.3
TXN0002925,22-10-2023,ITM0317,OUT001,CUS00998,4,1357.94,1.3
TXN0001482,,ITM0373,OUT025,CUS00689,12,2313.73,4.1
TXN0009289,25-09-2023,ITM0430,OUT037,CUS00413,19,1519.16,2.6
TXN0000837,23-07-2022,ITM0207,OUT029,CUS01085,20,1784.41,3.6
TXN0004333,01-03-2020,ITM0426,OUT023,CUS01948,12,839.31,3.9
TXN0010097,19-05-2021,ITM0103,OUT017,CUS01646,1,4861.83,2.7
TXN0002977,27-04-2019,ITM0255,OUT006,CUS00425,13,1241.35,1.8
TXN0008151,05-10-2018,ITM0250,OUT031,CUS01444,4,431.70,1.2
TXN0002450,24-08-2022,ITM0351,OUT014,CUS00154,1,1452.92,
TXN0000547,16-09-2021,ITM0421,OUT038,CUS01345,7,3807.32,
TXN0008416,14-02-2020,ITM0211,OUT042,CUS00527,2,4128.70,2.5
TXN0009261,03-06-2018,ITM0136,OUT002,CUS01978,11,2047.55,1.3
TXN0005081,25-12-2021,ITM0298,OUT006,CUS00650,10,4612.84,
TXN0007090,03-05-2018,ITM0313,OUT033,CUS00571,12,4954.76,4.6
TXN0000984,15-07-2022,ITM0120,OUT005,CUS01440,,4817.72,1.7
TXN0001937,29-06-2018,ITM0477,OUT040,CUS01735,16,1842.37,1.5
TXN0001364,09-04-2020,ITM0471,OUT015,CUS00035,12,4052.86,1.8
TXN0007396,05-04-2022,ITM0086,OUT040,CUS00299,17,2458.96,3.8
TXN0003982,19-05-2018,ITM0373,OUT021,CUS00830,6,4208.99,4.4
TXN0004291,22-05-2023,ITM0218,OUT019,CUS00184,2,2100.37,3.2
TXN0009876,11-08-2020,ITM0379,OUT035,CUS00114,11,525.64,1.9
TXN0006538,05-03-2020,ITM0163,OUT042,CUS00424,16,3158.40,1.5
TXN0000040,,ITM0041,OUT036,CUS01751,1,2278.22,4.3
TXN0001359,03-04-2020,ITM0313,OUT009,CUS00909,10,4117.30,
TXN0004328,24-05-2023,ITM0426,OUT003,CUS00416,14,4447.92,2.6
TXN0001945,23-07-2021,ITM0492,OUT010,CUS01745,10,1460.94,3.8
TXN0005311,05-05-2023,ITM0323,OUT047,CUS01577,15,3183.72,2.9
TXN0008703,05-01-2021,ITM0236,OUT029,CUS00505,10,3303.42,2.6
TXN0000803,01-03-2021,ITM0247,OUT042,CUS00463,12,524.53,1.7
TXN0002073,09-05-2019,ITM0066,OUT002,CUS01983,1,4387.43,2.4
TXN0003680,27-06-2021,ITM0139,OUT043,CUS00558,20,4768.65,1.0
TXN0003499,23-10-2022,ITM0263,OUT049,CUS01728,6,2076.26,1.4
TXN0010395,23-11-2021,ITM0475,OUT009,CUS01493,5,398.22,4.7
TXN0001668,,ITM0153,OUT001,CUS01717,2,1964.05,3.1
TXN0000074,05-02-2020,ITM0036,OUT001,CUS01510,2,3310.84,4.2
TXN0002706,24-04-2023,ITM0438,OUT046,CUS01395,3,4454.09,3.1
TXN0008368,24-01-2019,ITM0366,OUT002,CUS01101,13,915.96,3.3
TXN0004129,07-09-2019,ITM0110,OUT020,CUS01397,9,3296.02,4.6
TXN0009639,13-11-2020,ITM0279,OUT016,CUS00955,7,3446.26,4.3
TXN0002883,13-11-2021,ITM0196,OUT019,CUS01267,19,3606.97,2.1
TXN0007796,11-12-2020,ITM0411,OUT029,CUS00484,18,4940.13,4.4
TXN0003257,11-12-2020,ITM0452,OUT019,CUS01139,15,2544.01,1.1
TXN0008843,16-11-2019,ITM0130,OUT045,CUS00418,6,3961.14,4.5
TXN0008128,09-11-2023,ITM0195,OUT029,CUS01694,13,4553.55,1.4
TXN0000367,12-09-2023,ITM0400,OUT041,CUS01792,11,1337.97,1.7
TXN0005251,28-05-2018,ITM0120,OUT009,CUS00173,14,2294.49,3.6
TXN0009219,16-03-2023,ITM0081,OUT021,CUS01111,17,2884.31,3.7
TXN0007854,26-02-2023,ITM0180,OUT041,CUS00801,8,1106.25,3.2
TXN0006406,06-10-2018,ITM0132,OUT037,CUS01236,16,1178.33,4.9
TXN0007318,04-12-2022,ITM0157,OUT037,CUS01387,2,1155.89,1.0
TXN0007060,06-05-2020,ITM0047,OUT005,CUS00637,8,3424.04,2.1
TXN0001098,12-01-2020,ITM0278,OUT034,CUS00945,16,2124.88,3.0
TXN0000041,18-02-2022,ITM0250,OUT030,CUS00596,3,4673.28,3.0
TXN0009152,,ITM0360,OUT035,CUS01456,2,3336.53,1.9
TXN0000285,21-02-2022,ITM0097,OUT041,CUS00533,1,3474.57,4.9
TXN0005610,29-05-2021,ITM0046,OUT015,CUS00076,14,758.67,1.9
TXN0003386,02-12-2023,ITM0005,OUT006,CUS01494,6,3044.79,2.8
TXN0007942,06-01-2022,ITM0468,OUT047,CUS01165,5,4646.51,3.2
TXN0002546,26-03-2020,ITM0394,OUT026,CUS01020,15,2838.36,4.1
TXN0007014,03-06-2021,ITM0445,OUT006,CUS00091,20,3776.35,1.4
TXN0001283,16-09-2023,ITM0241,OUT007,CUS01362,12,3994.21,4.6
TXN0000146,21-01-2023,ITM0337,OUT045,CUS01150,6,1432.59,2.1
TXN0009391,24-03-2021,ITM0182,OUT001,CUS00279,12,3020.84,1.4
TXN0009795,29-11-2019,ITM0463,OUT011,CUS01208,10,2743.05,3.5
TXN0004985,,ITM0076,OUT039,CUS01035,10,4949.59,4.9
TXN0001755,12-08-2020,ITM0106,OUT026,CUS01109,19,3051.90,4.1
TXN0007632,05-04-2020,ITM0066,OUT030,CUS01230,16,3579.48,4.5
TXN0003812,08-05-2023,ITM0065,OUT005,CUS01794,12,3976.58,3.6
TXN0002919,23-07-2023,ITM0078,OUT037,CUS01288,14,1529.02,1.1
TXN0008033,02-01-2021,ITM0310,OUT039,CUS01907,6,3582.42,4.6
TXN0007666,20-03-2021,ITM0198,OUT023,CUS01145,1,3804.74,2.5
TXN0003986,16-08-2018,ITM0136,OUT015,CUS01320,11,,1.2
TXN0010094,18-04-2020,ITM0028,OUT007,CUS00871,12,4379.30,3.2
TXN0000614,16-05-2020,ITM0095,OUT046,CUS01192,11,1874.62,
TXN0007711,17-10-2023,ITM0269,OUT045,CUS00934,12,3528.82,4.2
TXN0005517,27-09-2018,ITM0301,OUT044,CUS00718,15,4325.94,3.6
TXN0004066,22-01-2021,ITM0041,OUT005,CUS01245,15,1669.60,
TXN0004644,10-04-2023,ITM0395,OUT019,CUS00392,4,4822.82,1.8
TXN0005848,26-10-2023,ITM0420,OUT049,CUS01072,1,3405.14,
TXN0007355,14-08-2023,ITM0342,OUT049,CUS00364,19,1372.10,4.2
TXN0000156,25-04-2018,ITM0196,OUT049,CUS01194,2,173.02,3.8
TXN0005829,27-04-2023,ITM0286,OUT040,CUS00321,8,1004.15,3.6
TXN0007095,30-05-2022,ITM0431,OUT047,CUS00571,,1255.23,1.2
TXN0003413,03-12-2020,ITM0093,OUT028,CUS00989,9,4420.38,2.1
TXN0009551,11-01-2018,ITM0082,OUT008,CUS00894,20,,1.2
TXN0010205,21-05-2020,ITM0145,OUT021,CUS01927,13,1410.86,3.4
TXN0007075,12-02-2021,ITM0255,OUT004,CUS00060,6,2947.33,1.9
TXN0000203,17-02-2023,ITM0142,OUT005,CUS01953,17,1541.90,3.7
TXN0002326,19-06-2020,ITM0055,OUT044,CUS01846,,1739.37,5.0
TXN0006966,01-06-2019,ITM0281,OUT016,CUS00352,17,1079.24,1.2
TXN0005582,12-03-2021,ITM0456,OUT003,CUS01787,,1292.05,3.4
TXN0005296,22-07-2018,ITM0464,OUT049,CUS00355,9,4635.38,2.9
TXN0000980,19-01-2023,ITM0198,OUT030,CUS00205,10,202.38,
TXN0005039,20-09-2022,ITM0289,OUT048,CUS01501,19,,3.7
TXN0003142,18-11-2018,ITM0054,OUT036,CUS01194,,4551.18,4.9
TXN0008046,23-01-2019,ITM0405,OUT001,CUS01022,20,3067.63,4.3
TXN0005658,05-11-2018,ITM0350,OUT021,CUS01449,,3875.86,2.2
TXN0000870,07-10-2018,ITM0065,OUT044,CUS00264,7,716.04,2.7
TXN0007826,01-02-2020,ITM0103,OUT024,CUS01901,18,3161.25,3.5
TXN0003888,08-04-2021,ITM0311,OUT046,CUS00718,16,1536.48,2.1
TXN0000209,26-08-2020,ITM0348,OUT023,CUS01475,13,82.70,
TXN0009180,07-10-2019,ITM0371,OUT024,CUS00837,2,2360.88,1.1
TXN0003149,23-09-2018,ITM0180,OUT048,CUS01551,3,3428.53,3.3
TXN0006840,10-09-2021,ITM0293,OUT046,CUS00791,12,1046.83,3.8
TXN0008699,17-01-2022,ITM0448,OUT038,CUS01463,11,1418.43,4.0
TXN0005099,12-01-2020,ITM0420,OUT008,CUS01168,9,2143.09,3.1
TXN0009658,20-10-2020,ITM0027,OUT014,CUS01826,8,1942.30,2.7
TXN0009293,08-07-2021,ITM0020,OUT048,CUS00396,12,1902.20,4.3
TXN0001649,13-11-2021,ITM0233,OUT030,CUS01574,4,,4.1
TXN0007887,06-11-2023,ITM0105,OUT017,CUS01628,2,4762.12,4.6
TXN0006888,18-05-2022,ITM0079,OUT036,CUS00942,,4902.48,2.6
TXN0008621,09-02-2019,ITM0303,OUT002,CUS00163,8,670.46,2.7
TXN0006117,31-05-2023,ITM0403,OUT037,CUS00790,18,,
TXN0006514,06-07-2023,ITM0068,OUT035,CUS01416,10,4621.72,4.5
TXN0007160,24-12-2020,ITM0481,OUT049,CUS00187,17,1331.31,4.6
TXN0005748,23-09-2019,ITM0330,OUT043,CUS01244,12,,3.9
TXN0003184,21-12-2018,ITM0476,OUT008,CUS01349,9,1870.54,3.6
TXN0000286,13-04-2020,ITM0306,OUT017,CUS00581,19,1626.47,2.8
TXN0007575,20-08-2020,ITM0122,OUT026,CUS00283,10,4043.56,4.2
TXN0002044,04-12-2020,ITM0374,OUT049,CUS01008,11,3788.04,3.8
TXN0000375,13-06-2020,ITM0139,OUT028,CUS00185,15,3546.47,3.3
TXN0003310,09-01-2018,ITM0242,OUT035,CUS00485,4,4571.24,
TXN0007732,26-02-2019,ITM0398,OUT009,CUS00022,14,283.12,4.0
TXN0003948,23-01-2020,ITM0448,OUT019,CUS00319,15,4199.92,2.3
TXN0000763,23-08-2021,ITM0342,OUT050,CUS00145,1,4950.69,4.6
TXN0001087,30-07-2020,ITM0195,OUT035,CUS00236,13,4343.31,3.3
TXN0003604,05-04-2023,ITM0405,OUT041,CUS00465,6,3219.47,1.3
TXN0008404,17-01-2021,ITM0455,OUT023,CUS01260,13,208.95,4.8
TXN0000223,05-03-2023,ITM0462,OUT039,CUS00417,2,604.22,3.3
TXN0009959,03-04-2019,ITM0144,OUT009,CUS00569,6,1273.57,4.0
TXN0006932,20-08-2022,ITM0276,OUT016,CUS01483,2,512.85,1.7
TXN0009730,07-05-2021,ITM0481,OUT047,CUS00206,3,4776.33,2.6
TXN0003446,29-08-2019,ITM0482,OUT016,CUS01152,7,3868.01,
TXN0010391,03-05-2020,ITM0403,OUT040,CUS00818,7,2962.85,3.5
TXN0005684,16-04-2020,ITM0479,OUT008,CUS00007,16,1667.63,4.5
TXN0002526,22-01-2023,ITM0391,OUT049,CUS00920,,1644.25,3.4
TXN0001693,16-10-2018,ITM0226,OUT049,CUS01453,8,4582.66,3.1
TXN0008987,24-04-2020,ITM0132,OUT001,CUS01258,13,1731.61,4.7
TXN0009755,28-02-2019,ITM0125,OUT002,CUS00452,6,2358.08,3.4
TXN0002704,26-11-2020,ITM0361,OUT017,CUS01231,9,1833.54,1.4
TXN0000796,23-06-2022,ITM0493,OUT029,CUS01613,9,4169.40,3.7
TXN0002963,06-02-2021,ITM0024,OUT028,CUS00285,1,3848.01,3.8
TXN0004344,27-01-2022,ITM0206,OUT032,CUS00368,,2086.58,3.1
TXN0008995,05-07-2019,ITM0016,OUT012,CUS00484,16,3535.42,
TXN0006349,12-08-2019,ITM0429,OUT016,CUS01179,4,3352.55,
TXN0008002,06-07-2023,ITM0008,OUT002,CUS00346,13,3950.12,1.5
TXN0000365,23-08-2018,ITM0171,OUT041,CUS01032,12,837.99,4.8
TXN0001147,15-11-2021,ITM0441,OUT046,CUS00281,8,2973.10,4.9
TXN0007401,,ITM0351,OUT040,CUS01855,16,1294.27,4.7
TXN0004000,13-05-2021,ITM0188,OUT014,CUS01905,14,3163.29,3.1
TXN0007407,09-09-2023,ITM0323,OUT019,CUS01844,17,414.64,3.0
TXN0004890,26-06-2022,ITM0242,OUT019,CUS00370,5,3354.34,1.8
TXN0004908,12-02-2023,ITM0064,OUT030,CUS00787,,1602.82,3.8
TXN0004416,10-07-2023,ITM0179,OUT018,CUS00925,,1333.13,
TXN0004825,13-09-2023,ITM0326,OUT032,CUS00294,9,834.81,1.7
TXN0008545,02-12-2023,ITM0395,OUT015,CUS01257,5,3311.03,4.9
TXN0007481,04-03-2020,ITM0335,OUT002,CUS01086,19,3625.00,2.9
TXN0004105,29-01-2022,ITM0172,OUT009,CUS00370,15,994.61,1.4
TXN0002673,14-11-2021,ITM0487,OUT045,CUS01894,12,3625.52,3.7
TXN0009273,15-04-2018,ITM0323,OUT002,CUS00210,2,721.34,1.5
TXN0002783,12-10-2022,ITM0305,OUT050,CUS01637,10,4804.71,2.2
TXN0007645,11-07-2019,ITM0264,OUT015,CUS01783,3,1986.72,2.3
TXN0009689,08-02-2021,ITM0034,OUT014,CUS01705,19,3890.49,2.1
TXN0000760,13-01-2021,ITM0004,OUT045,CUS01231,10,784.95,2.1
TXN0000398,15-08-2021,ITM0004,OUT035,CUS00867,10,4829.22,2.9
TXN0009285,03-02-2020,ITM0052,OUT026,CUS00343,8,3303.53,1.0
TXN0001481,13-03-2019,ITM0495,OUT014,CUS00808,5,2650.13,
TXN0002988,26-02-2023,ITM0168,OUT045,CUS00308,,1779.89,4.2
TXN0000664,14-06-2022,ITM0293,OUT046,CUS00428,9,3547.11,3.0
TXN0009563,05-09-2023,ITM0197,OUT026,CUS00158,19,4383.27,3.6
TXN0000818,14-01-2021,ITM0339,OUT041,CUS01298,12,2487.88,1.0
TXN0001268,05-06-2019,ITM0247,OUT036,CUS01619,9,613.40,3.0
TXN0004016,18-03-2023,ITM0407,OUT021,CUS01588,18,1417.64,1.2
TXN0009645,09-07-2018,ITM0132,OUT048,CUS01075,19,2221.28,3.2
TXN0003796,13-04-2023,ITM0340,OUT008,CUS01330,18,1400.27,3.7
TXN0010338,27-09-2022,ITM0226,OUT019,CUS00448,9,2301.68,3.4
TXN0000107,17-03-2021,ITM0482,OUT027,CUS01673,4,272.67,3.3
TXN0007278,10-11-2023,ITM0489,OUT015,CUS00361,16,728.15,3.9
TXN0000263,24-06-2022,ITM0400,OUT016,CUS00801,14,2248.77,
TXN0009159,11-12-2022,ITM0431,OUT002,CUS01221,8,3462.73,4.6
TXN0006897,13-10-2023,ITM0167,OUT035,CUS01211,20,231.55,1.6
TXN0008573,10-04-2022,ITM0389,OUT015,CUS01585,12,2921.01,
TXN0006632,03-08-2022,ITM0103,OUT004,CUS00601,2,974.60,4.6
TXN0001616,20-08-2022,ITM0033,OUT034,CUS01870,16,1219.30,4.5
TXN0007161,10-12-2022,ITM0376,OUT050,CUS00744,15,3065.10,2.0
TXN0002551,02-04-2018,ITM0284,OUT007,CUS00498,13,3616.80,2.1
TXN0002248,28-11-2018,ITM0209,OUT036,CUS01659,4,2015.19,3.9
TXN0005259,12-04-2018,ITM0256,OUT047,CUS01851,20,70.15,2.6
TXN0006242,17-01-2020,ITM0325,OUT024,CUS00209,19,163.19,4.9
TXN0010409,30-06-2020,ITM0223,OUT023,CUS01282,6,2129.12,3.0
TXN0005778,16-04-2022,ITM0379,OUT034,CUS01292,8,3954.59,1.2
TXN0002402,,ITM0164,OUT045,CUS01733,16,,1.3
TXN0003023,21-10-2020,ITM0476,OUT024,CUS01421,15,3635.96,4.2
TXN0010468,22-07-2021,ITM0322,OUT008,CUS00374,,3650.37,1.8
TXN0007760,02-01-2019,ITM0266,OUT023,CUS00218,2,2601.79,4.4
TXN0008496,17-11-2022,ITM0254,OUT030,CUS01120,,3056.98,3.2
TXN0001818,31-05-2020,ITM0400,OUT041,CUS00672,19,3590.72,4.5
TXN0008763,05-07-2019,ITM0101,OUT030,CUS00206,5,,1.4
TXN0006638,20-12-2021,ITM0012,OUT039,CUS00126,10,277.44,1.5
TXN0005003,23-07-2020,ITM0149,OUT050,CUS01149,1,3532.52,3.6
TXN0005695,15-12-2018,ITM0067,OUT024,CUS01113,4,,2.7
TXN0001665,24-11-2021,ITM0145,OUT026,CUS01201,1,4070.38,1.9
TXN0001188,11-02-2018,ITM0390,OUT003,CUS01501,13,3062.82,2.8
TXN0008830,30-09-2019,ITM0482,OUT022,CUS01604,11,,1.1
TXN0004932,26-10-2018,ITM0153,OUT008,CUS01300,14,1747.93,4.2
TXN0000600,08-09-2020,ITM0469,OUT032,CUS01607,12,4111.88,4.3
TXN0008790,01-08-2019,ITM0127,OUT023,CUS00001,20,1959.43,4.3
TXN0000873,29-05-2020,ITM0396,OUT045,CUS01091,11,912.51,4.7
TXN0007468,16-09-2022,ITM0335,OUT014,CUS00711,14,1612.27,4.0
TXN0002678,17-08-2018,ITM0360,OUT002,CUS01632,6,3221.53,4.7
TXN0000536,21-09-2022,ITM0326,OUT020,CUS00566,13,2446.23,4.5
TXN0003401,31-08-2022,ITM0132,OUT011,CUS00680,15,1050.89,
TXN0002213,16-05-2022,ITM0332,OUT011,CUS01356,5,4075.63,1.1
TXN0010040,02-05-2019,ITM0421,OUT036,CUS01875,7,3410.24,4.5
TXN0003942,28-06-2022,ITM0153,OUT014,CUS00043,20,2821.34,4.8
TXN0005639,10-03-2018,ITM0121,OUT032,CUS01836,17,4529.93,3.6
TXN0004350,26-04-2019,ITM0346,OUT024,CUS00825,8,3426.97,3.9
TXN0000571,15-05-2022,ITM0309,OUT018,CUS01498,,546.11,1.5
TXN0007136,25-12-2021,ITM0226,OUT014,CUS01245,11,2754.78,2.7
TXN0005336,20-09-2022,ITM0130,OUT036,CUS00925,17,2945.95,2.7
TXN0007421,22-05-2023,ITM0352,OUT030,CUS00098,19,2848.97,
TXN0002308,25-09-2023,ITM0126,OUT048,CUS01567,9,432.44,3.8
TXN0009399,01-08-2023,ITM0401,OUT022,CUS00249,9,1152.78,4.1
TXN0002342,10-09-2022,ITM0274,OUT027,CUS01078,14,2425.13,1.0
TXN0002455,12-02-2018,ITM0019,OUT032,CUS00410,16,3162.70,2.3
TXN0003676,02-05-2022,ITM0354,OUT016,CUS01312,16,1746.25,
TXN0009168,09-02-2020,ITM0307,OUT034,CUS01774,,404.94,1.9
TXN0000627,17-12-2021,ITM0455,OUT024,CUS00131,5,826.70,2.8
TXN0000596,30-04-2018,ITM0365,OUT022,CUS00497,10,646.85,2.2
TXN0007292,02-04-2022,ITM0454,OUT019,CUS00148,16,4100.99,2.4
TXN0006077,17-09-2019,ITM0353,OUT017,CUS00701,6,2943.95,3.9
TXN0009750,13-10-2020,ITM0411,OUT010,CUS01698,20,2090.37,3.4
TXN0010432,,ITM0299,OUT022,CUS00401,17,2178.63,2.9
TXN0008818,03-09-2023,ITM0046,OUT018,CUS00713,12,,1.7
TXN0002222,19-11-2021,ITM0230,OUT040,CUS00075,12,1502.85,1.1
TXN0008198,,ITM0426,OUT041,CUS01367,18,1356.44,3.1
TXN0002328,19-04-2022,ITM0076,OUT036,CUS01756,8,4382.64,1.2
TXN0006152,27-04-2021,ITM0335,OUT015,CUS00321,5,208.57,1.3
TXN0008187,11-01-2021,ITM0133,OUT038,CUS00256,3,2446.58,1.7
TXN0005711,07-02-2020,ITM0256,OUT012,CUS00875,18,1629.96,4.1
TXN0006432,22-06-2022,ITM0059,OUT043,CUS00151,13,1484.36,2.1
TXN0002261,21-07-2018,ITM0491,OUT027,CUS00829,8,2138.95,2.7
TXN0004411,08-11-2023,ITM0071,OUT019,CUS00689,1,4691.36,1.2
TXN0008748,09-01-2018,ITM0042,OUT014,CUS01222,8,2779.07,2.6
TXN0002829,06-03-2020,ITM0013,OUT013,CUS00414,10,2072.91,1.8
TXN0003423,10-05-2021,ITM0247,OUT019,CUS00346,13,3591.78,3.6
TXN0008010,31-03-2023,ITM0100,OUT008,CUS00175,9,2270.09,
TXN0001467,04-08-2019,ITM0397,OUT021,CUS01097,5,2071.30,4.3
TXN0007615,,ITM0471,OUT038,CUS00056,20,3633.16,1.7
TXN0009158,04-06-2023,ITM0303,OUT043,CUS00424,2,4949.87,1.7
TXN0006056,15-03-2018,ITM0013,OUT012,CUS00516,4,3459.33,1.3
TXN0005050,01-02-2018,ITM0053,OUT021,CUS01417,5,1094.51,
TXN0009051,30-08-2019,ITM0104,OUT044,CUS00309,13,492.19,3.0
TXN0008719,01-05-2018,ITM0406,OUT019,CUS01449,17,2494.26,3.5
TXN0006749,05-08-2022,ITM0460,OUT015,CUS00510,10,1572.63,3.4
TXN0008438,01-03-2020,ITM0074,OUT034,CUS00047,5,3229.73,4.6
TXN0003269,10-01-2020,ITM0169,OUT018,CUS00366,10,2312.10,3.9
TXN0009374,21-03-2019,ITM0269,OUT030,CUS01741,16,295.28,2.7
TXN0002958,11-11-2019,ITM0257,OUT028,CUS01658,18,,3.4
TXN0003652,30-12-2018,ITM0366,OUT040,CUS00039,,4034.42,3.7
TXN0003525,15-08-2018,ITM0025,OUT049,CUS01271,5,3398.65,4.3
TXN0006259,04-02-2022,ITM0067,OUT034,CUS01121,18,4731.17,4.9
TXN0001748,20-01-2018,ITM0363,OUT022,CUS00990,15,1537.62,2.6
TXN0001463,20-07-2019,ITM0327,OUT005,CUS00233,19,1582.86,1.5
TXN0006013,02-09-2021,ITM0157,OUT044,CUS01146,,733.75,3.1
TXN0008469,14-07-2021,ITM0400,OUT033,CUS00373,5,4784.93,4.8
TXN0005207,30-05-2020,ITM0302,OUT021,CUS01797,15,3516.51,1.1
TXN0005394,30-10-2019,ITM0056,OUT039,CUS00932,16,1662.37,1.4
TXN0006453,11-11-2022,ITM0459,OUT033,CUS01107,8,993.24,3.3
TXN0006706,26-04-2023,ITM0479,OUT012,CUS01984,8,1509.22,1.6
TXN0003244,30-01-2020,ITM0209,OUT038,CUS00899,2,,
TXN0006121,06-06-2022,ITM0115,OUT041,CUS01446,1,139.95,4.0
TXN0001438,12-04-2023,ITM0245,OUT001,CUS00430,5,2669.46,4.0
TXN0008311,26-12-2019,ITM0044,OUT004,CUS01210,2,1920.16,4.6
TXN0002393,09-08-2018,ITM0319,OUT033,CUS00716,5,887.00,2.4
TXN0004554,02-02-2022,ITM0077,OUT038,CUS00381,8,3424.61,3.5
TXN0002871,05-09-2019,ITM0467,OUT025,CUS00714,6,1734.03,4.5
TXN0003051,29-04-2018,ITM0266,OUT039,CUS00396,5,4833.45,4.3
TXN0008057,19-05-2018,ITM0100,OUT024,CUS01409,14,1784.18,3.0
TXN0003760,04-05-2020,ITM0073,OUT002,CUS00432,15,350.76,
TXN0005889,01-05-2018,ITM0357,OUT049,CUS00266,5,2388.47,1.5
TXN0000486,29-03-2020,ITM0275,OUT018,CUS00802,1,3492.56,2.2
TXN0010223,05-11-2021,ITM0015,OUT021,CUS00094,3,159.53,3.1
TXN0009822,30-10-2022,ITM0066,OUT005,CUS00753,14,904.03,3.8
TXN0006202,27-04-2020,ITM0264,OUT020,CUS00562,18,464.56,1.4
TXN0001064,23-01-2020,ITM0311,OUT003,CUS00885,,756.84,3.7
TXN0006584,24-04-2021,ITM0490,OUT002,CUS00501,20,1151.99,1.2
TXN0000498,03-08-2023,ITM0390,OUT036,CUS00093,5,3204.70,1.1
TXN0001402,26-11-2019,ITM0342,OUT019,CUS00470,9,728.99,4.3
TXN0000180,25-03-2022,ITM0105,OUT047,CUS00220,8,389.23,3.6
TXN0002092,10-11-2020,ITM0199,OUT004,CUS00375,4,2088.22,3.8
TXN0008598,05-06-2018,ITM0401,OUT008,CUS01333,19,,2.2
TXN0002634,04-09-2023,ITM0353,OUT044,CUS00302,2,4725.62,4.2
TXN0001475,16-01-2022,ITM0294,OUT040,CUS01750,8,1273.87,2.7
TXN0001625,13-06-2020,ITM0292,OUT004,CUS01998,8,3030.17,1.0
TXN0000416,25-01-2023,ITM0492,OUT009,CUS00473,,4990.41,3.8
TXN0002652,,ITM0206,OUT030,CUS01726,13,1323.91,3.9
TXN0006807,08-01-2021,ITM0341,OUT016,CUS00793,13,4241.94,1.0
TXN0005547,19-01-2019,ITM0132,OUT005,CUS00780,1,1708.48,
TXN0005747,09-08-2023,ITM0483,OUT024,CUS00466,15,2512.99,1.4
TXN0004431,03-01-2019,ITM0275,OUT028,CUS01235,3,2200.64,
TXN0009038,27-09-2020,ITM0339,OUT021,CUS01603,,1604.64,4.1
TXN0007340,27-05-2019,ITM0001,OUT029,CUS01926,12,4546.66,
TXN0005604,12-11-2018,ITM0234,OUT029,CUS01579,5,2883.75,1.2
TXN0007327,05-10-2018,ITM0412,OUT017,CUS00940,9,1698.05,2.0
TXN0008285,27-07-2020,ITM0267,OUT022,CUS01519,10,1900.14,3.7
TXN0004177,17-03-2020,ITM0231,OUT029,CUS01930,17,2417.56,2.2
TXN0003241,27-01-2023,ITM0165,OUT021,CUS00582,11,1721.34,2.5
TXN0005837,06-04-2021,ITM0109,OUT003,CUS01064,20,4686.17,4.1
TXN0005326,24-06-2021,ITM0316,OUT019,CUS01703,13,925.81,2.3
TXN0010362,02-07-2020,ITM0212,OUT015,CUS01376,14,1469.98,4.7
TXN0004103,01-06-2022,ITM0228,OUT027,CUS00185,20,4064.10,3.6
TXN0009945,19-08-2023,ITM0274,OUT033,CUS00495,,1206.62,3.0
TXN0009610,27-03-2021,ITM0397,OUT025,CUS01586,9,943.24,2.9
TXN0003565,03-10-2021,ITM0089,OUT004,CUS00631,2,4701.02,2.6
TXN0007954,24-03-2023,ITM0052,OUT030,CUS00527,4,99.85,4.3
TXN0004362,20-04-2018,ITM0067,OUT025,CUS00252,2,1550.49,5.0
TXN0004942,03-01-2019,ITM0227,OUT016,CUS00353,17,4158.39,1.2
TXN0006777,23-06-2020,ITM0220,OUT008,CUS01319,5,481.77,2.9
TXN0003755,10-01-2021,ITM0361,OUT008,CUS01708,18,1731.33,4.2
TXN0001831,01-08-2020,ITM0179,OUT049,CUS00404,13,1847.58,4.1
TXN0009031,08-06-2022,ITM0028,OUT014,CUS00169,2,2572.99,2.3
TXN0010064,09-12-2023,ITM0472,OUT019,CUS00336,14,377.89,2.8
TXN0004024,04-04-2021,ITM0218,OUT027,CUS01892,12,1102.30,4.8
TXN0000896,05-05-2022,ITM0457,OUT024,CUS01675,19,107.47,1.2
TXN0006155,25-10-2022,ITM0014,OUT031,CUS00713,20,2300.74,1.2
TXN0003580,23-05-2023,ITM0253,OUT031,CUS01491,16,3785.77,2.5
TXN0004620,15-07-2021,ITM0217,OUT047,CUS01426,16,,4.8
TXN0003137,17-04-2021,ITM0456,OUT019,CUS01109,13,3127.02,
TXN0008610,17-12-2022,ITM0081,OUT005,CUS00391,1,2677.33,4.4
TXN0006847,15-08-2021,ITM0124,OUT019,CUS00324,14,1439.39,4.3
TXN0001405,02-01-2018,ITM0464,OUT039,CUS00692,14,4564.03,
TXN0002649,20-04-2019,ITM0100,OUT039,CUS00552,12,4825.70,2.4
TXN0005180,07-09-2020,ITM0205,OUT019,CUS00475,4,2344.64,1.7
TXN0001509,29-01-2018,ITM0209,OUT042,CUS01241,2,2905.87,2.3
TXN0003369,04-01-2023,ITM0432,OUT047,CUS00629,7,1959.77,2.4
TXN0008148,18-12-2018,ITM0443,OUT009,CUS01659,17,974.54,4.6
TXN0009951,27-11-2019,ITM0333,OUT016,CUS01504,19,2624.94,4.5
TXN0000087,14-03-2020,ITM0026,OUT018,CUS01920,5,3508.49,
TXN0003280,02-01-2021,ITM0342,OUT006,CUS00521,18,366.31,3.1
TXN0001544,08-10-2020,ITM0027,OUT009,CUS01970,3,2904.69,1.5
TXN0001992,,ITM0026,OUT001,CUS00083,,4216.09,2.4
TXN0007640,04-03-2021,ITM0317,OUT048,CUS01293,8,1451.27,3.8
TXN0008238,07-04-2021,ITM0028,OUT037,CUS00247,4,1087.35,4.8
TXN0003860,04-08-2021,ITM0124,OUT045,CUS01461,16,717.39,2.9
TXN0005205,04-06-2023,ITM0485,OUT029,CUS01258,18,3568.14,4.7
TXN0008202,,ITM0150,OUT010,CUS01198,5,3267.13,1.7
TXN0005224,20-06-2018,ITM0027,OUT028,CUS01958,8,134.01,3.6
TXN0009428,02-05-2020,ITM0232,OUT041,CUS01311,,3301.34,
TXN0003172,,ITM0162,OUT006,CUS00047,1,257.70,3.3
TXN0005136,20-09-2018,ITM0046,OUT030,CUS01547,16,3072.40,
TXN0007208,28-06-2020,ITM0141,OUT025,CUS01572,10,2806.88,2.8
TXN0006726,30-12-2020,ITM0216,OUT033,CUS01775,14,4524.27,3.9
TXN0004629,07-12-2020,ITM0383,OUT034,CUS00225,8,4754.03,2.8
TXN0010392,06-02-2022,ITM0047,OUT020,CUS01864,4,939.15,1.8
TXN0002839,13-06-2023,ITM0224,OUT026,CUS00809,10,998.51,4.7
TXN0007420,27-09-2023,ITM0431,OUT014,CUS01435,12,777.57,
TXN0004422,09-02-2022,ITM0436,OUT033,CUS00293,12,3825.53,4.9
TXN0002694,21-05-2021,ITM0108,OUT028,CUS01743,1,3772.78,1.3
TXN0007686,14-02-2022,ITM0098,OUT009,CUS01855,8,,4.6
TXN0001710,08-04-2020,ITM0091,OUT049,CUS00994,11,2524.98,1.9
TXN0002832,29-06-2023,ITM0034,OUT014,CUS00636,13,4792.43,2.4
TXN0008023,25-09-2021,ITM0035,OUT003,CUS01980,20,1002.06,4.7
TXN0002579,01-01-2023,ITM0183,OUT042,CUS01421,15,355.25,
TXN0006490,10-10-2022,ITM0101,OUT037,CUS00379,10,4443.64,3.8
TXN0007441,19-03-2022,ITM0066,OUT048,CUS01184,13,4847.42,1.1
TXN0006666,15-01-2019,ITM0283,OUT045,CUS00217,7,592.22,3.4
TXN0007853,24-05-2022,ITM0063,OUT009,CUS01433,12,955.05,2.3
TXN0009771,22-12-2019,ITM0352,OUT014,CUS00923,4,2328.12,4.9
TXN0006937,10-10-2023,ITM0192,OUT002,CUS01653,16,4417.95,4.5
TXN0008552,30-09-2023,ITM0322,OUT012,CUS00507,18,,3.8
TXN0006773,01-06-2023,ITM0435,OUT011,CUS00720,4,2156.34,3.6
TXN0006356,12-10-2022,ITM0237,OUT004,CUS00062,15,982.01,3.9
TXN0005076,03-12-2019,ITM0286,OUT027,CUS01199,12,,4.5
TXN0005728,09-07-2022,ITM0149,OUT026,CUS00927,16,4817.74,3.8
TXN0000381,28-12-2020,ITM0101,OUT033,CUS01688,13,3859.76,2.1
TXN0009438,11-02-2023,ITM0088,OUT023,CUS00622,1,3368.81,4.8
TXN0006303,24-11-2020,ITM0122,OUT022,CUS00993,17,4518.07,3.2
TXN0004289,08-09-2018,ITM0422,OUT009,CUS01491,11,,2.6
TXN0008173,28-09-2018,ITM0026,OUT048,CUS01523,8,2395.38,4.0
TXN0003116,06-11-2021,ITM0363,OUT036,CUS01592,15,2648.26,4.3
TXN0007592,11-02-2020,ITM0023,OUT031,CUS01313,14,3785.28,2.2
TXN0007734,16-06-2023,ITM0332,OUT046,CUS00081,18,2401.93,
TXN0006733,03-03-2018,ITM0148,OUT023,CUS01164,10,345.31,3.9
TXN0009908,30-01-2022,ITM0491,OUT035,CUS01422,14,,2.8
TXN0001868,30-01-2022,ITM0498,OUT050,CUS01517,1,3312.18,1.6
TXN0006933,10-08-2019,ITM0453,OUT042,CUS01508,2,1455.39,2.2
TXN0001660,26-08-2022,ITM0199,OUT017,CUS00835,1,2802.79,3.3
TXN0008260,09-10-2023,ITM0077,OUT003,CUS01868,6,1280.01,3.1
TXN0005635,01-04-2021,ITM0264,OUT016,CUS00491,12,88.88,4.8
TXN0002909,26-09-2021,ITM0410,OUT018,CUS01269,4,2275.74,2.9
TXN0008710,28-04-2019,ITM0239,OUT021,CUS00309,5,916.47,4.4
TXN0000938,04-08-2018,ITM0362,OUT048,CUS00126,14,3574.85,2.6
TXN0000721,29-12-2019,ITM0018,OUT014,CUS01526,10,39.33,3.1
TXN0003168,12-01-2023,ITM0129,OUT038,CUS01980,5,2223.28,3.2
TXN0004227,19-08-2022,ITM0132,OUT022,CUS01737,6,4096.52,4.3
TXN0008406,21-09-2023,ITM0188,OUT002,CUS01234,6,2592.08,3.1
TXN0008108,20-04-2019,ITM0386,OUT024,CUS01872,13,3299.56,4.5
TXN0005441,24-04-2022,ITM0215,OUT008,CUS01708,19,1890.19,3.0
TXN0001674,,ITM0089,OUT043,CUS01360,20,2911.75,4.9
TXN0008263,21-07-2023,ITM0064,OUT028,CUS00186,19,947.40,3.4
TXN0004981,21-08-2023,ITM0250,OUT024,CUS01082,15,1444.64,1.4
TXN0004582,11-04-2022,ITM0206,OUT023,CUS00690,17,2673.27,2.7
TXN0003864,,ITM0033,OUT003,CUS00891,3,3467.51,4.7
TXN0001050,30-01-2022,ITM0409,OUT036,CUS00148,13,2536.34,4.7
TXN0009881,08-03-2019,ITM0237,OUT023,CUS01705,6,1531.80,1.9
TXN0007112,31-01-2019,ITM0077,OUT035,CUS00510,8,3488.45,2.7
TXN0007101,22-04-2020,ITM0271,OUT007,CUS01853,4,2950.26,2.2
TXN0001623,18-08-2021,ITM0088,OUT038,CUS00471,1,3301.89,4.6
TXN0003072,04-04-2022,ITM0076,OUT028,CUS00596,13,2002.17,3.1
TXN0004790,20-11-2018,ITM0198,OUT034,CUS01693,3,1706.32,4.8
TXN0001390,11-04-2019,ITM0232,OUT015,CUS01169,6,939.62,3.4
TXN0002916,17-03-2020,ITM0244,OUT013,CUS00609,10,1734.08,4.6
TXN0009695,08-02-2022,ITM0293,OUT039,CUS00101,12,1154.75,2.3
TXN0006003,13-07-2021,ITM0188,OUT038,CUS00734,5,4219.13,1.5
TXN0003440,10-04-2019,ITM0146,OUT049,CUS00375,4,1052.18,4.5
TXN0003907,22-08-2022,ITM0017,OUT026,CUS00497,5,428.13,2.5
TXN0007389,10-07-2022,ITM0327,OUT039,CUS00759,5,2356.24,4.8
TXN0008768,22-06-2022,ITM0033,OUT043,CUS00849,2,538.83,
TXN0003671,25-09-2021,ITM0495,OUT029,CUS00828,17,1891.16,2.0
TXN0009333,03-02-2020,ITM0115,OUT017,CUS00250,7,1887.74,2.9
TXN0004727,25-12-2018,ITM0455,OUT002,CUS01276,15,4728.51,
TXN0000628,19-02-2021,ITM0385,OUT025,CUS01257,16,1586.45,4.3
TXN0010266,14-12-2020,ITM0098,OUT003,CUS01170,17,4696.46,2.0
TXN0004501,28-01-2019,ITM0167,OUT006,CUS01177,18,3125.23,4.5
TXN0006176,23-08-2018,ITM0063,OUT001,CUS00895,15,4541.42,1.6
TXN0001648,31-01-2023,ITM0291,OUT021,CUS01690,16,3489.34,1.2
TXN0006447,19-06-2022,ITM0137,OUT003,CUS00723,18,2752.88,3.0
TXN0008690,10-03-2022,ITM0053,OUT026,CUS01037,19,4166.21,2.0
TXN0004550,13-11-2019,ITM0474,OUT040,CUS00317,2,516.53,3.3
TXN0002728,29-06-2023,ITM0097,OUT041,CUS00943,12,4690.65,5.0
TXN0006952,17-02-2019,ITM0492,OUT046,CUS00511,8,4143.16,2.3
TXN0005626,16-06-2022,ITM0074,OUT046,CUS00623,4,,2.6
TXN0004130,21-10-2018,ITM0406,OUT033,CUS01540,3,4101.19,3.0
TXN0005048,15-10-2018,ITM0226,OUT049,CUS01550,6,4959.23,
TXN0002511,18-09-2021,ITM0120,OUT018,CUS01335,9,4524.45,4.4
TXN0002899,,ITM0050,OUT009,CUS01721,8,4982.98,2.6
TXN0006705,15-06-2020,ITM0018,OUT028,CUS00332,15,3184.06,4.6
TXN0001167,19-12-2021,ITM0477,OUT048,CUS01821,3,4225.26,
TXN0006877,02-06-2019,ITM0248,OUT005,CUS01938,19,1142.36,1.2
TXN0005191,10-03-2020,ITM0181,OUT018,CUS01628,12,1454.05,2.5
TXN0005701,08-10-2020,ITM0218,OUT041,CUS01729,11,4781.92,2.6
TXN0000675,12-04-2018,ITM0437,OUT049,CUS01172,10,2564.11,3.7
TXN0003273,11-07-2018,ITM0200,OUT045,CUS01756,20,2749.20,1.8
TXN0009949,03-04-2023,ITM0178,OUT023,CUS00170,16,4233.69,
TXN0010240,28-09-2021,ITM0420,OUT020,CUS01424,9,1861.30,3.4
TXN0004359,12-12-2022,ITM0182,OUT045,CUS01586,3,,2.5
TXN0005468,16-04-2020,ITM0329,OUT034,CUS00690,17,361.56,3.9
TXN0003960,,ITM0169,OUT036,CUS01720,4,2394.55,2.1
TXN0008940,,ITM0166,OUT049,CUS00658,9,1135.38,3.9
TXN0003739,21-08-2019,ITM0479,OUT035,CUS01258,,850.11,1.7
TXN0001826,29-09-2019,ITM0168,OUT015,CUS01935,14,3717.28,4.6
TXN0002966,24-10-2019,ITM0211,OUT020,CUS00927,5,4851.68,2.0
TXN0003927,09-09-2023,ITM0138,OUT040,CUS00174,13,4471.18,2.3
TXN0003899,01-08-2019,ITM0201,OUT033,CUS00355,16,4831.93,4.0
TXN0007712,18-09-2019,ITM0198,OUT031,CUS01017,10,4523.00,2.2
TXN0010069,05-07-2022,ITM0075,OUT016,CUS01808,7,,3.7
TXN0000977,28-05-2019,ITM0249,OUT027,CUS01148,18,3670.85,3.7
TXN0008681,07-06-2018,ITM0286,OUT033,CUS00040,20,1242.60,1.7
TXN0006832,19-07-2022,ITM0177,OUT017,CUS01652,5,193.96,2.1
TXN0005838,23-03-2023,ITM0103,OUT047,CUS00878,5,1262.44,2.4
TXN0002064,01-02-2019,ITM0027,OUT041,CUS00010,14,4087.95,2.2
TXN0008558,17-01-2023,ITM0185,OUT003,CUS00585,2,1339.74,5.0
TXN0006740,03-11-2022,ITM0423,OUT038,CUS01008,10,1167.16,2.3
TXN0002985,11-11-2022,ITM0364,OUT013,CUS00010,3,2399.04,4.7
TXN0009943,30-01-2023,ITM0447,OUT013,CUS01469,13,1251.86,4.5
TXN0000309,13-05-2018,ITM0051,OUT038,CUS01685,15,4692.41,2.0
TXN0002270,25-06-2018,ITM0109,OUT041,CUS00305,18,339.14,2.5
TXN0009838,11-07-2023,ITM0447,OUT041,CUS01616,7,677.24,1.3
TXN0006957,06-09-2020,ITM0463,OUT015,CUS01499,20,4021.01,2.0
TXN0005442,17-01-2019,ITM0037,OUT010,CUS00981,5,3909.04,
TXN0009089,26-01-2018,ITM0350,OUT017,CUS01866,5,4088.25,4.1
TXN0001078,09-03-2022,ITM0285,OUT044,CUS00536,,3364.53,1.3
TXN0003175,21-02-2018,ITM0168,OUT010,CUS00602,,1172.55,
TXN0005467,02-09-2021,ITM0313,OUT050,CUS01616,15,,2.9
TXN0004275,05-07-2018,ITM0386,OUT040,CUS00008,5,2134.38,4.0
TXN0008907,,ITM0037,OUT009,CUS01639,1,3384.51,4.2
TXN0002046,,ITM0088,OUT026,CUS01008,18,4736.78,2.3
TXN0002127,24-07-2023,ITM0190,OUT002,CUS00910,1,4873.64,3.5
TXN0003698,16-05-2020,ITM0021,OUT014,CUS01112,16,378.37,3.2
TXN0003654,26-02-2018,ITM0083,OUT018,CUS01758,14,581.85,4.5
TXN0007595,01-02-2019,ITM0389,OUT044,CUS00077,2,141.07,1.9
TXN0009937,06-11-2020,ITM0368,OUT009,CUS00467,14,,3.0
TXN0001186,15-01-2018,ITM0224,OUT012,CUS00814,20,4296.93,4.1
TXN0003751,21-06-2018,ITM0253,OUT041,CUS00734,20,4662.85,4.2
TXN0000615,24-03-2022,ITM0379,OUT024,CUS00725,20,739.66,3.7
TXN0010228,18-03-2019,ITM0095,OUT025,CUS01102,15,1211.80,1.7
TXN0009356,24-03-2020,ITM0124,OUT027,CUS01836,14,2749.42,3.8
TXN0002772,02-01-2023,ITM0155,OUT039,CUS00800,11,737.81,4.1
TXN0006261,07-06-2019,ITM0418,OUT043,CUS00985,11,262.68,2.4
TXN0002453,19-02-2023,ITM0172,OUT008,CUS00241,3,2375.90,1.9
TXN0001341,14-11-2022,ITM0423,OUT020,CUS00559,20,2038.26,1.4
TXN0004984,02-07-2019,ITM0320,OUT020,CUS01634,18,4289.11,1.7
TXN0001352,15-01-2019,ITM0052,OUT016,CUS00459,11,2862.53,1.1
TXN0007455,01-05-2023,ITM0405,OUT010,CUS00094,4,3453.04,4.2
TXN0003717,08-07-2018,ITM0088,OUT038,CUS01120,12,3021.12,4.7
TXN0001998,20-02-2019,ITM0206,OUT031,CUS00119,6,3132.96,1.6
TXN0009605,20-01-2020,ITM0251,OUT002,CUS01734,18,3108.03,4.2
TXN0010031,08-06-2022,ITM0286,OUT003,CUS01016,13,1593.31,3.0
TXN0009309,23-10-2022,ITM0369,OUT024,CUS01545,13,1501.68,2.7
TXN0005530,05-08-2021,ITM0485,OUT035,CUS00621,15,37.10,3.5
TXN0006188,07-01-2020,ITM0337,OUT029,CUS00719,11,4354.90,1.1
TXN0001765,15-06-2018,ITM0288,OUT033,CUS01356,11,2228.22,2.6
TXN0002358,04-03-2019,ITM0365,OUT041,CUS01709,,1245.21,2.2
TXN0003726,29-10-2018,ITM0401,OUT036,CUS00793,9,2109.31,3.7
TXN0004941,06-08-2018,ITM0119,OUT031,CUS01699,17,2275.81,1.2
TXN0004587,23-09-2018,ITM0222,OUT022,CUS00188,14,2886.55,3.8
TXN0004906,22-09-2020,ITM0260,OUT017,CUS01158,15,4712.60,2.3
TXN0003200,09-11-2019,ITM0258,OUT018,CUS00638,5,3691.25,4.4
TXN0000643,16-11-2023,ITM0145,OUT004,CUS00557,8,3671.40,1.1
TXN0004880,16-12-2021,ITM0153,OUT027,CUS00937,5,520.99,
TXN0003034,01-03-2020,ITM0466,OUT027,CUS00163,14,3844.13,3.2
TXN0009866,27-02-2022,ITM0180,OUT044,CUS01151,11,,1.3
TXN0004622,23-10-2022,ITM0261,OUT026,CUS01154,20,4713.08,1.8
TXN0008257,13-04-2020,ITM0434,OUT045,CUS00273,18,1712.94,4.0
TXN0003747,23-06-2023,ITM0382,OUT020,CUS01406,6,23.50,4.4
TXN0001275,04-05-2020,ITM0219,OUT034,CUS01009,16,3817.68,3.3
TXN0002878,19-04-2023,ITM0422,OUT027,CUS01545,13,2495.51,2.1
TXN0000776,26-05-2022,ITM0259,OUT028,CUS01933,1,2407.37,1.0
TXN0007685,17-07-2023,ITM0211,OUT029,CUS01901,15,3844.54,
TXN0008785,10-10-2020,ITM0224,OUT024,CUS00856,6,3859.22,4.3
TXN0009382,,ITM0167,OUT012,CUS00837,3,4697.49,2.7
TXN0009415,17-01-2022,ITM0368,OUT015,CUS00846,3,3635.54,3.0
TXN0000198,29-03-2023,ITM0215,OUT038,CUS01748,18,3037.43,3.0
TXN0003383,26-02-2019,ITM0291,OUT034,CUS01750,7,4599.43,3.6
TXN0003332,28-12-2021,ITM0171,OUT002,CUS01363,11,,1.3
TXN0004895,15-06-2021,ITM0146,OUT032,CUS00203,14,3534.39,3.1
TXN0001599,18-01-2018,ITM0070,OUT021,CUS01766,7,1265.40,3.0
TXN0007334,17-07-2019,ITM0459,OUT024,CUS01433,5,1150.20,1.2
TXN0010145,24-10-2021,ITM0371,OUT010,CUS00080,12,,2.5
TXN0003306,05-10-2018,ITM0299,OUT029,CUS00271,15,3643.90,2.7
TXN0000459,22-06-2021,ITM0472,OUT026,CUS00033,5,,4.5
TXN0009853,30-09-2018,ITM0108,OUT047,CUS01692,18,3596.06,2.9
TXN0000551,,ITM0164,OUT015,CUS01780,19,1036.98,4.4
TXN0006930,13-12-2019,ITM0435,OUT041,CUS01813,1,816.60,1.6
TXN0004833,25-03-2022,ITM0405,OUT011,CUS01515,10,2855.01,2.2
TXN0007394,19-03-2020,ITM0253,OUT030,CUS01112,3,,4.9
TXN0000942,,ITM0292,OUT035,CUS00767,7,2121.27,4.0
TXN0004821,06-03-2018,ITM0073,OUT024,CUS01163,16,25.41,
TXN0006068,07-11-2018,ITM0277,OUT019,CUS00821,14,1908.79,4.6
TXN0002157,21-08-2021,ITM0390,OUT014,CUS00788,15,1294.14,1.1
TXN0006193,,ITM0080,OUT042,CUS01597,7,3373.54,4.0
TXN0000327,18-11-2022,ITM0184,OUT005,CUS00905,,3794.31,2.7
TXN0007062,18-02-2023,ITM0492,OUT050,CUS01113,1,628.43,4.9
TXN0002892,24-09-2018,ITM0266,OUT032,CUS00597,2,74.96,1.4
TXN0001865,01-01-2018,ITM0075,OUT050,CUS01437,16,2631.48,3.5
TXN0005488,03-02-2023,ITM0022,OUT028,CUS01526,13,1711.72,3.7
TXN0007499,22-07-2022,ITM0079,OUT016,CUS00552,14,202.00,3.3
TXN0005967,30-12-2020,ITM0243,OUT040,CUS00993,6,775.34,3.2
TXN0009580,03-04-2022,ITM0123,OUT001,CUS01248,3,199.51,2.7
TXN0003487,30-10-2020,ITM0477,OUT049,CUS01299,16,2534.71,1.2
TXN0003838,05-11-2023,ITM0460,OUT029,CUS00340,6,3267.20,4.0
TXN0007659,19-03-2021,ITM0195,OUT005,CUS00565,8,1930.40,4.6
TXN0009773,30-10-2018,ITM0277,OUT012,CUS00350,18,2868.10,
TXN0000995,30-11-2021,ITM0338,OUT025,CUS01134,15,4230.53,2.0
TXN0009367,06-05-2020,ITM0193,OUT024,CUS00130,17,4181.26,2.9
TXN0007735,21-07-2020,ITM0189,OUT021,CUS00881,15,826.72,1.6
TXN0001089,21-05-2022,ITM0409,OUT022,CUS01031,13,2585.89,
TXN0005832,07-05-2018,ITM0331,OUT007,CUS01986,18,639.32,2.6
TXN0003546,16-01-2020,ITM0427,OUT021,CUS01902,2,1925.59,4.4
TXN0004527,15-12-2019,ITM0233,OUT012,CUS00245,17,683.08,1.8
TXN0008616,05-11-2022,ITM0312,OUT004,CUS00546,11,4676.26,3.2
TXN0006167,17-08-2021,ITM0055,OUT034,CUS01886,15,2364.86,4.1
TXN0008569,10-10-2022,ITM0063,OUT048,CUS01739,19,4911.28,2.4
TXN0009003,17-11-2021,ITM0275,OUT014,CUS00784,17,4639.44,4.5
TXN0000499,,ITM0120,OUT006,CUS00725,17,15.44,3.6
TXN0008595,13-09-2020,ITM0203,OUT028,CUS00207,6,4214.28,
TXN0006382,13-07-2018,ITM0253,OUT032,CUS01322,17,977.13,4.4
TXN0004729,16-02-2020,ITM0474,OUT033,CUS00519,13,588.68,3.4
TXN0006874,27-06-2023,ITM0045,OUT049,CUS00079,8,122.38,3.4
TXN0008617,25-09-2019,ITM0063,OUT049,CUS00823,1,3653.05,3.6
TXN0003685,07-09-2020,ITM0109,OUT025,CUS01507,3,4801.45,2.8
TXN0003582,11-03-2019,ITM0314,OUT036,CUS00946,15,676.80,1.4
TXN0003071,16-02-2020,ITM0289,OUT035,CUS01259,1,2336.54,2.6
TXN0007356,10-06-2023,ITM0151,OUT017,CUS00397,15,2226.18,4.8
TXN0007695,28-11-2023,ITM0143,OUT036,CUS01557,8,4646.73,2.9
TXN0008072,09-08-2018,ITM0032,OUT018,CUS00764,5,427.95,3.2
TXN0001886,27-11-2021,ITM0336,OUT026,CUS00433,18,3698.12,4.8
TXN0000733,23-02-2023,ITM0072,OUT014,CUS01408,10,501.24,2.1
TXN0008041,14-05-2019,ITM0277,OUT003,CUS01108,16,4777.07,2.0
TXN0002787,18-02-2022,ITM0315,OUT036,CUS00002,4,1523.30,4.9
TXN0002068,25-08-2018,ITM0135,OUT024,CUS00233,,,3.3
TXN0000617,27-04-2022,ITM0148,OUT016,CUS00910,1,3257.94,2.1
TXN0005719,13-05-2018,ITM0488,OUT013,CUS00604,7,2104.77,2.9
TXN0001022,05-04-2021,ITM0282,OUT019,CUS00283,18,2728.40,1.0
TXN0001440,27-03-2018,ITM0188,OUT022,CUS01967,15,1478.20,2.2
TXN0002667,30-07-2019,ITM0159,OUT018,CUS01351,3,3990.76,4.5
TXN0001278,16-04-2019,ITM0496,OUT001,CUS00631,10,,1.9
TXN0001323,14-12-2021,ITM0260,OUT049,CUS01458,5,3010.66,2.3
TXN0001697,12-11-2019,ITM0019,OUT047,CUS01400,8,3312.54,2.8
TXN0001799,15-08-2021,ITM0139,OUT047,CUS01132,16,958.25,1.9
TXN0008527,23-11-2018,ITM0239,OUT044,CUS01168,11,,1.7
TXN0010289,30-10-2023,ITM0333,OUT014,CUS01717,16,2131.25,3.3
TXN0000036,19-08-2021,ITM0189,OUT050,CUS01151,7,511.85,
TXN0003290,19-11-2023,ITM0451,OUT037,CUS01634,20,607.80,3.5
TXN0001027,16-11-2022,ITM0114,OUT008,CUS00865,14,3839.93,3.4
TXN0008991,18-10-2022,ITM0283,OUT016,CUS00446,18,,3.8
TXN0006612,26-06-2022,ITM0207,OUT001,CUS01388,3,1324.68,3.5
TXN0009877,25-02-2023,ITM0500,OUT001,CUS00648,4,653.55,4.5
TXN0007745,02-05-2019,ITM0229,OUT030,CUS01825,8,2420.89,4.4
TXN0009328,25-07-2018,ITM0141,OUT028,CUS00867,4,2207.17,1.1
TXN0004065,12-07-2019,ITM0487,OUT007,CUS00124,,1326.93,4.2
TXN0004913,01-09-2018,ITM0387,OUT041,CUS01733,6,1956.82,1.5
TXN0008317,01-02-2020,ITM0023,OUT016,CUS00150,14,,4.1
TXN0007947,09-08-2019,ITM0486,OUT012,CUS00265,10,4239.46,3.5
TXN0003605,08-07-2022,ITM0106,OUT050,CUS01684,19,1085.92,4.1
TXN0002420,06-09-2020,ITM0379,OUT016,CUS00782,8,3454.10,4.4
TXN0001335,22-10-2023,ITM0391,OUT036,CUS00404,20,4916.79,
TXN0008396,17-04-2020,ITM0338,OUT033,CUS01608,4,2198.26,4.3
TXN0003807,19-12-2020,ITM0405,OUT037,CUS01366,20,166.17,1.9
TXN0009171,12-04-2019,ITM0130,OUT044,CUS01149,3,2577.11,4.3
TXN0003035,12-05-2022,ITM0307,OUT027,CUS01467,19,4768.37,2.8
TXN0009317,24-06-2019,ITM0264,OUT030,CUS01282,19,1127.43,3.7
TXN0009304,31-01-2020,ITM0015,OUT018,CUS01158,13,436.22,
TXN0008548,12-09-2020,ITM0199,OUT037,CUS01249,,3476.70,2.9
TXN0004839,,ITM0357,OUT005,CUS01630,5,2473.15,3.4
TXN0005090,06-02-2020,ITM0061,OUT037,CUS00174,15,1945.55,1.6
TXN0006358,09-12-2021,ITM0346,OUT026,CUS00194,7,4471.61,2.2
TXN0008771,25-02-2023,ITM0033,OUT017,CUS00623,17,3696.15,2.9
TXN0001093,15-08-2022,ITM0355,OUT035,CUS00018,2,597.74,2.8
TXN0003204,03-10-2021,ITM0075,OUT008,CUS00863,12,1524.57,2.7
TXN0001594,30-12-2018,ITM0468,OUT033,CUS01139,13,2309.83,4.8
TXN0003618,20-04-2023,ITM0313,OUT025,CUS00291,4,,4.6
TXN0005023,15-08-2021,ITM0101,OUT008,CUS00306,9,2859.79,1.1
TXN0005724,27-03-2019,ITM0001,OUT045,CUS01462,5,4407.19,1.8
TXN0007706,24-07-2021,ITM0409,OUT006,CUS00404,2,1441.34,2.6
TXN0006778,04-09-2018,ITM0492,OUT016,CUS00196,11,1327.14,
TXN0004166,16-11-2021,ITM0219,OUT008,CUS00302,9,563.61,2.7
TXN0007104,19-06-2023,ITM0484,OUT027,CUS00647,,1144.02,2.4
TXN0001898,11-08-2019,ITM0345,OUT037,CUS01635,4,3001.98,3.9
TXN0003669,15-01-2019,ITM0274,OUT037,CUS00143,,2494.12,1.4
TXN0000744,07-07-2021,ITM0188,OUT023,CUS00919,6,2037.85,1.4
TXN0003788,11-09-2018,ITM0128,OUT025,CUS00873,13,2411.37,3.7
TXN0004360,14-05-2019,ITM0472,OUT049,CUS01896,12,968.83,1.4
TXN0009409,03-02-2019,ITM0407,OUT025,CUS00080,8,1321.59,2.2
TXN0002959,05-01-2021,ITM0442,OUT049,CUS00173,10,1070.53,1.2
TXN0000774,12-11-2022,ITM0359,OUT042,CUS00046,14,2154.20,2.8
TXN0010424,29-06-2018,ITM0221,OUT002,CUS01010,15,3184.71,1.2
TXN0002361,07-06-2019,ITM0447,OUT001,CUS01359,7,4601.63,4.2
TXN0004172,,ITM0020,OUT018,CUS00391,,2278.21,1.2
TXN0008372,01-09-2022,ITM0235,OUT034,CUS00696,5,4162.65,3.7
TXN0005130,17-10-2022,ITM0116,OUT003,CUS00538,9,4069.40,3.8
TXN0006651,22-11-2020,ITM0223,OUT042,CUS00586,2,4790.36,4.2
TXN0006116,09-09-2022,ITM0045,OUT041,CUS00163,8,,2.9
TXN0008149,06-05-2019,ITM0439,OUT011,CUS00100,3,207.27,1.9
TXN0005258,30-12-2022,ITM0016,OUT020,CUS00621,18,4162.00,3.7
TXN0004796,07-06-2023,ITM0326,OUT025,CUS00665,11,3720.00,1.6
TXN0000436,,ITM0417,OUT005,CUS01144,12,4320.75,2.5
TXN0007288,04-05-2019,ITM0315,OUT013,CUS01296,6,2067.15,2.4
TXN0010169,12-04-2021,ITM0200,OUT004,CUS01773,1,1678.67,1.0
TXN0006182,24-07-2018,ITM0150,OUT032,CUS00904,9,2583.57,1.8
TXN0001750,05-09-2019,ITM0313,OUT033,CUS00472,20,1315.51,2.0
TXN0000166,20-01-2020,ITM0404,OUT044,CUS00961,5,,1.9
TXN0008837,22-05-2019,ITM0312,OUT028,CUS00924,16,1783.46,1.2
TXN0005645,05-08-2023,ITM0200,OUT042,CUS01942,18,,2.5
TXN0005538,18-11-2021,ITM0496,OUT017,CUS00989,2,2104.36,3.0
TXN0000662,,ITM0011,OUT024,CUS01420,10,644.65,2.0
TXN0008064,15-09-2020,ITM0300,OUT045,CUS01817,8,2721.76,3.0
TXN0006499,17-09-2023,ITM0088,OUT039,CUS00305,7,2797.27,3.6
TXN0005341,,ITM0494,OUT039,CUS01898,4,4867.07,3.9
TXN0006348,28-02-2019,ITM0293,OUT016,CUS00402,13,3903.19,2.0
TXN0000325,09-11-2018,ITM0255,OUT033,CUS00202,11,4530.11,1.5
TXN0008444,12-08-2021,ITM0443,OUT004,CUS00576,10,1804.13,2.4
TXN0009169,30-06-2022,ITM0003,OUT036,CUS01197,4,1202.26,1.8
TXN0003887,03-12-2020,ITM0453,OUT038,CUS00774,14,1729.47,1.3
TXN0002675,25-03-2023,ITM0314,OUT004,CUS00275,12,79.47,3.9
TXN0006030,27-06-2020,ITM0443,OUT005,CUS00399,12,4394.37,4.8
TXN0002810,02-03-2019,ITM0290,OUT018,CUS00597,3,3423.50,4.9
TXN0001387,12-04-2022,ITM0123,OUT044,CUS00077,7,4051.18,4.8
TXN0004415,12-07-2019,ITM0110,OUT012,CUS01168,9,74.16,3.3
TXN0008296,21-05-2021,ITM0480,OUT027,CUS01023,14,3010.52,3.0
TXN0009561,15-01-2023,ITM0001,OUT007,CUS00165,3,,4.3
TXN0000369,,ITM0436,OUT011,CUS01624,6,2241.64,2.0
TXN0005137,08-02-2022,ITM0219,OUT036,CUS00055,10,,2.5
TXN0009355,26-01-2021,ITM0289,OUT025,CUS01827,11,4899.47,3.9
TXN0002965,21-05-2021,ITM0124,OUT044,CUS00546,16,3728.32,
TXN0006407,15-01-2022,ITM0163,OUT045,CUS00851,20,413.43,1.7
TXN0009552,18-12-2018,ITM0415,OUT048,CUS01704,10,63.97,1.8
TXN0003212,01-07-2020,ITM0279,OUT050,CUS01472,12,225.01,
TXN0004642,21-06-2022,ITM0295,OUT025,CUS00011,14,1370.67,3.6
TXN0001666,19-05-2022,ITM0350,OUT042,CUS00035,17,1026.96,4.3
TXN0007451,22-01-2019,ITM0337,OUT029,CUS00101,3,1757.86,2.9
TXN0010128,18-11-2018,ITM0056,OUT036,CUS00171,20,3954.08,4.2
TXN0003501,19-02-2020,ITM0387,OUT015,CUS01015,4,4915.78,2.7
TXN0006908,29-11-2020,ITM0304,OUT009,CUS00275,17,1207.52,3.3
TXN0004845,04-06-2018,ITM0298,OUT033,CUS00869,13,1948.51,4.2
TXN0008601,14-04-2021,ITM0073,OUT030,CUS00543,3,,2.6
TXN0001841,26-08-2021,ITM0357,OUT007,CUS00435,5,1469.28,3.6
TXN0008088,05-08-2019,ITM0108,OUT038,CUS00401,19,1285.11,4.7
TXN0001378,19-04-2018,ITM0433,OUT037,CUS00008,18,4949.40,1.0
TXN0005278,16-04-2023,ITM0271,OUT050,CUS01281,4,1808.49,4.3
TXN0009797,06-03-2020,ITM0153,OUT017,CUS00028,19,2056.24,1.4
TXN0000804,23-07-2022,ITM0188,OUT005,CUS01036,,2073.96,1.4
TXN0007205,10-12-2018,ITM0233,OUT010,CUS01193,8,4410.26,4.1
TXN0003505,16-01-2018,ITM0353,OUT026,CUS00573,16,3092.17,2.1
TXN0009801,,ITM0082,OUT018,CUS01743,4,4845.98,1.7
TXN0003877,17-10-2023,ITM0110,OUT015,CUS00424,2,2933.20,3.9
TXN0003246,24-05-2023,ITM0180,OUT038,CUS00038,4,2443.82,2.6
TXN0008996,01-11-2021,ITM0428,OUT036,CUS01625,20,2331.95,4.5
TXN0000401,18-09-2018,ITM0491,OUT018,CUS00476,18,3088.48,2.5
TXN0002575,03-04-2019,ITM0242,OUT020,CUS01389,10,2037.35,2.6
TXN0002301,16-12-2019,ITM0116,OUT016,CUS01698,11,2407.07,3.3
TXN0000537,18-04-2021,ITM0465,OUT024,CUS00890,10,144.24,2.4
TXN0003821,02-11-2018,ITM0076,OUT049,CUS01775,7,3844.39,4.4
TXN0006066,06-06-2023,ITM0333,OUT037,CUS01217,1,1059.83,2.9
TXN0007337,04-10-2019,ITM0109,OUT036,CUS01611,13,4764.65,3.0
TXN0006241,11-01-2023,ITM0138,OUT011,CUS00458,16,4555.04,1.6
TXN0007242,11-05-2023,ITM0366,OUT047,CUS01554,12,4284.84,2.5
TXN0007990,20-12-2023,ITM0197,OUT020,CUS00485,19,4296.27,5.0
TXN0003399,11-08-2018,ITM0374,OUT019,CUS00522,9,2123.55,1.7
TXN0003402,17-11-2021,ITM0437,OUT030,CUS00258,10,4987.71,2.0
TXN0006060,11-06-2022,ITM0090,OUT040,CUS00914,6,2346.80,2.4
TXN0006315,26-06-2022,ITM0269,OUT014,CUS00929,15,3355.52,3.1
TXN0000520,28-06-2021,ITM0487,OUT004,CUS01335,4,1844.55,
TXN0006943,30-09-2019,ITM0457,OUT020,CUS00318,17,2992.28,3.7
TXN0008350,04-04-2018,ITM0076,OUT030,CUS00467,9,4482.30,4.9
TXN0005927,28-12-2022,ITM0026,OUT005,CUS00275,17,3101.72,2.1
TXN0003384,30-03-2023,ITM0178,OUT050,CUS00724,12,2054.91,2.3
TXN0000270,03-06-2021,ITM0216,OUT042,CUS01282,12,3712.12,
TXN0007442,17-10-2021,ITM0293,OUT048,CUS01583,4,4499.33,3.0
TXN0003198,,ITM0418,OUT014,CUS00047,16,4966.35,1.2
TXN0007633,14-05-2023,ITM0179,OUT043,CUS00413,13,334.96,3.7
TXN0010058,28-09-2021,ITM0422,OUT048,CUS01691,17,1853.90,3.6
TXN0005727,15-08-2021,ITM0239,OUT020,CUS01465,10,1011.20,4.3
TXN0001430,,ITM0437,OUT022,CUS01504,1,545.20,4.0
TXN0001655,08-11-2021,ITM0237,OUT031,CUS01844,2,4519.45,1.2
TXN0003288,23-07-2021,ITM0302,OUT003,CUS00378,8,2344.36,1.9
TXN0010380,07-10-2023,ITM0070,OUT049,CUS00732,2,,2.1
TXN0004540,09-08-2019,ITM0246,OUT030,CUS00735,20,4680.08,1.2
TXN0001569,,ITM0194,OUT033,CUS00811,6,239.40,4.0
TXN0005082,18-12-2019,ITM0117,OUT031,CUS00129,12,4601.47,3.6
TXN0005255,15-07-2019,ITM0365,OUT034,CUS01773,6,1661.57,4.5
TXN0004336,25-03-2020,ITM0323,OUT026,CUS00427,2,4807.24,2.4
TXN0003579,21-04-2018,ITM0397,OUT046,CUS00447,3,2199.03,
TXN0009521,12-09-2020,ITM0094,OUT028,CUS00960,19,790.68,3.0
TXN0010152,25-11-2018,ITM0340,OUT014,CUS00319,8,1889.59,3.5
TXN0008794,22-10-2019,ITM0148,OUT050,CUS00878,17,176.28,3.2
TXN0004716,02-10-2018,ITM0240,OUT031,CUS01429,1,822.96,1.3
TXN0001892,14-03-2018,ITM0028,OUT007,CUS00781,9,1156.82,1.4
TXN0007536,24-01-2021,ITM0139,OUT046,CUS00311,9,3552.78,1.6
TXN0010440,11-09-2023,ITM0125,OUT016,CUS00297,12,460.56,1.8
TXN0001872,,ITM0101,OUT048,CUS00803,11,1527.75,1.8
TXN0009324,19-10-2021,ITM0344,OUT012,CUS01655,2,3957.43,3.2
TXN0005872,26-11-2023,ITM0119,OUT003,CUS00906,,4587.58,2.9
TXN0010272,15-12-2023,ITM0283,OUT005,CUS01298,2,3046.43,3.8
TXN0003015,04-09-2021,ITM0303,OUT029,CUS00860,17,2817.48,4.0
TXN0008076,27-02-2023,ITM0089,OUT034,CUS01821,20,4395.88,4.0
TXN0000906,24-05-2022,ITM0025,OUT003,CUS01609,13,1622.36,3.0
TXN0000295,25-11-2020,ITM0113,OUT041,CUS00615,13,1567.16,4.6
TXN0004824,27-10-2022,ITM0438,OUT012,CUS00166,13,3511.55,2.6
TXN0003524,18-07-2022,ITM0430,OUT021,CUS01164,18,3833.41,4.9
TXN0003178,25-03-2019,ITM0472,OUT033,CUS01476,16,522.97,4.6
TXN0002356,07-07-2022,ITM0240,OUT028,CUS00699,6,,4.9
TXN0002736,04-11-2022,ITM0418,OUT043,CUS00367,16,4673.36,4.4
TXN0006745,21-05-2021,ITM0068,OUT011,CUS01419,15,2666.16,3.3
TXN0001146,06-12-2022,ITM0031,OUT028,CUS00818,,4883.00,3.3
TXN0005924,17-02-2018,ITM0233,OUT022,CUS01500,7,1581.87,2.9
TXN0001347,17-05-2021,ITM0168,OUT038,CUS00789,11,3537.15,2.0
TXN0001013,09-08-2023,ITM0395,OUT041,CUS01864,13,2399.72,3.4
TXN0001961,18-05-2019,ITM0077,OUT050,CUS01692,6,758.96,3.3
TXN0006596,04-08-2021,ITM0172,OUT049,CUS01885,8,4894.99,3.6
TXN0009835,17-05-2022,ITM0464,OUT039,CUS00604,11,2420.44,3.5
TXN0003957,17-08-2018,ITM0144,OUT038,CUS01317,14,2117.92,3.4
TXN0005809,19-08-2020,ITM0080,OUT010,CUS00575,10,2613.09,4.9
TXN0004531,14-06-2019,ITM0396,OUT038,CUS00927,14,134.24,1.9
TXN0000576,16-05-2018,ITM0395,OUT013,CUS00529,17,3742.47,2.0
TXN0001884,10-03-2018,ITM0283,OUT020,CUS00070,18,3526.09,1.2
TXN0007618,04-01-2022,ITM0474,OUT048,CUS01514,8,3300.85,4.0
TXN0006525,08-10-2019,ITM0194,OUT050,CUS01653,10,1787.33,
TXN0010095,27-08-2023,ITM0119,OUT003,CUS01366,7,1298.56,2.7
TXN0004259,28-02-2018,ITM0001,OUT014,CUS01314,13,2017.24,4.5
TXN0006670,01-09-2023,ITM0274,OUT026,CUS01513,,897.75,1.4
TXN0008510,09-03-2020,ITM0467,OUT007,CUS00174,16,,1.4
TXN0004002,23-06-2021,ITM0147,OUT035,CUS00014,18,1259.36,3.1
TXN0008125,01-08-2020,ITM0138,OUT023,CUS01550,14,4400.74,1.2
TXN0001003,26-12-2018,ITM0438,OUT020,CUS01364,13,,3.0
TXN0008352,16-11-2023,ITM0143,OUT010,CUS00369,14,395.12,2.3
TXN0003601,17-09-2019,ITM0275,OUT018,CUS00401,18,537.43,2.3
TXN0000560,29-07-2022,ITM0104,OUT046,CUS01547,13,645.14,4.6
TXN0003114,22-01-2019,ITM0462,OUT021,CUS01351,9,2584.88,3.6
TXN0007386,24-07-2020,ITM0061,OUT049,CUS01115,4,952.66,1.7
TXN0003896,09-04-2023,ITM0257,OUT033,CUS00730,8,3628.54,3.5
TXN0006038,15-07-2018,ITM0129,OUT010,CUS00519,1,2543.55,2.1
TXN0006322,11-09-2019,ITM0083,OUT049,CUS00337,2,3764.75,4.9
TXN0002496,04-09-2020,ITM0381,OUT017,CUS00711,9,4650.22,3.4
TXN0002589,,ITM0150,OUT037,CUS00832,2,780.73,1.5
TXN0000466,25-01-2018,ITM0098,OUT010,CUS01414,20,4030.50,3.4
TXN0003485,24-04-2020,ITM0055,OUT044,CUS01631,1,565.85,1.1
TXN0001637,10-03-2021,ITM0073,OUT002,CUS00815,8,2091.98,1.7
TXN0009347,31-05-2020,ITM0337,OUT030,CUS01804,10,4767.91,
TXN0008343,19-10-2022,ITM0395,OUT044,CUS01996,19,1416.02,4.8
TXN0009187,09-08-2023,ITM0344,OUT036,CUS00808,11,4769.31,2.5
TXN0001888,22-09-2018,ITM0314,OUT041,CUS01700,14,3913.92,2.0
TXN0002231,16-03-2023,ITM0009,OUT022,CUS00027,16,3960.82,1.3
TXN0002580,04-10-2018,ITM0376,OUT032,CUS01691,9,4445.97,3.5
TXN0007795,07-06-2019,ITM0231,OUT037,CUS00148,13,656.53,3.5
TXN0010133,05-12-2023,ITM0300,OUT009,CUS01443,16,1389.82,4.5
TXN0001099,,ITM0471,OUT040,CUS01897,5,1653.65,4.9
TXN0004111,11-11-2018,ITM0303,OUT019,CUS01678,20,1084.64,1.8
TXN0009405,28-05-2023,ITM0139,OUT006,CUS01757,7,2126.11,3.8
TXN0009332,16-04-2023,ITM0395,OUT031,CUS00237,1,4933.72,1.8
TXN0001426,03-05-2021,ITM0194,OUT033,CUS00853,14,2836.05,4.7
TXN0009381,24-01-2019,ITM0314,OUT016,CUS00168,,4019.53,4.5
TXN0004704,21-02-2018,ITM0222,OUT030,CUS00946,11,76.85,1.1
TXN0002582,22-02-2023,ITM0331,OUT015,CUS00606,15,592.47,3.1
TXN0008481,17-09-2019,ITM0375,OUT010,CUS01567,1,1532.79,3.9
TXN0005905,05-10-2019,ITM0370,OUT006,CUS01350,8,865.49,1.4
TXN0001443,03-02-2023,ITM0337,OUT005,CUS00264,7,2460.62,4.5
TXN0008419,23-07-2019,ITM0419,OUT008,CUS01913,2,2966.95,2.0
TXN0001814,01-08-2020,ITM0416,OUT002,CUS01553,10,2916.35,3.2
TXN0001834,22-10-2018,ITM0344,OUT016,CUS00220,19,925.24,3.6
TXN0001428,03-12-2019,ITM0018,OUT048,CUS00671,20,822.79,1.8
TXN0005140,25-08-2021,ITM0243,OUT038,CUS01684,15,2908.79,1.4
TXN0005958,17-10-2018,ITM0120,OUT034,CUS00013,,3872.36,4.2
TXN0009157,15-12-2022,ITM0099,OUT001,CUS01707,10,568.32,2.0
TXN0002637,11-03-2020,ITM0495,OUT028,CUS00228,8,542.82,2.4
TXN0003412,29-11-2020,ITM0347,OUT017,CUS01366,19,3660.82,4.2
TXN0000058,19-07-2019,ITM0185,OUT029,CUS01270,11,2705.56,2.8
TXN0001175,09-01-2018,ITM0131,OUT025,CUS01460,3,2443.33,1.5
TXN0004803,11-02-2018,ITM0306,OUT004,CUS00460,14,333.40,5.0
TXN0002120,11-02-2018,ITM0150,OUT019,CUS00356,20,2056.26,1.1
TXN0005732,12-10-2018,ITM0195,OUT004,CUS01527,8,2787.66,1.6
TXN0007471,02-02-2019,ITM0432,OUT049,CUS00229,12,1966.36,
TXN0003132,03-03-2021,ITM0230,OUT004,CUS00915,8,3459.15,3.0
TXN0007543,04-11-2020,ITM0338,OUT020,CUS01957,20,2396.07,4.3
TXN0009756,12-02-2018,ITM0477,OUT038,CUS00004,4,2168.36,
TXN0008835,23-08-2022,ITM0424,OUT014,CUS01700,7,3422.21,2.9
TXN0001839,18-10-2019,ITM0226,OUT030,CUS00961,2,2418.83,3.4
TXN0008027,14-07-2019,ITM0386,OUT041,CUS00182,9,1215.83,4.0
TXN0005655,25-07-2023,ITM0229,OUT037,CUS00359,6,2666.07,4.7
TXN0000104,03-06-2019,ITM0430,OUT040,CUS01879,10,404.60,
TXN0009569,15-06-2023,ITM0448,OUT029,CUS01203,7,4617.15,1.6
TXN0003625,03-06-2023,ITM0258,OUT046,CUS00010,18,4051.72,4.2
TXN0006734,31-07-2018,ITM0192,OUT009,CUS01805,,,3.8
TXN0004225,19-01-2020,ITM0180,OUT009,CUS01270,4,2377.25,
TXN0006113,14-11-2022,ITM0064,OUT044,CUS01545,13,1070.47,3.5
TXN0001461,03-01-2022,ITM0460,OUT031,CUS00117,1,3449.81,1.5
TXN0004402,19-04-2018,ITM0433,OUT016,CUS01500,8,4191.27,4.3
TXN0007864,13-07-2021,ITM0034,OUT042,CUS00612,8,1988.00,
TXN0004771,22-11-2020,ITM0093,OUT014,CUS01836,17,2887.61,1.0
TXN0009345,29-01-2020,ITM0081,OUT020,CUS01474,20,2065.53,
TXN0004748,22-02-2019,ITM0467,OUT049,CUS00239,1,975.61,4.2
TXN0009318,10-05-2022,ITM0430,OUT003,CUS00265,8,2155.99,3.3
TXN0004502,14-03-2022,ITM0339,OUT036,CUS01048,19,1899.54,1.1
TXN0009386,22-10-2023,ITM0225,OUT036,CUS00771,16,3247.72,
TXN0001545,07-02-2019,ITM0438,OUT048,CUS01106,20,1046.39,3.3
TXN0009505,04-01-2019,ITM0462,OUT043,CUS01607,9,4223.74,3.5
TXN0001848,10-02-2018,ITM0479,OUT035,CUS00984,11,4617.27,
TXN0001705,29-05-2023,ITM0166,OUT022,CUS01538,15,562.71,3.4
TXN0002117,21-07-2023,ITM0304,OUT045,CUS00634,12,2295.34,1.9
TXN0005880,27-12-2021,ITM0053,OUT014,CUS01307,14,451.73,2.9
TXN0000813,25-07-2022,ITM0401,OUT036,CUS01520,6,3709.70,2.2
TXN0006244,13-03-2020,ITM0381,OUT001,CUS01238,13,2125.28,3.9
TXN0004375,20-11-2023,ITM0485,OUT016,CUS01725,18,3605.52,2.1
TXN0008410,09-03-2020,ITM0450,OUT007,CUS00200,18,1584.80,1.3
TXN0001422,28-02-2019,ITM0321,OUT011,CUS01592,15,4026.64,4.6
TXN0004571,28-08-2020,ITM0321,OUT013,CUS00436,13,3088.69,2.4
TXN0010019,,ITM0467,OUT032,CUS00208,11,2346.22,1.5
TXN0004788,29-03-2019,ITM0041,OUT007,CUS00623,17,2646.18,2.1
TXN0002676,10-12-2023,ITM0328,OUT032,CUS00269,17,1213.10,3.8
TXN0005793,10-11-2023,ITM0444,OUT025,CUS00849,15,2199.76,1.9
TXN0006899,10-05-2018,ITM0133,OUT040,CUS01202,3,2346.84,1.0
TXN0009049,15-05-2021,ITM0186,OUT034,CUS00983,20,1078.36,4.0
TXN0003146,01-10-2023,ITM0167,OUT012,CUS01842,11,2066.22,1.2
TXN0005803,11-05-2018,ITM0137,OUT037,CUS00177,4,3945.70,1.0
TXN0004400,01-12-2021,ITM0460,OUT041,CUS01691,,1006.16,2.2
TXN0001280,03-02-2019,ITM0410,OUT043,CUS01235,19,4003.14,
TXN0007998,28-12-2023,ITM0499,OUT037,CUS01059,18,4935.67,4.4
TXN0008967,,ITM0180,OUT043,CUS01926,11,3387.48,3.8
TXN0009245,03-07-2018,ITM0090,OUT017,CUS00570,17,3215.91,
TXN0002574,07-08-2019,ITM0392,OUT036,CUS00176,10,651.65,1.9
TXN0000546,02-03-2019,ITM0324,OUT034,CUS00656,14,,
TXN0009298,26-04-2022,ITM0109,OUT009,CUS01276,10,536.46,4.4
TXN0008761,16-06-2020,ITM0354,OUT034,CUS00476,8,705.86,2.6
TXN0005317,19-10-2023,ITM0052,OUT007,CUS01525,8,3004.59,1.9
TXN0007974,15-07-2020,ITM0472,OUT024,CUS00253,5,274.86,3.6
TXN0002084,25-08-2023,ITM0493,OUT010,CUS00413,7,154.43,1.2
TXN0001846,22-08-2020,ITM0180,OUT039,CUS01329,14,1790.50,3.0
TXN0008615,05-12-2020,ITM0200,OUT044,CUS00367,11,3053.14,3.8
TXN0006992,09-09-2019,ITM0347,OUT023,CUS01927,11,2217.47,4.8
TXN0003653,14-01-2021,ITM0384,OUT002,CUS00780,14,4520.15,2.2
,,,,,,,
TXN0009258,07-05-2019,ITM0207,OUT006,CUS00425,20,3396.65,1.2
TXN0002837,29-06-2021,ITM0462,OUT008,CUS01535,4,,3.7
TXN0000624,03-10-2020,ITM0133,OUT028,CUS00706,20,2853.29,2.0
TXN0005183,03-03-2023,ITM0210,OUT037,CUS01888,,4062.55,4.6
TXN0005704,04-04-2022,ITM0088,OUT001,CUS00749,16,2645.55,1.6
TXN0009343,31-03-2021,ITM0374,OUT003,CUS01424,19,129.32,2.7
TXN0004666,23-01-2023,ITM0293,OUT033,CUS01986,4,1956.03,1.8
TXN0010480,06-08-2018,ITM0341,OUT046,CUS01191,12,,4.3
TXN0000983,22-11-2023,ITM0315,OUT019,CUS00183,6,2254.39,1.4
TXN0008301,05-06-2018,ITM0150,OUT013,CUS01975,19,2900.42,4.8
TXN0003581,30-01-2020,ITM0434,OUT035,CUS01367,16,1532.59,3.0
TXN0002685,30-09-2018,ITM0258,OUT030,CUS00006,10,506.18,1.5
TXN0002932,22-08-2019,ITM0168,OUT010,CUS00337,14,4584.83,1.2
TXN0004056,17-07-2019,ITM0301,OUT044,CUS01110,18,3849.10,3.0
TXN0001029,16-12-2020,ITM0052,OUT022,CUS01493,4,,2.2
TXN0002088,,ITM0373,OUT011,CUS00757,6,4269.06,4.6
TXN0002135,,ITM0011,OUT003,CUS00352,16,3749.71,1.2
TXN0004261,11-02-2018,ITM0029,OUT025,CUS01846,17,4865.79,4.8
TXN0007026,25-08-2019,ITM0276,OUT025,CUS01631,20,,4.9
TXN0003297,08-03-2019,ITM0356,OUT002,CUS01628,9,4136.17,1.6
TXN0008970,16-06-2020,ITM0316,OUT024,CUS01244,17,1354.67,3.4
TXN0000363,07-11-2020,ITM0497,OUT001,CUS00620,18,3145.13,4.2
TXN0006024,09-11-2020,ITM0194,OUT010,CUS01596,15,3617.19,2.1
TXN0006058,27-03-2022,ITM0455,OUT004,CUS00224,4,778.31,3.1
TXN0010032,04-03-2022,ITM0347,OUT014,CUS00187,17,1181.90,2.6
TXN0008740,25-02-2019,ITM0293,OUT035,CUS00625,10,1456.13,1.3
TXN0000475,22-05-2018,ITM0422,OUT003,CUS01312,16,1681.94,2.2
TXN0006263,11-04-2022,ITM0185,OUT008,CUS00767,,4798.24,
TXN0003723,28-05-2020,ITM0143,OUT012,CUS01943,8,4154.91,1.8
TXN0009786,27-12-2021,ITM0321,OUT023,CUS00274,5,3039.88,4.0
TXN0000438,07-02-2022,ITM0006,OUT038,CUS00504,1,1251.89,3.0
TXN0003358,29-02-2020,ITM0481,OUT050,CUS00847,7,4766.92,1.6
TXN0008312,29-04-2023,ITM0290,OUT049,CUS01378,13,2462.32,3.6
TXN0000753,05-02-2019,ITM0027,OUT039,CUS00497,1,4125.82,1.9
TXN0003344,,ITM0167,OUT017,CUS00816,8,2703.76,4.2
TXN0008011,26-09-2020,ITM0430,OUT009,CUS01288,17,4496.17,3.5
TXN0002070,12-09-2023,ITM0167,OUT001,CUS00911,6,3876.25,1.1
TXN0010292,12-07-2023,ITM0038,OUT019,CUS01022,2,2881.62,4.6
TXN0001633,09-10-2019,ITM0220,OUT021,CUS01797,6,4261.07,3.5
TXN0008231,13-09-2021,ITM0124,OUT042,CUS00769,16,3377.22,3.4
TXN0001436,22-12-2023,ITM0347,OUT003,CUS01880,2,486.67,2.2
TXN0001170,28-12-2022,ITM0230,OUT026,CUS01950,3,73.67,3.8
TXN0002851,,ITM0090,OUT018,CUS00213,,169.11,2.2
TXN0002938,08-02-2020,ITM0167,OUT005,CUS01313,16,2693.49,4.5
TXN0010291,18-11-2023,ITM0157,OUT033,CUS00669,8,4707.77,4.7
TXN0003780,30-12-2019,ITM0392,OUT017,CUS00717,2,1903.14,1.7
TXN0000328,13-04-2020,ITM0329,OUT049,CUS00471,16,315.12,4.2
TXN0001760,01-10-2018,ITM0320,OUT042,CUS01737,18,2770.60,1.5
TXN0008476,30-10-2020,ITM0226,OUT012,CUS00682,16,,4.8
TXN0008322,09-10-2020,ITM0443,OUT031,CUS00836,9,,3.2
TXN0002726,29-11-2023,ITM0439,OUT030,CUS01872,,3390.23,2.9
TXN0004630,11-10-2021,ITM0358,OUT041,CUS01690,6,4779.87,1.2
TXN0001308,10-12-2020,ITM0445,OUT033,CUS00502,13,3104.75,1.0
TXN0005513,16-02-2022,ITM0091,OUT045,CUS01581,4,1143.65,5.0
TXN0009818,20-12-2020,ITM0294,OUT011,CUS01715,16,670.24,4.9
TXN0007707,04-07-2018,ITM0121,OUT027,CUS00418,,4101.65,3.2
TXN0006216,14-09-2021,ITM0432,OUT044,CUS01241,2,2065.01,4.8
TXN0002218,14-10-2022,ITM0416,OUT029,CUS01409,5,3597.31,2.3
TXN0002780,20-06-2018,ITM0132,OUT021,CUS01307,17,1292.52,2.2
TXN0008662,04-08-2019,ITM0139,OUT018,CUS01021,13,,4.2
TXN0001355,02-09-2023,ITM0137,OUT023,CUS00941,10,3081.86,2.5
TXN0006035,31-05-2018,ITM0027,OUT010,CUS00316,5,2870.09,3.2
TXN0002476,,ITM0102,OUT038,CUS00121,7,4466.73,2.0
TXN0005335,23-09-2021,ITM0078,OUT040,CUS00141,13,1850.13,4.0
TXN0007142,24-04-2018,ITM0420,OUT010,CUS01913,7,2970.60,2.5
TXN0009619,03-05-2022,ITM0220,OUT037,CUS00825,8,3006.36,2.9
TXN0010151,22-10-2023,ITM0383,OUT012,CUS00907,19,3229.00,2.4
TXN0002236,19-07-2022,ITM0011,OUT029,CUS00814,17,3826.30,2.1
TXN0003614,11-11-2019,ITM0453,OUT026,CUS01094,11,2747.76,2.3
TXN0009971,25-07-2018,ITM0293,OUT019,CUS00093,18,2840.58,3.9
TXN0007912,09-03-2022,ITM0035,OUT047,CUS00427,16,1834.90,4.2
TXN0002857,04-10-2022,ITM0434,OUT014,CUS00905,17,1588.91,3.0
TXN0004973,30-09-2019,ITM0330,OUT045,CUS01486,14,3276.33,4.2
TXN0004840,17-05-2021,ITM0007,OUT042,CUS01961,12,598.15,1.8
TXN0006198,07-05-2021,ITM0037,OUT040,CUS01090,8,923.70,3.8
TXN0000252,11-12-2019,ITM0387,OUT023,CUS00230,8,2533.23,3.0
TXN0007585,19-11-2020,ITM0214,OUT008,CUS01492,19,757.50,1.1
TXN0002941,07-06-2019,ITM0108,OUT042,CUS01592,9,3140.77,3.8
TXN0000859,21-05-2021,ITM0325,OUT046,CUS00197,9,2225.76,2.6
TXN0009622,21-01-2019,ITM0482,OUT013,CUS01319,16,258.03,
TXN0009237,27-07-2018,ITM0069,OUT009,CUS01882,10,792.82,3.3
TXN0009340,16-06-2020,ITM0296,OUT031,CUS00849,18,259.67,1.9
TXN0007983,04-03-2021,ITM0280,OUT005,CUS01741,1,4346.86,2.9
TXN0003926,29-09-2020,ITM0327,OUT044,CUS00279,18,902.67,4.0
TXN0003757,14-01-2019,ITM0160,OUT005,CUS01650,2,1889.48,1.6
TXN0002860,03-10-2022,ITM0101,OUT001,CUS01433,1,3876.60,2.8
TXN0000757,,ITM0471,OUT012,CUS00626,5,153.63,1.9
TXN0000151,23-04-2018,ITM0171,OUT026,CUS01771,12,715.76,4.1
TXN0008957,13-03-2021,ITM0312,OUT017,CUS00983,10,1620.46,2.5
TXN0009021,21-12-2023,ITM0100,OUT016,CUS00181,3,1118.41,3.9
TXN0003471,18-04-2020,ITM0439,OUT011,CUS01826,,3488.95,4.1
TXN0010454,20-07-2020,ITM0090,OUT004,CUS01518,19,4415.97,2.7
TXN0002632,14-08-2021,ITM0116,OUT005,CUS01427,15,447.01,1.8
TXN0002123,25-07-2020,ITM0147,OUT014,CUS01883,9,1329.85,1.5
TXN0002245,06-07-2022,ITM0194,OUT003,CUS01900,18,4034.08,2.7
TXN0007835,04-04-2018,ITM0121,OUT039,CUS00628,2,2084.12,4.7
TXN0003535,19-04-2023,ITM0130,OUT028,CUS01107,20,366.59,1.4
TXN0000564,08-07-2020,ITM0046,OUT002,CUS00502,1,3372.32,4.1
TXN0005535,28-10-2022,ITM0432,OUT023,CUS00014,18,,1.9
TXN0000925,20-10-2023,ITM0469,OUT031,CUS01491,15,4629.12,3.6
TXN0000439,30-07-2021,ITM0365,OUT035,CUS00307,6,4465.01,5.0
TXN0001812,14-01-2022,ITM0174,OUT004,CUS00338,4,4426.51,2.8
TXN0003966,07-11-2022,ITM0460,OUT011,CUS00324,13,2062.10,2.9
TXN0003067,03-12-2018,ITM0352,OUT021,CUS01671,11,3736.13,4.1
TXN0002269,20-08-2023,ITM0242,OUT024,CUS01205,10,1042.82,1.5
TXN0003621,07-06-2018,ITM0187,OUT002,CUS01789,19,2720.43,1.4
TXN0005240,17-06-2023,ITM0318,OUT029,CUS01580,13,2696.00,1.2
TXN0004280,24-04-2022,ITM0086,OUT014,CUS00160,10,1389.92,4.3
TXN0003458,29-11-2022,ITM0253,OUT024,CUS01625,18,3512.57,4.5
TXN0005936,16-01-2023,ITM0472,OUT016,CUS01729,5,4363.47,2.2
TXN0007544,26-06-2020,ITM0010,OUT021,CUS00317,16,344.69,4.1
TXN0005920,28-07-2023,ITM0262,OUT033,CUS01284,14,1756.09,5.0
TXN0003570,07-01-2018,ITM0452,OUT004,CUS01606,6,3442.10,2.2
TXN0003585,26-12-2020,ITM0201,OUT040,CUS00398,18,,1.3
TXN0003657,19-01-2022,ITM0381,OUT039,CUS00764,9,4579.40,1.9
TXN0001108,22-12-2019,ITM0022,OUT021,CUS01709,20,1699.56,3.1
TXN0002747,13-11-2020,ITM0200,OUT005,CUS01010,10,2190.57,1.5
TXN0004865,06-04-2018,ITM0284,OUT022,CUS00614,2,2364.23,2.0
TXN0008188,10-10-2019,ITM0422,OUT040,CUS00614,14,1903.89,4.5
TXN0003691,23-09-2021,ITM0200,OUT023,CUS00490,,,3.6
TXN0004827,21-11-2018,ITM0480,OUT034,CUS01696,3,30.33,
TXN0008464,15-06-2021,ITM0430,OUT041,CUS01476,6,4871.97,2.2
TXN0005577,18-05-2022,ITM0323,OUT013,CUS01824,1,4732.66,3.8
TXN0005835,25-07-2018,ITM0116,OUT039,CUS00097,9,,4.8
TXN0001062,15-07-2019,ITM0019,OUT002,CUS01065,6,2445.91,3.4
TXN0000857,14-03-2018,ITM0427,OUT032,CUS00742,17,4171.61,4.3
TXN0003328,07-01-2021,ITM0007,OUT029,CUS01181,11,4402.45,4.7
TXN0005383,13-01-2023,ITM0179,OUT028,CUS01651,6,1015.65,1.2
TXN0009155,17-12-2019,ITM0211,OUT045,CUS00037,17,,1.5
TXN0008433,12-04-2019,ITM0214,OUT031,CUS01268,15,2120.13,1.3
TXN0000463,31-07-2021,ITM0204,OUT028,CUS01976,10,3616.18,3.6
TXN0008860,22-11-2020,ITM0047,OUT047,CUS00731,14,4012.58,2.1
TXN0000879,27-09-2018,ITM0203,OUT036,CUS00102,10,3186.18,1.2
TXN0002423,05-05-2021,ITM0068,OUT050,CUS01439,,690.46,
TXN0008346,18-02-2021,ITM0398,OUT020,CUS00379,1,4636.01,1.8
TXN0001399,30-09-2019,ITM0158,OUT033,CUS01819,3,3815.68,2.8
TXN0007933,08-05-2018,ITM0454,OUT002,CUS01195,16,4880.33,4.0
TXN0009879,25-10-2018,ITM0360,OUT006,CUS01429,13,2397.71,1.9
TXN0004409,08-12-2021,ITM0004,OUT002,CUS00868,18,,1.9
TXN0005734,05-10-2022,ITM0019,OUT002,CUS00209,15,4011.60,1.5
TXN0003073,20-09-2021,ITM0154,OUT025,CUS01860,8,2515.16,3.0
TXN0002052,,ITM0353,OUT030,CUS00713,4,1265.36,1.1
TXN0009947,30-06-2022,ITM0287,OUT013,CUS01501,12,2270.47,3.3
TXN0001150,,ITM0296,OUT032,CUS00382,5,2764.78,2.9
TXN0004995,30-08-2023,ITM0440,OUT011,CUS00300,15,3574.25,3.7
TXN0009034,30-03-2023,ITM0234,OUT019,CUS00825,14,4184.76,1.4
TXN0000361,25-07-2021,ITM0431,OUT004,CUS01060,15,479.49,3.3
TXN0008932,,ITM0300,OUT039,CUS01388,19,4407.83,3.2
TXN0005546,16-07-2020,ITM0220,OUT020,CUS01091,13,1142.17,2.1
TXN0006325,09-05-2022,ITM0292,OUT050,CUS00409,12,1393.35,4.1
TXN0003141,10-11-2018,ITM0307,OUT011,CUS01468,2,2558.95,4.1
TXN0000782,,ITM0431,OUT006,CUS00045,3,4298.66,2.3
TXN0008489,,ITM0209,OUT016,CUS00240,12,3169.82,4.5
TXN0008590,25-11-2023,ITM0332,OUT003,CUS00674,11,2928.78,4.5
TXN0006415,29-11-2020,ITM0054,OUT029,CUS00345,9,3213.55,3.1
TXN0000930,25-03-2021,ITM0305,OUT010,CUS01890,2,4396.12,3.8
TXN0003468,10-08-2020,ITM0432,OUT045,CUS00695,18,987.32,1.9
TXN0004876,13-08-2018,ITM0498,OUT012,CUS01486,,2705.45,1.8
TXN0004924,,ITM0325,OUT020,CUS00944,12,1015.58,2.8
TXN0005440,10-05-2021,ITM0199,OUT008,CUS00396,12,3785.13,
TXN0007215,07-06-2019,ITM0294,OUT011,CUS01845,10,3253.47,4.7
TXN0009463,11-02-2022,ITM0465,OUT038,CUS01276,14,,1.0
TXN0005505,07-03-2022,ITM0036,OUT012,CUS01572,2,2606.27,4.6
TXN0008732,27-09-2018,ITM0191,OUT047,CUS01665,4,3303.56,4.9
TXN0000783,02-08-2019,ITM0389,OUT019,CUS01317,17,2201.98,4.9
TXN0006347,16-03-2023,ITM0411,OUT009,CUS01121,4,2981.62,4.9
TXN0009573,,ITM0067,OUT038,CUS01956,7,1412.35,1.5
TXN0009685,16-11-2022,ITM0122,OUT044,CUS00949,11,2939.04,1.9
TXN0006378,09-04-2023,ITM0029,OUT002,CUS01773,11,227.24,4.9
TXN0003932,06-01-2018,ITM0209,OUT017,CUS01361,12,4695.84,4.3
TXN0006136,28-09-2021,ITM0253,OUT046,CUS01790,13,2960.94,3.0
TXN0007897,11-12-2020,ITM0074,OUT046,CUS01510,6,1914.23,1.3
TXN0000844,24-09-2021,ITM0354,OUT010,CUS01456,17,3749.44,2.2
TXN0007697,21-09-2020,ITM0436,OUT024,CUS00977,3,,3.2
TXN0003794,24-08-2021,ITM0342,OUT040,CUS00798,1,3875.22,4.0
TXN0000711,17-07-2023,ITM0470,OUT009,CUS01873,14,4705.71,3.9
TXN0005585,14-08-2018,ITM0269,OUT038,CUS01637,12,647.01,4.8
TXN0008708,22-11-2023,ITM0308,OUT046,CUS01265,13,473.22,4.6
TXN0009562,30-03-2019,ITM0144,OUT023,CUS00796,8,4337.26,2.1
TXN0003215,30-01-2022,ITM0107,OUT009,CUS00330,4,4756.68,1.8
TXN0008302,13-11-2020,ITM0226,OUT001,CUS00582,9,2566.43,
TXN0009037,19-07-2023,ITM0163,OUT007,CUS00373,,4102.33,3.6
TXN0004689,29-07-2018,ITM0407,OUT036,CUS00505,3,3639.45,1.5
TXN0007359,17-09-2023,ITM0084,OUT034,CUS00628,2,3426.44,1.6
TXN0003410,24-10-2019,ITM0278,OUT014,CUS00182,17,2986.40,2.3
TXN0008081,19-11-2019,ITM0424,OUT050,CUS01052,11,4986.18,4.2
TXN0003333,24-02-2021,ITM0168,OUT046,CUS00823,2,2806.42,1.7
TXN0006461,29-03-2023,ITM0062,OUT034,CUS01980,4,437.45,2.0
TXN0005599,23-09-2023,ITM0367,OUT041,CUS00839,16,2239.60,2.2
TXN0004998,12-08-2023,ITM0066,OUT013,CUS00155,4,1588.30,3.7
TXN0004236,05-02-2022,ITM0314,OUT012,CUS00643,18,2569.48,1.3
TXN0002612,26-08-2022,ITM0172,OUT016,CUS00105,,2617.02,4.8
TXN0009297,24-03-2019,ITM0129,OUT030,CUS01861,12,4325.96,2.1
TXN0000667,10-09-2020,ITM0337,OUT027,CUS00867,12,,5.0
TXN0003251,13-03-2021,ITM0287,OUT033,CUS00578,19,,
TXN0009544,08-05-2019,ITM0352,OUT030,CUS00108,8,,4.0
TXN0006185,19-01-2022,ITM0318,OUT037,CUS01484,3,4209.96,2.0
TXN0002309,13-03-2023,ITM0453,OUT009,CUS01372,9,3366.57,2.3
TXN0007198,29-04-2020,ITM0254,OUT001,CUS01026,16,3775.14,2.4
TXN0003176,,ITM0168,OUT008,CUS01938,12,4455.08,3.3
TXN0005017,22-04-2023,ITM0080,OUT021,CUS01179,12,704.74,4.4
TXN0002757,24-01-2018,ITM0056,OUT007,CUS01733,20,2721.23,4.1
TXN0007938,06-10-2022,ITM0263,OUT030,CUS00763,3,4403.34,2.3
TXN0001374,29-10-2018,ITM0132,OUT047,CUS00615,2,2445.75,3.0
TXN0003931,25-02-2019,ITM0041,OUT043,CUS00599,4,549.05,4.3
TXN0004031,19-06-2023,ITM0265,OUT022,CUS01646,,3537.39,1.2
TXN0002348,10-01-2019,ITM0118,OUT050,CUS01035,10,1813.38,2.4
TXN0001112,17-10-2022,ITM0015,OUT047,CUS00499,,4724.26,2.9
TXN0007694,24-02-2022,ITM0302,OUT049,CUS01761,,3114.55,
TXN0007289,21-10-2020,ITM0264,OUT015,CUS00146,16,1472.73,3.7
TXN0005170,31-05-2022,ITM0144,OUT044,CUS00900,,204.92,2.3
TXN0000373,05-05-2021,ITM0011,OUT034,CUS00295,15,4183.41,4.4
TXN0008478,25-11-2023,ITM0424,OUT022,CUS00466,9,1483.72,2.5
TXN0009262,03-06-2023,ITM0236,OUT001,CUS01380,6,3249.12,
TXN0004389,22-09-2020,ITM0269,OUT004,CUS00669,18,4834.86,1.8
TXN0008078,07-04-2019,ITM0296,OUT020,CUS00762,5,3293.02,2.1
TXN0000623,,ITM0481,OUT048,CUS00502,15,4558.96,3.4
TXN0006892,26-04-2018,ITM0283,OUT011,CUS01991,2,4428.71,2.0
TXN0003431,16-04-2020,ITM0365,OUT014,CUS00782,3,,1.6
TXN0009466,06-09-2020,ITM0092,OUT001,CUS01823,4,245.85,2.6
TXN0009001,09-03-2021,ITM0090,OUT019,CUS00903,1,4638.47,
TXN0003643,09-08-2020,ITM0248,OUT044,CUS01513,15,2542.25,
TXN0005308,03-11-2021,ITM0057,OUT028,CUS00545,1,4557.89,4.0
TXN0009500,08-10-2023,ITM0390,OUT015,CUS00660,20,4102.78,3.0
TXN0007900,22-12-2022,ITM0079,OUT016,CUS00265,16,3768.99,2.3
TXN0000230,,ITM0464,OUT015,CUS01706,11,3450.57,2.4
TXN0010211,02-10-2018,ITM0154,OUT013,CUS00802,16,1346.09,1.2
TXN0000957,02-03-2020,ITM0015,OUT035,CUS00455,2,2295.93,3.1
TXN0007296,02-02-2018,ITM0426,OUT050,CUS00878,4,4002.61,
TXN0009460,13-06-2022,ITM0255,OUT021,CUS00687,15,,3.6
TXN0003632,04-07-2019,ITM0097,OUT048,CUS01922,18,272.88,2.1
TXN0004354,03-04-2019,ITM0245,OUT028,CUS00309,3,3646.76,3.6
TXN0003345,27-09-2022,ITM0159,OUT037,CUS01596,7,3598.06,1.2
TXN0000461,20-01-2019,ITM0039,OUT014,CUS00503,19,,1.2
TXN0008310,23-11-2022,ITM0267,OUT005,CUS01056,4,4214.68,3.0
TXN0008604,20-05-2020,ITM0443,OUT049,CUS01593,18,800.20,1.2
TXN0000817,07-08-2023,ITM0489,OUT010,CUS00063,17,1785.64,2.5
TXN0004279,30-10-2020,ITM0380,OUT033,CUS01964,12,4642.01,2.3
TXN0001770,08-07-2020,ITM0103,OUT007,CUS00838,13,3506.19,
TXN0007144,02-12-2018,ITM0314,OUT034,CUS01488,20,380.78,2.7
TXN0004433,24-07-2023,ITM0434,OUT025,CUS01584,6,4302.86,4.7
TXN0002100,20-07-2021,ITM0172,OUT036,CUS01615,14,4214.07,2.4
TXN0001854,01-04-2021,ITM0443,OUT042,CUS01155,14,53.28,1.5
TXN0008284,12-09-2019,ITM0392,OUT033,CUS00451,2,4920.38,2.0
TXN0010210,11-04-2022,ITM0269,OUT033,CUS01484,20,2482.27,2.4
TXN0004558,25-12-2018,ITM0080,OUT002,CUS01571,12,737.34,2.0
TXN0003520,,ITM0088,OUT036,CUS01313,1,626.88,1.3
TXN0005780,22-01-2023,ITM0192,OUT025,CUS00037,,3156.44,3.8
TXN0010177,25-05-2022,ITM0202,OUT010,CUS01108,9,2448.01,4.0
TXN0007124,06-10-2019,ITM0189,OUT010,CUS00461,2,3162.45,1.8
TXN0002811,27-08-2020,ITM0160,OUT002,CUS00349,13,1035.25,2.5
TXN0005304,18-10-2021,ITM0076,OUT040,CUS00186,8,,4.5
TXN0000136,18-06-2021,ITM0345,OUT047,CUS01609,19,1023.05,2.3
TXN0001699,,ITM0109,OUT037,CUS01254,16,2890.42,4.1
TXN0006508,21-05-2023,ITM0021,OUT038,CUS01320,13,1254.90,3.0
TXN0003398,23-10-2023,ITM0352,OUT001,CUS00266,4,1392.32,1.6
TXN0001317,12-06-2023,ITM0169,OUT041,CUS01393,11,3004.02,4.8
,,,,,,,
TXN0001771,20-03-2023,ITM0362,OUT048,CUS01411,15,1767.09,5.0
TXN0004631,26-09-2019,ITM0316,OUT027,CUS00372,9,4747.65,5.0
TXN0003308,07-09-2018,ITM0305,OUT033,CUS01003,4,3072.64,3.6
TXN0005646,16-04-2018,ITM0283,OUT018,CUS00156,2,2423.82,2.6
TXN0002720,25-03-2023,ITM0065,OUT044,CUS00221,15,4214.78,3.0
TXN0008603,24-01-2022,ITM0114,OUT020,CUS01271,18,1538.29,
TXN0004795,22-03-2021,ITM0217,OUT024,CUS01938,3,55.94,4.8
TXN0009229,22-05-2021,ITM0198,OUT005,CUS00518,6,1971.16,4.0
TXN0003148,20-05-2023,ITM0439,OUT018,CUS01122,14,2432.37,2.2
TXN0005217,03-06-2021,ITM0028,OUT005,CUS01104,,483.80,2.4
TXN0003571,24-07-2020,ITM0401,OUT025,CUS00574,6,4451.14,4.1
TXN0008225,25-08-2021,ITM0343,OUT023,CUS01788,20,,1.9
TXN0000261,,ITM0427,OUT045,CUS01323,7,895.51,4.2
TXN0003294,23-06-2023,ITM0147,OUT049,CUS01179,5,3143.15,
TXN0003561,07-07-2020,ITM0134,OUT050,CUS01321,1,725.79,2.4
TXN0004135,05-11-2020,ITM0421,OUT015,CUS01009,18,2669.61,5.0
TXN0007721,09-05-2019,ITM0142,OUT026,CUS00325,4,,1.8
TXN0009352,26-06-2019,ITM0221,OUT018,CUS00468,4,1042.48,2.0
TXN0008635,23-06-2023,ITM0325,OUT001,CUS00015,4,2807.78,1.1
TXN0009513,08-03-2019,ITM0423,OUT017,CUS00359,15,715.76,
TXN0008986,30-07-2019,ITM0440,OUT006,CUS00148,15,3425.47,2.2
TXN0008577,11-11-2019,ITM0138,OUT042,CUS00898,2,3966.20,1.3
TXN0003330,26-11-2018,ITM0007,OUT039,CUS01423,19,2041.49,2.6
TXN0009136,22-09-2019,ITM0222,OUT020,CUS01842,,,1.4
TXN0008363,25-11-2021,ITM0041,OUT033,CUS00127,6,3204.87,
TXN0008579,23-09-2022,ITM0166,OUT013,CUS01090,15,,4.4
TXN0003131,09-03-2023,ITM0121,OUT015,CUS01160,8,1597.33,1.8
TXN0005139,26-12-2022,ITM0033,OUT008,CUS01992,16,3363.20,4.4
TXN0004801,10-04-2020,ITM0387,OUT003,CUS00974,10,4700.42,3.1
TXN0007243,20-02-2022,ITM0199,OUT049,CUS00498,17,3701.82,2.5
TXN0003542,18-09-2018,ITM0360,OUT021,CUS00174,9,4496.88,2.3
TXN0010351,30-04-2021,ITM0417,OUT034,CUS00810,7,3137.20,1.5
TXN0006883,19-10-2023,ITM0144,OUT049,CUS00801,19,2735.52,2.1
TXN0004693,25-09-2020,ITM0162,OUT038,CUS00576,,4690.09,1.4
TXN0010207,07-04-2021,ITM0332,OUT040,CUS01261,2,4455.84,1.6
TXN0007834,05-09-2019,ITM0030,OUT005,CUS01879,19,3597.76,4.8
TXN0009242,03-02-2021,ITM0380,OUT034,CUS01136,17,4733.18,3.8
TXN0007433,06-05-2021,ITM0166,OUT009,CUS01713,11,2333.91,3.3
TXN0010304,16-01-2018,ITM0487,OUT021,CUS00191,11,4412.39,2.5
TXN0002403,28-07-2019,ITM0391,OUT029,CUS00868,19,4534.34,2.2
TXN0004756,09-10-2020,ITM0216,OUT038,CUS01859,2,2814.60,3.3
TXN0009234,01-05-2023,ITM0153,OUT015,CUS01962,18,3270.34,2.5
TXN0000322,18-02-2019,ITM0358,OUT019,CUS00828,8,1847.82,4.1
TXN0010450,06-11-2020,ITM0290,OUT026,CUS01336,11,251.93,2.7
TXN0000009,26-01-2023,ITM0035,OUT025,CUS00057,4,2146.63,2.2
TXN0006535,19-02-2019,ITM0310,OUT001,CUS00771,20,4723.34,3.1
TXN0009715,18-10-2023,ITM0050,OUT011,CUS00929,12,4772.53,4.2
TXN0009532,05-01-2021,ITM0225,OUT002,CUS01607,13,4561.25,1.8
TXN0002674,25-05-2021,ITM0054,OUT047,CUS01687,18,3871.22,1.6
TXN0003186,16-10-2021,ITM0172,OUT008,CUS00975,7,3062.98,3.9
TXN0009634,25-06-2019,ITM0297,OUT035,CUS00986,8,1746.32,3.8
TXN0009808,01-10-2018,ITM0208,OUT019,CUS00884,18,,
TXN0000554,07-11-2020,ITM0153,OUT050,CUS01647,10,1684.32,1.5
TXN0009611,02-06-2022,ITM0146,OUT011,CUS00961,16,2061.84,2.3
TXN0001296,07-04-2020,ITM0489,OUT026,CUS01769,14,4455.35,2.7
TXN0001654,04-07-2018,ITM0117,OUT028,CUS01004,5,633.43,1.2
TXN0003706,26-03-2023,ITM0117,OUT027,CUS01013,16,4243.09,2.5
TXN0007387,03-01-2018,ITM0013,OUT031,CUS01259,12,292.80,1.4
TXN0008452,26-12-2020,ITM0240,OUT034,CUS01592,8,572.16,3.2
TXN0006404,30-03-2021,ITM0263,OUT022,CUS00460,3,4745.51,1.5
TXN0001243,08-07-2018,ITM0081,OUT005,CUS01837,12,633.43,4.0
TXN0002801,07-04-2022,ITM0174,OUT016,CUS01898,,1927.84,1.7
TXN0005731,21-06-2021,ITM0039,OUT017,CUS00382,8,1142.87,4.6
TXN0006993,03-04-2023,ITM0362,OUT048,CUS01520,,2778.42,
TXN0001816,29-12-2019,ITM0209,OUT006,CUS01746,14,2635.86,1.6
TXN0003759,14-03-2021,ITM0406,OUT049,CUS00938,5,748.87,3.8
TXN0000591,31-07-2019,ITM0083,OUT009,CUS00470,5,48.46,1.4
TXN0006264,19-05-2020,ITM0450,OUT034,CUS00557,10,1649.81,
TXN0007415,17-06-2023,ITM0054,OUT040,CUS01828,9,328.87,1.9
TXN0006069,30-03-2019,ITM0262,OUT010,CUS01854,19,3169.43,
TXN0000527,20-03-2022,ITM0222,OUT025,CUS00050,15,4274.14,3.5
TXN0009112,20-10-2019,ITM0279,OUT031,CUS01800,16,3680.92,3.9
TXN0009904,16-06-2023,ITM0159,OUT045,CUS00385,18,378.51,4.4
TXN0007402,02-10-2019,ITM0261,OUT024,CUS00251,5,3894.36,2.2
TXN0009647,11-07-2022,ITM0159,OUT006,CUS01304,20,460.75,4.5
TXN0005915,13-12-2022,ITM0147,OUT029,CUS01068,3,3485.11,3.9
TXN0008275,01-11-2020,ITM0068,OUT009,CUS01936,17,4716.45,2.8
TXN0002327,22-01-2018,ITM0292,OUT003,CUS00122,16,385.42,1.9
TXN0007814,07-05-2023,ITM0361,OUT017,CUS00436,18,4200.55,3.8
TXN0002528,05-06-2020,ITM0412,OUT015,CUS00895,17,1655.46,4.5
TXN0004445,25-02-2023,ITM0020,OUT012,CUS00876,10,,1.1
TXN0000589,30-06-2020,ITM0404,OUT045,CUS01049,15,35.42,4.8
TXN0005355,19-12-2018,ITM0353,OUT038,CUS01847,,1578.30,4.6
TXN0004952,29-03-2022,ITM0065,OUT020,CUS01753,2,3344.19,4.1
TXN0000354,05-10-2020,ITM0380,OUT035,CUS01322,8,1976.63,
TXN0007008,03-05-2021,ITM0203,OUT006,CUS00364,18,2738.75,
TXN0002785,18-04-2021,ITM0128,OUT020,CUS01617,11,1801.93,1.7
TXN0001102,02-12-2021,ITM0068,OUT045,CUS01888,8,2041.55,2.6
TXN0006769,05-04-2018,ITM0485,OUT012,CUS01556,17,3495.42,
TXN0008480,08-12-2020,ITM0335,OUT037,CUS01619,15,3062.67,1.6
TXN0000956,21-05-2018,ITM0058,OUT044,CUS01370,10,70.04,4.3
TXN0008075,15-05-2023,ITM0088,OUT012,CUS01512,15,4037.25,1.6
TXN0005887,10-11-2023,ITM0409,OUT017,CUS01644,14,,1.3
TXN0006184,13-10-2020,ITM0104,OUT002,CUS00026,20,1780.72,
TXN0003721,16-05-2018,ITM0337,OUT038,CUS00674,6,2546.00,1.9
TXN0006123,20-06-2019,ITM0119,OUT004,CUS01931,,877.77,
TXN0001977,11-08-2021,ITM0064,OUT050,CUS01047,1,3253.56,4.7
TXN0002282,13-06-2023,ITM0381,OUT009,CUS01474,5,2282.60,4.2
TXN0007557,04-05-2019,ITM0383,OUT029,CUS00541,19,1397.23,4.1
TXN0004497,07-06-2018,ITM0478,OUT002,CUS01692,11,3996.58,4.6
TXN0002903,07-05-2022,ITM0037,OUT049,CUS01576,10,,2.8
TXN0008370,28-07-2021,ITM0374,OUT005,CUS01136,6,3423.04,2.1
TXN0003266,,ITM0042,OUT042,CUS00929,10,2862.34,1.3
TXN0008956,14-06-2020,ITM0368,OUT027,CUS01939,3,1572.18,1.9
TXN0008327,04-07-2022,ITM0481,OUT012,CUS01322,10,1131.28,4.7
TXN0009556,05-02-2018,ITM0143,OUT042,CUS01153,7,4627.53,
TXN0002333,10-07-2020,ITM0251,OUT039,CUS00171,1,1998.34,3.4
TXN0002441,09-08-2022,ITM0260,OUT002,CUS01610,19,897.92,3.6
TXN0001193,02-07-2021,ITM0455,OUT049,CUS00403,4,721.45,2.8
TXN0010301,01-12-2018,ITM0435,OUT034,CUS00344,16,1861.69,4.9
TXN0003245,13-07-2022,ITM0031,OUT044,CUS01906,1,4355.26,1.7
TXN0009052,15-05-2023,ITM0223,OUT048,CUS00283,15,63.04,2.1
TXN0006872,17-01-2020,ITM0078,OUT010,CUS01467,2,210.88,3.0
TXN0002132,10-11-2019,ITM0309,OUT047,CUS01183,11,2004.85,2.7
TXN0006383,10-05-2021,ITM0172,OUT048,CUS00499,6,,4.7
TXN0008664,25-10-2018,ITM0338,OUT022,CUS00847,5,,3.4
TXN0000954,22-09-2020,ITM0351,OUT023,CUS01910,14,2778.76,3.1
TXN0000962,08-12-2023,ITM0247,OUT016,CUS00038,7,4176.12,1.9
TXN0009091,27-06-2023,ITM0069,OUT001,CUS00276,13,4665.48,2.5
TXN0007430,04-11-2021,ITM0221,OUT032,CUS00343,6,1737.57,4.2
TXN0007323,05-01-2022,ITM0123,OUT033,CUS00744,6,197.29,1.9
TXN0001487,12-12-2022,ITM0198,OUT037,CUS01365,13,3785.39,3.5
TXN0000607,20-06-2022,ITM0197,OUT012,CUS01709,16,3005.76,2.1
TXN0005425,18-12-2018,ITM0045,OUT021,CUS00324,12,971.97,1.2
TXN0006616,,ITM0290,OUT016,CUS01701,16,3874.39,2.7
TXN0000828,,ITM0186,OUT015,CUS00631,15,1547.12,2.8
TXN0001419,13-01-2023,ITM0019,OUT024,CUS01750,,3254.94,1.2
TXN0006626,28-11-2018,ITM0131,OUT026,CUS01894,3,649.11,1.8
TXN0009015,19-09-2019,ITM0195,OUT017,CUS01181,11,3879.66,3.0
TXN0003709,07-07-2023,ITM0119,OUT029,CUS00359,12,1700.49,3.3
TXN0005209,11-11-2018,ITM0095,OUT021,CUS01449,17,294.75,4.5
TXN0003943,07-09-2022,ITM0394,OUT004,CUS01031,11,3010.79,1.5
TXN0010245,18-07-2023,ITM0088,OUT024,CUS01179,14,661.71,3.0
TXN0010305,,ITM0412,OUT005,CUS00878,2,2972.66,4.6
TXN0010025,14-07-2018,ITM0276,OUT020,CUS00158,14,4391.87,1.7
TXN0001237,24-06-2019,ITM0280,OUT023,CUS01171,2,3464.63,3.4
TXN0003823,31-03-2023,ITM0449,OUT004,CUS01458,14,70.40,
TXN0001405,02-01-2018,ITM0464,OUT039,CUS00692,14,4564.03,
TXN0005480,23-04-2022,ITM0450,OUT050,CUS01903,12,1702.89,2.2
TXN0006085,08-12-2020,ITM0145,OUT020,CUS01818,9,4628.86,1.5
TXN0006329,20-02-2018,ITM0011,OUT021,CUS01937,8,1639.82,3.1
TXN0001978,04-01-2020,ITM0274,OUT018,CUS01008,16,2827.61,1.2
TXN0007320,18-10-2019,ITM0011,OUT040,CUS00792,1,3530.81,4.0
TXN0009079,07-06-2019,ITM0306,OUT031,CUS00924,18,4463.49,
TXN0009772,,ITM0230,OUT006,CUS00941,9,3637.03,
TXN0001905,21-04-2020,ITM0401,OUT016,CUS00311,14,1541.20,1.8
TXN0000851,21-01-2022,ITM0393,OUT028,CUS01100,16,1637.46,3.8
TXN0004667,24-04-2022,ITM0209,OUT049,CUS01694,19,2985.97,4.3
TXN0003693,24-11-2023,ITM0028,OUT008,CUS01868,9,1193.54,2.4
TXN0002076,10-09-2019,ITM0211,OUT003,CUS00899,3,3375.18,
TXN0009509,02-05-2019,ITM0327,OUT002,CUS01133,11,3035.94,
TXN0004133,23-12-2019,ITM0139,OUT050,CUS01506,20,3058.92,4.3
TXN0007583,16-06-2023,ITM0440,OUT050,CUS01707,5,2084.33,4.6
TXN0007436,26-12-2021,ITM0448,OUT012,CUS01202,3,4361.74,1.7
TXN0006755,26-12-2019,ITM0230,OUT039,CUS01229,8,4311.38,5.0
TXN0005857,18-12-2021,ITM0230,OUT015,CUS00010,15,780.57,4.9
TXN0005378,09-07-2018,ITM0451,OUT010,CUS01350,17,2188.92,
TXN0009093,30-05-2019,ITM0321,OUT027,CUS01351,6,4501.21,1.2
TXN0002305,10-09-2018,ITM0155,OUT044,CUS00107,3,1109.70,2.6
TXN0001272,09-11-2022,ITM0286,OUT044,CUS00181,16,1763.91,1.1
TXN0000593,06-01-2018,ITM0456,OUT007,CUS01443,4,,2.8
TXN0004469,06-01-2020,ITM0292,OUT025,CUS01816,15,2319.84,2.5
TXN0003700,30-01-2023,ITM0477,OUT013,CUS01686,7,4586.06,4.8
TXN0008060,12-02-2019,ITM0002,OUT010,CUS01444,13,4499.25,4.6
TXN0003897,24-03-2018,ITM0164,OUT010,CUS00781,7,3818.33,1.2
TXN0000429,26-09-2021,ITM0434,OUT001,CUS00635,8,4891.07,3.9
TXN0009274,29-12-2020,ITM0431,OUT045,CUS01750,17,60.96,1.2
TXN0003272,15-04-2018,ITM0180,OUT015,CUS01193,15,2548.78,4.3
TXN0009867,19-12-2022,ITM0238,OUT024,CUS00474,7,3075.88,3.8
TXN0006818,26-08-2020,ITM0003,OUT019,CUS01323,13,2627.23,4.7
TXN0000737,31-03-2018,ITM0350,OUT039,CUS01886,8,1090.09,1.0
TXN0006101,22-03-2023,ITM0243,OUT041,CUS01505,17,2244.41,1.9
TXN0004746,06-03-2020,ITM0306,OUT028,CUS00483,18,1162.72,4.5
TXN0003133,16-02-2022,ITM0450,OUT014,CUS00278,3,1314.97,2.4
TXN0001072,18-11-2020,ITM0241,OUT032,CUS01122,18,4584.91,1.9
TXN0001106,28-02-2018,ITM0214,OUT005,CUS00654,10,2462.80,3.2
TXN0010393,,ITM0422,OUT021,CUS00089,10,2406.50,3.6
TXN0010372,01-08-2023,ITM0428,OUT050,CUS01853,19,3311.04,2.3
TXN0002141,17-04-2019,ITM0391,OUT042,CUS00788,6,2972.64,4.9
TXN0009132,29-03-2021,ITM0082,OUT019,CUS01483,4,187.80,4.6
TXN0007231,29-11-2020,ITM0020,OUT014,CUS00452,8,3420.47,1.9
TXN0006384,20-02-2018,ITM0301,OUT027,CUS00795,18,2540.14,1.6
TXN0008319,,ITM0161,OUT040,CUS01817,11,3282.08,3.9
TXN0000523,30-09-2023,ITM0420,OUT050,CUS00867,14,1466.69,2.2
TXN0006120,05-10-2021,ITM0016,OUT039,CUS00986,11,534.78,1.4
TXN0008362,02-09-2018,ITM0419,OUT044,CUS00331,3,4865.68,2.2
TXN0001435,26-08-2023,ITM0455,OUT017,CUS01379,,2019.72,3.9
TXN0008698,09-09-2020,ITM0253,OUT032,CUS01732,11,227.07,4.7
TXN0001602,21-09-2020,ITM0147,OUT035,CUS00586,9,2880.88,3.4
TXN0009924,04-07-2019,ITM0060,OUT018,CUS00506,10,1153.59,3.6
TXN0005346,29-09-2020,ITM0346,OUT001,CUS01267,10,1518.16,4.1
TXN0000679,16-10-2022,ITM0278,OUT014,CUS00838,8,2399.89,2.6
TXN0009005,27-06-2019,ITM0487,OUT045,CUS01787,16,477.05,1.8
TXN0003572,29-04-2018,ITM0428,OUT037,CUS00885,10,2545.76,4.1
TXN0010327,25-08-2022,ITM0450,OUT027,CUS01928,11,3288.71,1.2
TXN0001811,17-11-2021,ITM0482,OUT040,CUS00266,5,3225.31,1.6
TXN0003599,10-04-2022,ITM0278,OUT047,CUS00059,5,4267.62,
TXN0009766,14-03-2022,ITM0490,OUT010,CUS01330,10,4663.54,4.5
TXN0005029,09-10-2019,ITM0371,OUT008,CUS01953,16,343.84,1.3
TXN0006902,03-09-2023,ITM0173,OUT042,CUS01741,17,1644.36,4.4
TXN0008340,06-02-2022,ITM0268,OUT017,CUS01824,9,3834.72,3.6
TXN0008951,01-03-2018,ITM0366,OUT044,CUS00438,3,1348.80,
TXN0002504,16-08-2022,ITM0229,OUT034,CUS00511,18,3386.25,3.4
TXN0006939,19-11-2019,ITM0403,OUT002,CUS01288,11,1556.54,1.5
TXN0005487,30-12-2018,ITM0452,OUT031,CUS00533,16,2169.44,
TXN0002709,17-06-2018,ITM0481,OUT010,CUS00371,2,4209.98,1.7
TXN0001250,12-09-2019,ITM0117,OUT006,CUS00445,16,3448.98,4.7
TXN0001903,06-02-2018,ITM0174,OUT001,CUS00754,13,2882.44,3.5
TXN0008760,06-02-2018,ITM0278,OUT018,CUS01875,8,2856.93,1.4
TXN0003862,30-07-2022,ITM0124,OUT025,CUS01800,5,1051.87,4.4
TXN0003848,21-11-2022,ITM0087,OUT034,CUS01155,2,907.62,4.1
TXN0007338,15-09-2022,ITM0381,OUT028,CUS00972,4,1551.23,4.4
TXN0005988,04-09-2021,ITM0205,OUT005,CUS00117,11,2377.52,1.4
TXN0001940,14-08-2023,ITM0105,OUT029,CUS00153,16,1565.65,2.8
TXN0005637,19-02-2022,ITM0047,OUT005,CUS00154,20,2821.91,4.2
TXN0003791,29-11-2020,ITM0455,OUT033,CUS00247,12,814.31,4.0
TXN0007273,29-11-2019,ITM0333,OUT050,CUS00837,17,4967.53,4.4
TXN0007287,19-08-2023,ITM0417,OUT005,CUS01351,8,3501.93,2.8
TXN0005147,19-06-2022,ITM0039,OUT022,CUS00808,18,97.22,2.1
TXN0001877,30-07-2022,ITM0476,OUT008,CUS00868,15,2800.74,4.4
TXN0005148,03-09-2018,ITM0355,OUT040,CUS00570,2,3992.15,3.3
TXN0003789,05-02-2019,ITM0105,OUT035,CUS01183,15,4564.66,4.0
TXN0000080,14-02-2020,ITM0465,OUT034,CUS01610,4,2162.93,3.4
TXN0001466,12-07-2019,ITM0319,OUT037,CUS01466,20,1586.65,1.4
TXN0009698,02-10-2021,ITM0254,OUT010,CUS01425,2,1551.10,3.4
TXN0003790,28-06-2023,ITM0409,OUT048,CUS00391,20,125.31,1.8
TXN0001271,08-04-2020,ITM0288,OUT006,CUS00231,17,1269.35,3.1
TXN0005459,,ITM0197,OUT029,CUS01309,1,,3.3
TXN0003320,,ITM0036,OUT035,CUS00321,17,4336.18,1.2
TXN0004281,25-12-2023,ITM0279,OUT022,CUS01547,19,2036.05,1.7
TXN0001703,14-07-2019,ITM0031,OUT010,CUS01087,15,4937.82,3.4
TXN0007689,21-02-2021,ITM0335,OUT048,CUS00396,15,3683.45,4.7
TXN0002855,12-10-2021,ITM0352,OUT004,CUS01357,9,4922.97,2.7
TXN0002682,02-05-2020,ITM0090,OUT023,CUS01969,14,3807.41,4.0
TXN0004695,06-09-2018,ITM0012,OUT010,CUS00103,14,4205.79,5.0
TXN0005290,18-05-2020,ITM0303,OUT030,CUS01272,5,1393.60,2.1
TXN0006419,31-10-2020,ITM0035,OUT020,CUS00072,13,1861.01,1.6
TXN0008375,07-04-2019,ITM0343,OUT039,CUS01443,15,702.56,1.8
TXN0010096,21-03-2020,ITM0427,OUT009,CUS01036,18,3537.43,4.0
TXN0001416,29-05-2022,ITM0480,OUT049,CUS01805,9,2388.30,1.6
TXN0001529,29-03-2020,ITM0468,OUT040,CUS00885,8,3254.33,2.3
TXN0006022,18-05-2020,ITM0307,OUT025,CUS00703,15,45.78,2.3
TXN0002306,03-10-2023,ITM0171,OUT014,CUS00696,9,3092.08,1.5
TXN0008700,23-09-2018,ITM0003,OUT026,CUS00005,2,602.51,4.6
TXN0007264,24-04-2020,ITM0106,OUT021,CUS00403,16,4441.52,3.6
TXN0009736,08-07-2020,ITM0232,OUT017,CUS00413,6,2525.15,2.4
TXN0010021,22-08-2021,ITM0483,OUT049,CUS00860,19,809.49,2.7
TXN0000947,01-12-2021,ITM0316,OUT046,CUS01791,16,3580.33,4.8
TXN0007893,25-06-2022,ITM0102,OUT046,CUS00378,12,4291.16,2.8
TXN0002953,18-07-2019,ITM0004,OUT012,CUS01800,7,2275.81,2.7
TXN0009958,17-07-2018,ITM0233,OUT029,CUS01154,7,1208.86,3.7
TXN0004887,23-02-2018,ITM0288,OUT049,CUS01141,8,3339.73,2.8
TXN0010335,17-06-2023,ITM0469,OUT020,CUS01758,14,3268.24,1.9
TXN0000425,16-11-2022,ITM0152,OUT001,CUS00675,20,3225.69,4.0
TXN0003267,17-01-2019,ITM0067,OUT013,CUS01595,17,4976.29,5.0
TXN0003778,12-09-2019,ITM0363,OUT040,CUS00249,16,3472.41,4.5
TXN0001652,,ITM0038,OUT024,CUS00348,10,4992.20,2.0
TXN0005882,22-06-2022,ITM0161,OUT007,CUS00923,19,1358.84,3.4
TXN0007556,25-05-2023,ITM0017,OUT043,CUS01764,5,4924.59,3.5
TXN0000400,23-05-2021,ITM0215,OUT029,CUS00055,13,3438.57,2.1
TXN0000032,15-12-2018,ITM0071,OUT013,CUS00645,10,2952.27,4.1
TXN0005653,15-05-2019,ITM0219,OUT016,CUS00519,,1498.47,1.4
TXN0006100,19-10-2018,ITM0477,OUT024,CUS01240,4,2982.98,4.3
TXN0008044,15-03-2022,ITM0046,OUT038,CUS01571,14,2123.87,
TXN0006766,16-01-2022,ITM0440,OUT023,CUS00857,11,2816.27,2.0
TXN0002881,24-12-2021,ITM0223,OUT044,CUS01911,19,2628.11,3.5
TXN0003020,30-06-2020,ITM0039,OUT027,CUS00016,9,3904.81,
TXN0009637,,ITM0498,OUT002,CUS01220,3,2167.44,2.9
TXN0008885,12-08-2021,ITM0146,OUT036,CUS00833,15,3278.33,2.8
TXN0001689,21-05-2022,ITM0381,OUT022,CUS00555,14,4095.32,2.0
TXN0008521,06-11-2019,ITM0464,OUT021,CUS01523,7,1298.55,1.8
TXN0005246,28-08-2021,ITM0462,OUT012,CUS01773,6,25.64,3.7
TXN0002283,18-04-2022,ITM0061,OUT009,CUS00062,20,2402.41,2.3
TXN0002022,03-04-2022,ITM0154,OUT027,CUS01846,,3366.98,1.5
TXN0006027,26-01-2020,ITM0456,OUT020,CUS00623,7,217.36,1.5
TXN0000985,26-06-2023,ITM0208,OUT042,CUS00681,10,4628.04,
TXN0000154,16-07-2018,ITM0018,OUT016,CUS00400,10,4426.24,2.6
TXN0000446,24-06-2022,ITM0351,OUT044,CUS00326,,1212.43,2.6
TXN0006936,22-12-2021,ITM0199,OUT021,CUS01052,,597.28,4.7
TXN0003857,27-12-2022,ITM0228,OUT015,CUS00572,20,4357.55,2.7
TXN0005844,01-11-2022,ITM0458,OUT035,CUS01651,16,1492.02,1.7
TXN0009165,10-12-2019,ITM0500,OUT020,CUS01198,13,1108.85,3.0
TXN0005352,01-07-2019,ITM0101,OUT002,CUS00677,,3502.38,4.1
TXN0000645,20-02-2023,ITM0477,OUT021,CUS00782,10,1605.40,3.6
TXN0005679,12-06-2021,ITM0293,OUT025,CUS01196,7,4987.22,2.8
TXN0000555,20-10-2022,ITM0374,OUT038,CUS01948,12,3967.33,2.7
TXN0007302,28-09-2018,ITM0365,OUT016,CUS01921,8,4651.72,3.7
TXN0000346,14-07-2023,ITM0025,OUT020,CUS01997,19,909.11,1.5
TXN0004950,15-10-2020,ITM0417,OUT015,CUS01370,17,243.15,4.1
TXN0001503,27-08-2023,ITM0027,OUT005,CUS01981,6,2243.52,3.4
TXN0010175,20-08-2023,ITM0453,OUT042,CUS01602,4,3146.40,2.0
TXN0001103,,ITM0162,OUT015,CUS00210,,4830.78,2.3
TXN0003773,,ITM0184,OUT003,CUS01984,19,191.47,
TXN0008304,04-05-2019,ITM0398,OUT009,CUS00697,14,3253.52,1.9
TXN0002040,19-06-2018,ITM0017,OUT020,CUS00695,2,4174.35,3.2
TXN0006735,13-06-2021,ITM0083,OUT026,CUS00600,10,2892.10,4.1
TXN0010045,07-07-2019,ITM0112,OUT002,CUS00966,2,966.02,4.1
TXN0005131,21-12-2018,ITM0432,OUT040,CUS00739,20,3216.78,2.6
TXN0003085,13-05-2020,ITM0220,OUT015,CUS01172,9,,4.2
TXN0002080,18-03-2019,ITM0389,OUT003,CUS00264,,2675.21,2.6
TXN0005149,09-05-2019,ITM0393,OUT037,CUS00468,13,3569.24,1.7
TXN0008728,14-04-2020,ITM0473,OUT011,CUS00407,17,874.27,1.6
TXN0004380,25-12-2022,ITM0429,OUT001,CUS00075,12,4728.84,3.1
TXN0004914,02-03-2019,ITM0410,OUT014,CUS00571,6,1096.15,4.3
TXN0007515,12-02-2019,ITM0351,OUT002,CUS01038,10,2770.20,4.8
TXN0006223,04-04-2023,ITM0329,OUT007,CUS01981,8,2314.64,5.0
TXN0001004,29-07-2018,ITM0478,OUT014,CUS00151,2,3823.17,4.4
TXN0008303,14-03-2022,ITM0252,OUT018,CUS00885,20,4424.92,4.3
TXN0002110,23-03-2020,ITM0024,OUT048,CUS00917,2,797.65,4.1
TXN0006186,02-02-2022,ITM0184,OUT002,CUS00393,11,3645.03,4.6
TXN0010000,06-12-2018,ITM0450,OUT043,CUS00032,9,956.17,3.8
TXN0008403,13-04-2023,ITM0399,OUT015,CUS01002,5,2454.16,1.6
TXN0001650,11-01-2020,ITM0368,OUT038,CUS01954,10,2689.69,4.6
TXN0006703,20-03-2023,ITM0293,OUT031,CUS01094,14,4453.20,1.1
TXN0000945,16-09-2019,ITM0318,OUT011,CUS00761,12,4477.85,2.4
TXN0000824,20-01-2019,ITM0261,OUT033,CUS00907,13,4503.89,1.5
TXN0001631,04-07-2020,ITM0080,OUT022,CUS00156,6,2434.35,4.2
TXN0006103,23-06-2021,ITM0392,OUT010,CUS01072,11,3210.32,1.5
TXN0009946,02-07-2019,ITM0264,OUT009,CUS01397,9,215.57,1.8
TXN0002693,10-08-2019,ITM0023,OUT005,CUS01123,3,676.02,1.3
TXN0000959,06-03-2023,ITM0371,OUT027,CUS00921,12,4459.58,1.1
TXN0008605,23-12-2022,ITM0061,OUT002,CUS00652,2,2903.81,4.5
TXN0008516,18-08-2023,ITM0288,OUT029,CUS00107,3,4987.38,2.9
TXN0004256,18-02-2023,ITM0247,OUT034,CUS01462,10,371.29,4.1
TXN0009379,17-04-2023,ITM0004,OUT037,CUS00838,17,835.93,2.1
TXN0004278,30-06-2021,ITM0262,OUT002,CUS01652,,4587.81,2.6
TXN0002023,07-10-2018,ITM0183,OUT038,CUS00715,4,4954.68,3.4
TXN0006893,,ITM0062,OUT046,CUS01614,17,1595.81,2.4
TXN0004113,06-02-2022,ITM0022,OUT017,CUS00142,6,1363.75,2.9
TXN0004565,28-08-2023,ITM0346,OUT016,CUS01044,2,3949.00,4.4
TXN0009680,28-07-2022,ITM0345,OUT012,CUS01744,1,1386.11,2.3
TXN0002027,05-01-2020,ITM0039,OUT026,CUS00325,,4372.26,1.3
TXN0003222,27-12-2021,ITM0036,OUT021,CUS00274,20,4581.40,3.5
TXN0007637,09-07-2020,ITM0258,OUT009,CUS01168,8,2620.98,2.2
TXN0008898,12-04-2021,ITM0467,OUT015,CUS01924,13,172.12,4.4
TXN0001245,03-01-2018,ITM0093,OUT007,CUS00742,2,2609.78,2.2
TXN0006904,05-08-2018,ITM0384,OUT010,CUS01024,8,4452.05,1.6
TXN0003173,19-11-2019,ITM0425,OUT033,CUS01844,17,855.18,4.4
TXN0002625,10-08-2022,ITM0497,OUT025,CUS00939,14,4686.94,3.0
TXN0006397,13-02-2023,ITM0264,OUT028,CUS01405,13,2195.57,4.5
TXN0008810,16-05-2023,ITM0440,OUT016,CUS00010,10,813.44,2.1
TXN0009984,21-10-2023,ITM0204,OUT037,CUS00037,13,2605.77,4.6
TXN0001804,24-08-2020,ITM0311,OUT046,CUS01542,12,423.71,2.0
TXN0008150,02-05-2023,ITM0177,OUT030,CUS00695,20,2402.21,2.0
TXN0004823,18-01-2018,ITM0253,OUT047,CUS01869,9,1127.54,2.4
TXN0006850,04-09-2021,ITM0323,OUT017,CUS01774,13,4858.26,4.4
TXN0010379,10-06-2021,ITM0097,OUT030,CUS01893,,4396.84,
TXN0001751,06-05-2020,ITM0204,OUT003,CUS01069,18,4782.03,2.5
TXN0002962,16-09-2021,ITM0462,OUT011,CUS00386,4,2744.55,2.3
TXN0000132,16-03-2018,ITM0070,OUT047,CUS01356,3,1275.57,1.3
TXN0005746,09-06-2021,ITM0329,OUT050,CUS01004,14,813.36,2.9
TXN0002461,25-02-2020,ITM0273,OUT046,CUS00888,20,1496.29,2.7
TXN0008435,23-06-2021,ITM0125,OUT030,CUS00376,15,10.45,1.9
TXN0000225,17-01-2020,ITM0181,OUT012,CUS00983,18,,4.6
TXN0002607,02-02-2020,ITM0093,OUT023,CUS01235,6,3369.71,1.3
TXN0003975,11-10-2023,ITM0364,OUT046,CUS00993,12,,2.0
TXN0005760,24-11-2018,ITM0463,OUT049,CUS00031,19,,2.7
TXN0009383,06-11-2019,ITM0476,OUT033,CUS00918,13,4819.11,2.8
TXN0000355,08-01-2021,ITM0465,OUT040,CUS01232,20,3765.77,4.1
TXN0004269,23-06-2018,ITM0153,OUT027,CUS01256,5,2690.59,3.9
TXN0009410,10-05-2019,ITM0467,OUT032,CUS00441,20,1384.69,4.9
TXN0001962,30-11-2018,ITM0266,OUT023,CUS01932,14,935.03,1.0
TXN0006217,19-05-2022,ITM0367,OUT014,CUS00447,9,600.45,1.7
TXN0007759,25-05-2023,ITM0263,OUT001,CUS01149,4,4103.13,2.7
TXN0007841,07-06-2022,ITM0493,OUT021,CUS01910,7,3539.91,4.6
TXN0000156,25-04-2018,ITM0196,OUT049,CUS01194,2,173.02,3.8
TXN0008922,03-11-2022,ITM0063,OUT024,CUS00527,17,2007.88,3.7
TXN0000227,16-07-2020,ITM0352,OUT031,CUS00386,10,2418.33,3.0
TXN0007688,16-02-2020,ITM0160,OUT017,CUS01365,10,4262.12,3.0
TXN0006230,05-09-2023,ITM0174,OUT040,CUS01505,10,4841.46,4.9
TXN0003152,22-12-2020,ITM0186,OUT004,CUS01905,20,3784.16,1.4
TXN0010463,11-01-2022,ITM0398,OUT015,CUS00082,7,4859.76,1.5
TXN0000163,24-11-2020,ITM0066,OUT035,CUS00607,15,4082.16,3.9
TXN0004274,04-10-2021,ITM0213,OUT026,CUS01428,6,1153.54,4.9
TXN0000153,09-10-2018,ITM0038,OUT015,CUS01914,18,1312.85,3.8
TXN0003060,05-05-2018,ITM0208,OUT014,CUS00537,14,3326.75,2.2
TXN0004974,17-02-2018,ITM0278,OUT033,CUS00469,7,2528.28,2.9
TXN0004325,01-07-2019,ITM0024,OUT031,CUS00749,17,,
TXN0002677,13-08-2018,ITM0183,OUT008,CUS00319,14,4936.46,3.4
TXN0000663,23-09-2020,ITM0169,OUT003,CUS01527,,2112.45,3.6
TXN0006061,05-05-2023,ITM0334,OUT034,CUS01796,,544.73,3.1
TXN0001850,19-09-2022,ITM0416,OUT050,CUS01495,18,2437.54,2.7
TXN0004214,05-10-2019,ITM0184,OUT043,CUS01843,16,308.78,3.2
TXN0003125,24-06-2021,ITM0106,OUT026,CUS01934,11,2137.13,3.8
TXN0004183,04-10-2018,ITM0288,OUT010,CUS00854,6,3268.47,1.7
TXN0006634,22-01-2021,ITM0195,OUT006,CUS00841,2,518.19,
TXN0004201,,ITM0447,OUT040,CUS01500,19,4363.46,3.5
TXN0007724,03-01-2022,ITM0119,OUT010,CUS01651,11,2709.85,3.2
TXN0010243,05-07-2021,ITM0298,OUT008,CUS01386,18,4079.46,2.4
TXN0004999,25-03-2022,ITM0203,OUT026,CUS01445,16,4564.92,3.1
TXN0008325,05-02-2020,ITM0077,OUT025,CUS00540,7,3377.84,3.1
TXN0007725,06-08-2021,ITM0473,OUT042,CUS01250,1,4478.66,1.2
TXN0004315,03-12-2021,ITM0389,OUT004,CUS00451,9,2711.87,3.9
TXN0009636,24-06-2020,ITM0206,OUT044,CUS01889,6,4553.28,3.8
TXN0006699,21-11-2020,ITM0147,OUT002,CUS00306,15,4360.43,1.3
TXN0004785,16-05-2020,ITM0345,OUT045,CUS01572,5,2622.75,3.3
TXN0000111,03-08-2023,ITM0355,OUT034,CUS00842,11,252.56,4.5
TXN0002975,24-08-2020,ITM0385,OUT045,CUS00617,6,359.04,3.0
TXN0005112,13-07-2019,ITM0073,OUT008,CUS00068,11,1765.35,4.1
TXN0008384,26-09-2021,ITM0472,OUT036,CUS01083,13,1539.79,2.5
TXN0008261,18-08-2019,ITM0407,OUT035,CUS00764,3,1668.11,4.6
TXN0003182,01-12-2018,ITM0308,OUT006,CUS01520,2,3940.32,
TXN0009110,03-06-2019,ITM0086,OUT038,CUS01856,15,2226.73,
TXN0000856,31-05-2022,ITM0075,OUT035,CUS00752,12,2674.50,3.5
TXN0008135,06-07-2019,ITM0500,OUT020,CUS00526,20,1471.63,1.6
TXN0007793,21-03-2022,ITM0324,OUT033,CUS01228,6,4701.53,2.7
TXN0003036,07-01-2020,ITM0277,OUT035,CUS01493,3,3447.79,3.8
TXN0004367,19-09-2022,ITM0027,OUT039,CUS00307,14,19.73,3.5
TXN0002605,22-04-2020,ITM0204,OUT043,CUS00550,11,1613.72,2.8
TXN0001500,04-12-2020,ITM0402,OUT046,CUS01541,13,3315.37,4.4
TXN0002520,11-01-2022,ITM0078,OUT039,CUS01030,2,2306.67,3.8
TXN0009693,08-03-2020,ITM0312,OUT003,CUS00797,17,983.40,3.0
TXN0005791,15-10-2022,ITM0343,OUT023,CUS01967,2,984.14,4.8
TXN0004678,13-04-2020,ITM0103,OUT030,CUS00580,18,2376.35,4.6
TXN0008645,19-07-2020,ITM0122,OUT028,CUS01795,13,2624.99,4.5
TXN0001114,22-11-2021,ITM0099,OUT042,CUS00265,15,4068.20,2.9
TXN0003718,26-07-2023,ITM0200,OUT014,CUS01651,10,306.89,2.1
TXN0008155,06-08-2023,ITM0174,OUT041,CUS00167,5,876.02,1.1
TXN0004762,15-04-2023,ITM0078,OUT021,CUS01627,11,3946.38,2.1
TXN0002541,11-05-2021,ITM0002,OUT038,CUS00848,2,1825.95,4.6
TXN0003733,13-09-2021,ITM0075,OUT042,CUS01057,12,600.05,4.9
TXN0005828,,ITM0049,OUT045,CUS01224,11,1098.41,4.6
TXN0003464,,ITM0123,OUT014,CUS00651,18,4309.88,2.9
TXN0008357,15-01-2022,ITM0047,OUT037,CUS00553,13,2732.60,4.6
TXN0010076,10-06-2019,ITM0101,OUT036,CUS01856,16,4611.19,1.6
TXN0000280,10-07-2022,ITM0047,OUT008,CUS00517,4,2272.65,3.1
TXN0002827,14-10-2022,ITM0033,OUT006,CUS01765,17,4002.52,2.0
TXN0005146,,ITM0042,OUT050,CUS01298,15,534.05,1.6
TXN0006314,05-06-2023,ITM0308,OUT038,CUS00237,,332.36,1.7
TXN0002190,20-11-2019,ITM0456,OUT033,CUS01556,17,2740.11,4.3
TXN0004092,15-08-2018,ITM0208,OUT012,CUS00099,16,,4.6
TXN0005298,26-04-2022,ITM0100,OUT020,CUS01281,17,4666.83,4.0
TXN0006070,16-01-2019,ITM0183,OUT031,CUS00689,6,1067.34,3.0
TXN0004679,17-01-2019,ITM0052,OUT035,CUS01740,10,623.37,
TXN0003453,13-06-2023,ITM0244,OUT048,CUS01023,2,1465.05,4.2
TXN0004509,21-07-2020,ITM0374,OUT049,CUS01963,11,4600.52,
TXN0008777,16-04-2021,ITM0384,OUT047,CUS01890,4,2619.18,3.3
TXN0002267,12-09-2023,ITM0313,OUT036,CUS01921,1,4964.26,3.0
TXN0002097,18-07-2019,ITM0500,OUT035,CUS00326,15,1357.80,2.0
TXN0005662,17-04-2023,ITM0458,OUT022,CUS01397,10,3850.20,5.0
TXN0004607,25-04-2019,ITM0500,OUT023,CUS01262,14,1335.72,3.0
TXN0001391,,ITM0126,OUT037,CUS01334,9,2899.26,2.7
TXN0006821,02-07-2019,ITM0247,OUT028,CUS00986,3,1095.04,2.0
TXN0000323,13-09-2021,ITM0467,OUT032,CUS00862,9,1171.04,1.1
TXN0008269,31-10-2020,ITM0308,OUT021,CUS00199,11,4096.82,1.7
TXN0009820,29-07-2018,ITM0005,OUT050,CUS01443,12,447.81,2.6
TXN0007464,12-02-2022,ITM0326,OUT022,CUS00227,7,549.59,2.6
TXN0002730,14-11-2023,ITM0063,OUT007,CUS01637,20,1739.86,3.1
TXN0002340,06-08-2020,ITM0069,OUT029,CUS00220,13,309.78,2.9
TXN0003909,15-06-2023,ITM0367,OUT027,CUS01872,13,2957.31,
TXN0000330,21-08-2021,ITM0202,OUT044,CUS01082,13,3531.33,3.3
TXN0002382,14-07-2023,ITM0042,OUT037,CUS01851,16,3287.36,3.6
TXN0005194,09-09-2023,ITM0157,OUT015,CUS01635,10,692.58,1.2
TXN0000638,04-01-2021,ITM0217,OUT029,CUS01384,19,641.24,3.2
TXN0006039,08-03-2019,ITM0123,OUT036,CUS00411,8,4106.07,1.4
TXN0000220,02-12-2019,ITM0208,OUT008,CUS01029,11,912.91,2.4
TXN0007597,12-05-2021,ITM0410,OUT037,CUS00038,18,71.77,4.0
TXN0000315,10-05-2019,ITM0463,OUT001,CUS00373,10,2682.01,4.5
TXN0004217,27-04-2018,ITM0039,OUT043,CUS01904,,1997.59,1.5
TXN0008222,01-08-2019,ITM0411,OUT044,CUS00464,1,2769.35,3.8
TXN0004917,05-02-2021,ITM0329,OUT008,CUS01674,1,1467.05,1.2
TXN0002784,04-06-2021,ITM0052,OUT020,CUS00479,13,1720.38,3.9
TXN0010119,06-11-2023,ITM0017,OUT013,CUS00842,,282.84,1.1
TXN0003552,28-11-2021,ITM0170,OUT014,CUS00162,13,4650.25,1.4
TXN0007497,03-08-2019,ITM0054,OUT036,CUS01510,16,4295.91,1.8
TXN0006659,,ITM0194,OUT008,CUS01175,,900.41,2.1
TXN0005156,08-02-2023,ITM0335,OUT004,CUS01169,13,4407.64,3.2
TXN0003263,11-12-2022,ITM0335,OUT046,CUS00233,4,2783.50,1.4
TXN0002659,25-02-2022,ITM0254,OUT023,CUS00984,10,1616.79,3.5
TXN0010079,08-11-2023,ITM0114,OUT019,CUS00080,,4177.57,4.7
TXN0002984,07-02-2020,ITM0261,OUT042,CUS01935,16,4556.96,4.8
TXN0007969,24-12-2018,ITM0142,OUT023,CUS00054,6,4996.16,1.2
TXN0000411,30-09-2021,ITM0415,OUT043,CUS01906,5,4991.62,
TXN0007705,25-05-2023,ITM0274,OUT024,CUS00470,7,4244.00,1.2
TXN0001895,30-01-2022,ITM0119,OUT042,CUS00452,3,,3.5
TXN0003076,11-05-2020,ITM0118,OUT032,CUS00017,1,1922.58,1.4
TXN0008335,03-11-2018,ITM0134,OUT048,CUS01265,11,3148.37,2.1
TXN0010113,31-01-2021,ITM0240,OUT012,CUS01601,4,2123.93,4.5
TXN0000548,23-10-2018,ITM0028,OUT012,CUS01964,17,1867.72,
TXN0005006,28-09-2022,ITM0338,OUT036,CUS00157,18,2128.87,3.6
TXN0001061,29-07-2018,ITM0311,OUT044,CUS00639,7,639.09,1.0
TXN0003968,09-02-2023,ITM0297,OUT039,CUS01854,11,2158.11,2.2
TXN0009443,20-04-2022,ITM0452,OUT017,CUS00556,,4335.85,4.1
TXN0008581,08-11-2020,ITM0442,OUT040,CUS01936,16,2573.78,4.0
TXN0003325,10-12-2020,ITM0434,OUT014,CUS01422,9,205.65,3.7
TXN0007655,28-06-2019,ITM0469,OUT022,CUS00466,12,2954.52,3.9
TXN0004983,,ITM0102,OUT001,CUS01843,2,4858.45,4.7
TXN0003940,08-12-2020,ITM0279,OUT012,CUS01447,15,2596.62,2.2
TXN0007098,24-09-2020,ITM0222,OUT037,CUS01767,13,1162.83,4.6
TXN0008565,24-01-2023,ITM0158,OUT045,CUS00392,13,4597.23,2.9
TXN0004683,02-09-2022,ITM0259,OUT021,CUS00146,1,4674.61,3.0
TXN0003214,13-03-2019,ITM0421,OUT046,CUS01783,19,3885.48,2.2
TXN0003376,16-11-2022,ITM0045,OUT039,CUS00431,5,4208.89,3.3
TXN0000378,,ITM0440,OUT045,CUS00427,9,3295.88,2.7
TXN0007610,10-06-2021,ITM0337,OUT032,CUS01111,17,4385.40,1.1
TXN0002841,01-06-2021,ITM0298,OUT031,CUS00175,4,1754.78,3.5
TXN0001739,23-11-2019,ITM0123,OUT036,CUS00472,17,1833.22,3.4
TXN0009281,03-04-2020,ITM0454,OUT042,CUS01338,5,2851.89,2.4
TXN0006678,13-06-2019,ITM0407,OUT049,CUS01363,11,1440.81,
TXN0003842,28-07-2021,ITM0342,OUT005,CUS01282,10,4291.64,3.2
TXN0009676,06-12-2022,ITM0061,OUT004,CUS01667,8,3966.92,2.8
TXN0006859,20-06-2019,ITM0130,OUT010,CUS00722,13,4084.30,4.5
TXN0005729,24-05-2019,ITM0042,OUT006,CUS00606,3,2504.52,1.5
TXN0002843,22-12-2021,ITM0069,OUT049,CUS01011,17,491.21,3.9
TXN0007500,22-01-2023,ITM0453,OUT032,CUS01535,15,2981.44,1.8
TXN0006595,09-03-2021,ITM0155,OUT020,CUS00342,3,3159.98,
TXN0006901,28-12-2020,ITM0351,OUT026,CUS00641,9,,3.8
TXN0002471,10-12-2021,ITM0148,OUT050,CUS00139,5,4917.86,2.2
TXN0003924,14-06-2023,ITM0051,OUT024,CUS01721,4,283.14,1.0
TXN0003289,07-04-2021,ITM0054,OUT040,CUS00346,15,,2.2
TXN0003127,03-03-2018,ITM0217,OUT008,CUS01161,16,4329.88,4.6
TXN0007769,29-01-2020,ITM0343,OUT038,CUS00693,9,64.75,1.9
TXN0008559,13-08-2022,ITM0064,OUT023,CUS00788,8,3615.26,1.5
TXN0001683,06-01-2019,ITM0289,OUT045,CUS01334,12,3490.22,2.8
TXN0001095,03-11-2019,ITM0496,OUT005,CUS01749,10,4114.95,3.2
TXN0006478,05-03-2019,ITM0281,OUT015,CUS00415,5,3745.44,2.6
TXN0001550,19-10-2019,ITM0473,OUT046,CUS00016,2,3746.26,2.0
TXN0004284,11-08-2022,ITM0047,OUT013,CUS00783,3,898.25,3.9
TXN0007855,17-02-2018,ITM0185,OUT003,CUS00191,,3019.33,1.7
TXN0003126,21-12-2022,ITM0353,OUT008,CUS01236,6,1554.75,1.4
TXN0003543,16-09-2022,ITM0294,OUT010,CUS00518,16,359.21,1.9
TXN0003910,18-04-2020,ITM0366,OUT003,CUS01778,16,4115.10,3.1
TXN0006226,29-10-2019,ITM0426,OUT002,CUS00800,13,3717.12,4.5
TXN0002177,20-06-2018,ITM0384,OUT012,CUS01181,7,2384.52,1.7
TXN0004617,15-05-2022,ITM0095,OUT028,CUS00684,12,1028.15,1.6
TXN0002699,19-04-2020,ITM0402,OUT038,CUS00777,1,2295.46,1.0
TXN0000350,05-12-2019,ITM0417,OUT016,CUS01270,2,2979.16,2.5
TXN0002753,20-04-2018,ITM0331,OUT015,CUS00875,9,2660.81,4.0
TXN0008504,23-01-2023,ITM0134,OUT015,CUS01893,1,600.14,3.2
TXN0000924,30-03-2019,ITM0082,OUT025,CUS00267,12,4974.65,4.2
TXN0005643,19-06-2020,ITM0119,OUT028,CUS01522,10,3884.99,1.9
TXN0000244,30-01-2018,ITM0231,OUT043,CUS00505,3,3136.89,2.7
TXN0007259,01-01-2021,ITM0054,OUT038,CUS00415,1,,3.9
TXN0001953,29-11-2023,ITM0146,OUT032,CUS00628,16,,2.3
TXN0001669,15-10-2019,ITM0443,OUT045,CUS00781,7,,4.1
TXN0004482,30-09-2022,ITM0005,OUT012,CUS01688,8,1026.31,1.7
TXN0001021,03-12-2019,ITM0226,OUT015,CUS01467,14,,3.1
TXN0003326,11-02-2019,ITM0085,OUT009,CUS01769,11,244.58,3.8
TXN0008244,16-05-2020,ITM0463,OUT026,CUS01326,19,2127.96,1.2
TXN0004802,04-12-2019,ITM0351,OUT018,CUS00549,1,4090.75,1.1
TXN0003097,01-02-2021,ITM0221,OUT020,CUS00782,18,4575.29,2.0
TXN0009269,31-01-2018,ITM0195,OUT034,CUS01684,16,1546.39,4.0
TXN0001914,21-12-2018,ITM0434,OUT012,CUS00483,13,4302.67,2.5
TXN0005053,29-11-2020,ITM0446,OUT016,CUS01226,19,4940.13,2.5
TXN0009763,29-11-2018,ITM0241,OUT021,CUS01348,12,,2.8
TXN0008522,07-12-2019,ITM0401,OUT042,CUS01970,5,243.55,1.5
TXN0010319,20-06-2020,ITM0132,OUT044,CUS01742,13,4468.42,2.4
TXN0009465,08-03-2020,ITM0319,OUT008,CUS00124,11,1712.05,1.3
TXN0000915,10-02-2022,ITM0029,OUT018,CUS00832,14,4736.11,3.5
TXN0002398,04-03-2020,ITM0080,OUT029,CUS00204,9,1901.30,1.0
TXN0004156,18-11-2021,ITM0495,OUT024,CUS00081,19,74.68,4.3
TXN0006929,12-02-2023,ITM0095,OUT046,CUS00844,16,4759.25,3.6
TXN0005502,22-03-2023,ITM0175,OUT025,CUS00519,6,2845.91,1.8
TXN0001249,07-05-2018,ITM0349,OUT041,CUS00954,16,4039.15,2.1
TXN0010084,01-02-2020,ITM0142,OUT047,CUS00245,18,,3.8
TXN0002280,06-05-2018,ITM0068,OUT016,CUS00118,13,4599.28,4.1
TXN0004877,24-10-2019,ITM0422,OUT034,CUS01167,9,4848.86,2.4
TXN0004458,30-03-2022,ITM0265,OUT013,CUS00934,8,3510.41,5.0
TXN0002229,08-12-2023,ITM0436,OUT022,CUS00399,1,186.26,4.2
TXN0010251,04-03-2019,ITM0245,OUT018,CUS01182,6,43.60,
TXN0007748,03-01-2022,ITM0353,OUT032,CUS00689,5,3750.80,2.0
TXN0004971,02-05-2021,ITM0314,OUT020,CUS00319,1,4730.08,1.5
TXN0006474,27-05-2019,ITM0373,OUT004,CUS00731,6,2732.63,4.3
TXN0004215,08-10-2021,ITM0215,OUT021,CUS00148,15,4926.13,
TXN0001177,10-10-2021,ITM0430,OUT047,CUS01015,,4850.64,3.7
TXN0008450,17-02-2018,ITM0495,OUT029,CUS01175,7,2893.26,1.9
TXN0004399,27-10-2021,ITM0495,OUT033,CUS01354,3,3712.47,3.8
TXN0009806,19-02-2018,ITM0008,OUT013,CUS01217,10,2889.97,1.6
TXN0003667,27-05-2018,ITM0094,OUT011,CUS01079,11,1185.42,2.8
TXN0004618,03-02-2022,ITM0044,OUT031,CUS00271,15,3330.90,4.6
TXN0008853,02-10-2021,ITM0057,OUT019,CUS00662,16,4152.71,3.3
TXN0007836,13-11-2022,ITM0161,OUT031,CUS00931,6,1512.09,3.0
TXN0005312,,ITM0440,OUT041,CUS00419,3,3633.75,1.6
TXN0007290,20-10-2019,ITM0279,OUT049,CUS00270,1,2481.05,
TXN0003409,19-05-2023,ITM0411,OUT021,CUS01487,11,2714.61,1.9
TXN0010155,01-10-2023,ITM0478,OUT043,CUS01256,5,2888.07,3.0
TXN0003985,05-08-2019,ITM0346,OUT004,CUS00964,13,4915.21,2.3
TXN0004340,15-11-2021,ITM0230,OUT013,CUS01595,1,369.24,4.5
TXN0003425,14-06-2020,ITM0466,OUT006,CUS01140,19,,1.9
TXN0006088,23-02-2022,ITM0308,OUT023,CUS01353,5,2196.78,3.8
TXN0009149,14-11-2022,ITM0092,OUT027,CUS01040,19,4314.70,4.6
TXN0009705,03-01-2018,ITM0370,OUT026,CUS01250,16,1796.23,3.7
TXN0004282,06-01-2023,ITM0422,OUT004,CUS00710,14,1652.93,2.4
TXN0007034,23-10-2019,ITM0181,OUT040,CUS00251,13,3067.06,3.2
TXN0001084,23-04-2023,ITM0307,OUT028,CUS00659,20,1352.46,4.4
TXN0004183,04-10-2018,ITM0288,OUT010,CUS00854,6,3268.47,1.7
TXN0004539,13-11-2021,ITM0327,OUT031,CUS00179,2,1886.60,1.6
TXN0002184,17-06-2023,ITM0481,OUT011,CUS00314,1,3962.58,1.6
TXN0001403,12-09-2018,ITM0026,OUT027,CUS00104,8,4592.45,2.0
TXN0001585,17-07-2023,ITM0473,OUT030,CUS01628,18,3401.37,2.8
TXN0008378,01-08-2020,ITM0445,OUT010,CUS00581,2,680.77,1.2
TXN0009983,27-12-2018,ITM0376,OUT022,CUS01471,17,2591.58,
TXN0008949,24-10-2022,ITM0203,OUT010,CUS01532,3,3023.37,4.0
TXN0003545,14-01-2021,ITM0415,OUT022,CUS00539,4,627.68,1.2
TXN0006249,20-07-2019,ITM0366,OUT049,CUS01248,7,845.58,4.1
TXN0005083,29-05-2023,ITM0473,OUT026,CUS00830,2,1653.53,1.7
TXN0005532,08-04-2020,ITM0003,OUT039,CUS01910,4,2132.47,2.9
TXN0007237,07-08-2018,ITM0054,OUT028,CUS00899,16,3409.61,
TXN0002276,18-11-2022,ITM0060,OUT033,CUS00955,11,2946.04,4.1
TXN0005282,09-12-2020,ITM0227,OUT002,CUS00137,8,1253.99,4.3
TXN0003372,19-08-2018,ITM0032,OUT014,CUS01198,16,3971.82,4.6
TXN0006951,18-12-2020,ITM0193,OUT038,CUS00785,3,779.58,2.1
TXN0006794,09-06-2019,ITM0016,OUT010,CUS01692,13,1929.02,4.4
TXN0007010,12-02-2023,ITM0429,OUT015,CUS01712,19,4824.70,2.3
TXN0000406,03-10-2023,ITM0077,OUT034,CUS00340,20,,
TXN0010419,25-04-2019,ITM0160,OUT032,CUS01646,,3126.32,1.9
TXN0009436,16-05-2023,ITM0494,OUT047,CUS01118,8,2493.43,4.4
TXN0008755,25-08-2020,ITM0363,OUT030,CUS00484,3,2744.22,2.4
TXN0008924,09-06-2022,ITM0475,OUT031,CUS01754,2,4895.21,2.1
TXN0009990,18-12-2019,ITM0418,OUT015,CUS01799,11,4596.88,2.7
TXN0000574,30-10-2018,ITM0303,OUT043,CUS01347,3,4969.94,1.0
TXN0007106,08-11-2018,ITM0284,OUT022,CUS00754,7,1156.90,2.1
TXN0010006,16-04-2022,ITM0263,OUT037,CUS01115,11,92.39,1.6
TXN0005319,08-01-2018,ITM0150,OUT028,CUS01241,13,2258.01,2.9
TXN0008689,,ITM0398,OUT038,CUS01880,9,3826.12,1.6
TXN0001789,25-10-2020,ITM0376,OUT008,CUS01658,5,1238.83,4.1
TXN0006190,02-09-2019,ITM0049,OUT036,CUS00606,17,2388.17,1.8
TXN0003221,19-06-2019,ITM0160,OUT015,CUS00445,7,932.73,4.8
TXN0006290,,ITM0059,OUT006,CUS01825,19,199.11,4.4
TXN0002244,10-02-2018,ITM0020,OUT049,CUS01946,5,2600.22,
TXN0006295,21-02-2020,ITM0302,OUT049,CUS01426,,4576.70,3.2
TXN0008503,14-03-2020,ITM0096,OUT044,CUS00880,11,4668.14,
TXN0002922,14-06-2019,ITM0045,OUT043,CUS00925,2,2574.22,1.0
TXN0003454,19-06-2019,ITM0444,OUT006,CUS00022,10,2539.39,1.3
TXN0000117,20-04-2018,ITM0192,OUT040,CUS00722,7,3008.66,2.9
TXN0004204,20-02-2023,ITM0135,OUT034,CUS00924,14,3484.19,1.0
TXN0008965,12-05-2018,ITM0098,OUT028,CUS01126,11,4652.13,4.6
TXN0002552,18-05-2018,ITM0395,OUT048,CUS00277,7,21.75,2.2
TXN0010481,28-10-2023,ITM0028,OUT035,CUS00728,3,1700.82,3.9
TXN0008006,19-05-2021,ITM0281,OUT002,CUS01790,4,,1.2
TXN0007747,18-01-2018,ITM0305,OUT005,CUS01805,20,,1.2
TXN0002917,24-02-2020,ITM0195,OUT005,CUS01250,14,2233.62,4.6
TXN0000881,07-05-2021,ITM0350,OUT002,CUS00793,9,554.85,3.9
TXN0003075,13-01-2019,ITM0071,OUT042,CUS01403,17,3430.32,4.0
TXN0004520,12-05-2018,ITM0166,OUT048,CUS00571,14,2367.38,2.4
TXN0007816,08-07-2022,ITM0105,OUT046,CUS01484,12,36.26,1.3
TXN0002703,16-11-2023,ITM0337,OUT009,CUS00056,20,3228.56,1.7
TXN0008706,11-09-2018,ITM0121,OUT023,CUS01244,8,,4.3
TXN0009319,20-10-2022,ITM0385,OUT023,CUS01423,18,3560.82,2.0
TXN0003988,14-05-2022,ITM0084,OUT014,CUS00143,6,104.25,3.8
TXN0003964,05-07-2020,ITM0194,OUT044,CUS01590,2,2056.41,2.7
TXN0002756,30-01-2023,ITM0030,OUT049,CUS01048,4,2617.26,2.9
TXN0001420,13-07-2023,ITM0149,OUT005,CUS00895,18,4832.98,1.6
TXN0001253,05-09-2022,ITM0253,OUT041,CUS00306,11,1073.90,3.1
TXN0005945,06-03-2021,ITM0163,OUT047,CUS00556,17,1415.24,4.0
TXN0001795,21-11-2021,ITM0261,OUT036,CUS01605,9,2834.25,1.2
TXN0003584,05-01-2019,ITM0406,OUT034,CUS01919,13,3619.55,2.9
TXN0007400,25-10-2019,ITM0082,OUT014,CUS01364,1,,2.5
TXN0002683,12-09-2023,ITM0166,OUT044,CUS01018,16,1775.93,2.7
TXN0000173,03-12-2020,ITM0101,OUT013,CUS02000,10,2959.60,
TXN0009681,02-11-2022,ITM0355,OUT010,CUS01348,6,,2.6
TXN0006994,09-08-2018,ITM0299,OUT040,CUS01662,2,585.47,3.3
TXN0004126,24-07-2023,ITM0492,OUT015,CUS01353,16,1267.61,4.6
TXN0004739,21-05-2020,ITM0190,OUT002,CUS01736,13,4549.50,3.2
TXN0006454,07-11-2022,ITM0037,OUT026,CUS00174,4,1522.47,4.6
TXN0000059,31-01-2022,ITM0171,OUT050,CUS00665,,4805.00,4.3
TXN0006531,21-12-2019,ITM0374,OUT011,CUS00139,8,,3.7
TXN0009659,06-11-2020,ITM0201,OUT041,CUS01017,17,4655.52,4.2
TXN0001622,25-12-2023,ITM0379,OUT039,CUS01452,20,4587.61,1.7
TXN0008729,20-10-2020,ITM0412,OUT015,CUS00910,19,4834.60,2.2
TXN0006518,16-05-2023,ITM0173,OUT002,CUS00923,16,1927.55,
TXN0000929,12-09-2022,ITM0182,OUT031,CUS00468,16,4805.43,2.1
TXN0007806,14-02-2020,ITM0077,OUT046,CUS00208,,1190.74,3.8
TXN0007316,26-02-2023,ITM0227,OUT046,CUS00182,18,4282.07,3.5
TXN0002691,03-02-2021,ITM0444,OUT015,CUS00679,17,1854.82,4.9
TXN0001893,02-08-2022,ITM0066,OUT029,CUS00825,19,1931.43,1.6
TXN0000050,28-11-2018,ITM0292,OUT009,CUS00409,,,4.3
TXN0004647,18-10-2018,ITM0132,OUT019,CUS01735,1,4864.25,2.9
TXN0003512,09-11-2018,ITM0039,OUT007,CUS01032,15,2374.71,2.5
TXN0007957,30-05-2019,ITM0118,OUT050,CUS01592,3,1295.78,
TXN0008226,02-08-2018,ITM0016,OUT035,CUS01310,14,881.67,2.6
TXN0004090,16-04-2020,ITM0438,OUT023,CUS01870,13,421.08,2.2
TXN0008401,11-03-2020,ITM0101,OUT008,CUS00582,3,3935.40,2.6
TXN0004706,09-06-2021,ITM0319,OUT035,CUS01198,15,2287.88,4.2
TXN0007723,26-03-2018,ITM0375,OUT013,CUS00302,16,2299.42,3.7
TXN0005499,22-10-2019,ITM0070,OUT019,CUS01879,10,258.46,2.3
TXN0004516,05-11-2018,ITM0344,OUT018,CUS01075,8,559.63,2.1
TXN0001024,,ITM0059,OUT040,CUS00622,18,1773.88,4.8
TXN0003025,04-10-2021,ITM0010,OUT007,CUS01070,1,2297.34,4.3
TXN0010321,18-03-2021,ITM0033,OUT026,CUS01633,7,4176.82,1.3
TXN0007257,09-02-2018,ITM0087,OUT032,CUS01263,5,2680.36,3.4
TXN0008730,02-06-2019,ITM0352,OUT010,CUS01943,7,2521.45,3.9
TXN0005620,22-03-2023,ITM0129,OUT039,CUS00285,18,1316.96,1.8
TXN0009127,04-07-2019,ITM0148,OUT033,CUS00334,2,2123.71,
TXN0008767,01-09-2019,ITM0324,OUT010,CUS00880,18,3558.76,5.0
TXN0002271,14-02-2018,ITM0456,OUT022,CUS00645,16,3430.58,1.0
TXN0000239,26-03-2018,ITM0203,OUT002,CUS01529,4,3775.18,4.3
TXN0007995,24-03-2022,ITM0198,OUT047,CUS00199,18,2108.01,3.9
TXN0002773,06-10-2019,ITM0073,OUT021,CUS01708,9,3533.49,1.3
TXN0003211,23-01-2018,ITM0322,OUT004,CUS00106,6,420.34,1.8
TXN0004193,05-08-2022,ITM0212,OUT038,CUS00711,3,3317.24,1.6
TXN0007593,16-04-2023,ITM0464,OUT031,CUS00364,8,2322.07,3.9
TXN0005910,18-02-2021,ITM0039,OUT049,CUS01077,1,1740.25,4.9
TXN0009326,11-01-2019,ITM0376,OUT025,CUS00722,4,2443.50,1.4
TXN0008882,11-12-2020,ITM0116,OUT025,CUS01790,3,1263.70,2.3
TXN0004514,07-04-2021,ITM0173,OUT036,CUS01566,10,4979.17,
TXN0002500,19-06-2020,ITM0144,OUT006,CUS00730,3,1968.38,1.3
TXN0010110,11-08-2020,ITM0137,OUT009,CUS00399,,903.35,3.0
TXN0008743,09-08-2018,ITM0094,OUT015,CUS01708,6,722.77,3.4
TXN0003811,21-10-2022,ITM0377,OUT023,CUS01980,12,3734.40,1.3
TXN0010434,05-12-2018,ITM0096,OUT045,CUS01865,7,4174.27,
TXN0002203,,ITM0377,OUT014,CUS01413,12,191.27,3.9
TXN0007347,27-11-2018,ITM0440,OUT014,CUS01501,2,3804.33,1.0
TXN0004007,13-09-2022,ITM0057,OUT041,CUS01386,6,1961.54,1.1
TXN0004991,01-04-2021,ITM0181,OUT003,CUS01146,7,692.89,2.1
TXN0003094,23-03-2023,ITM0023,OUT026,CUS00858,11,4123.96,4.1
TXN0000742,13-01-2023,ITM0280,OUT027,CUS01620,11,,1.5
TXN0008268,07-11-2022,ITM0236,OUT011,CUS00658,5,1646.65,2.7
TXN0001787,12-11-2018,ITM0346,OUT017,CUS01850,,1606.02,2.0
TXN0007030,07-05-2019,ITM0363,OUT037,CUS00141,10,978.32,1.7
TXN0003647,05-09-2023,ITM0228,OUT007,CUS00003,17,4769.98,3.1
TXN0009625,19-01-2020,ITM0024,OUT047,CUS00566,10,4977.61,3.3
TXN0006143,24-12-2021,ITM0280,OUT050,CUS01129,9,2093.26,3.9
TXN0007617,29-08-2021,ITM0005,OUT034,CUS01713,5,,1.5
TXN0002103,27-08-2020,ITM0332,OUT017,CUS00867,17,3084.58,3.4
TXN0002191,08-05-2018,ITM0105,OUT046,CUS00820,1,2631.17,2.1
TXN0000428,24-06-2019,ITM0210,OUT007,CUS01918,17,4397.94,
TXN0008065,15-12-2022,ITM0253,OUT028,CUS01188,10,1577.90,2.1
TXN0001309,15-11-2020,ITM0137,OUT017,CUS00548,2,1236.07,3.1
TXN0005420,30-01-2019,ITM0044,OUT031,CUS00624,16,4936.82,4.9
TXN0000422,,ITM0003,OUT005,CUS00594,,3019.58,1.6
TXN0004054,27-04-2019,ITM0125,OUT045,CUS01313,19,1819.07,4.0
TXN0008212,15-11-2020,ITM0368,OUT001,CUS01523,7,1792.43,3.6
TXN0004430,17-12-2022,ITM0010,OUT047,CUS00547,8,2736.65,4.4
TXN0002964,29-09-2023,ITM0425,OUT040,CUS01198,4,,3.3
TXN0008723,08-12-2020,ITM0145,OUT003,CUS01632,8,646.16,
TXN0008117,15-05-2023,ITM0038,OUT043,CUS01105,1,791.02,1.6
TXN0001926,06-06-2020,ITM0188,OUT042,CUS00035,9,2004.92,4.4
TXN0002742,08-02-2022,ITM0040,OUT035,CUS00326,7,2519.57,4.7
TXN0004860,28-07-2019,ITM0300,OUT012,CUS00098,5,2145.14,2.8
TXN0004568,,ITM0483,OUT005,CUS00436,10,2598.29,2.8
TXN0007979,31-01-2023,ITM0293,OUT007,CUS00237,15,2411.01,4.3
TXN0010135,21-04-2018,ITM0498,OUT022,CUS00209,14,4023.12,1.0
TXN0005815,11-02-2020,ITM0478,OUT028,CUS01805,1,,3.2
TXN0007514,04-07-2021,ITM0136,OUT046,CUS01345,4,1767.66,4.2
TXN0007561,15-10-2023,ITM0275,OUT014,CUS00199,3,680.94,2.3
TXN0001874,02-08-2022,ITM0284,OUT029,CUS01601,1,3033.99,3.1
TXN0006677,15-03-2022,ITM0277,OUT022,CUS00589,3,830.07,2.8
TXN0003233,17-06-2020,ITM0340,OUT026,CUS00237,5,1022.88,3.1
TXN0008912,07-04-2019,ITM0315,OUT026,CUS00566,13,2403.20,2.8
TXN0005743,21-08-2021,ITM0403,OUT019,CUS01115,12,3610.24,4.4
TXN0006296,05-06-2019,ITM0287,OUT001,CUS00522,17,4444.63,1.3
TXN0003981,13-12-2021,ITM0324,OUT004,CUS01625,4,1986.01,3.5
TXN0001356,23-07-2022,ITM0318,OUT028,CUS00196,4,1815.63,2.9
TXN0007778,21-02-2023,ITM0248,OUT002,CUS01200,18,513.02,2.5
TXN0007790,01-06-2018,ITM0050,OUT009,CUS00282,3,2488.44,4.8
TXN0008133,23-09-2020,ITM0322,OUT014,CUS00870,9,750.82,1.3
TXN0010142,09-06-2022,ITM0070,OUT014,CUS00005,17,1321.68,4.7
TXN0004777,13-04-2019,ITM0297,OUT027,CUS01999,18,2543.65,1.5
TXN0001262,26-07-2023,ITM0272,OUT034,CUS01038,3,1827.84,3.2
TXN0003805,30-10-2019,ITM0113,OUT024,CUS01054,4,1820.24,3.9
TXN0006919,13-02-2023,ITM0221,OUT003,CUS00638,19,1947.68,1.3
TXN0006923,26-08-2021,ITM0112,OUT048,CUS01218,6,1231.88,2.0
TXN0004641,30-06-2023,ITM0433,OUT006,CUS00754,14,622.21,2.4
TXN0003110,12-08-2020,ITM0215,OUT050,CUS01893,20,,1.7
TXN0000642,21-09-2021,ITM0031,OUT035,CUS01798,2,1465.95,3.1
TXN0009751,24-10-2018,ITM0019,OUT050,CUS01407,15,,1.0
TXN0006214,10-10-2023,ITM0340,OUT027,CUS01328,3,1369.75,2.7
TXN0000067,19-02-2018,ITM0220,OUT003,CUS01038,20,1024.28,2.4
TXN0007140,14-11-2023,ITM0302,OUT046,CUS00022,4,669.05,1.4
TXN0000621,12-04-2019,ITM0219,OUT014,CUS00687,8,1960.05,1.1
TXN0009777,02-02-2018,ITM0490,OUT041,CUS01172,20,480.94,
TXN0006368,30-04-2020,ITM0297,OUT030,CUS01777,19,944.53,1.5
TXN0000512,15-12-2020,ITM0205,OUT006,CUS00310,8,2756.97,4.4
TXN0009493,18-09-2023,ITM0060,OUT036,CUS01893,11,1862.93,3.3
TXN0008113,26-02-2018,ITM0067,OUT003,CUS00609,15,,2.0
TXN0008463,04-06-2021,ITM0398,OUT050,CUS00819,10,4825.93,1.8
TXN0002168,24-11-2021,ITM0240,OUT027,CUS00541,4,2951.50,3.7
TXN0000287,24-01-2021,ITM0330,OUT047,CUS00033,5,4317.52,1.4
TXN0001446,06-05-2018,ITM0325,OUT007,CUS00713,16,2498.17,2.2
TXN0001817,27-04-2023,ITM0267,OUT049,CUS01167,17,2964.34,3.6
TXN0006272,17-06-2020,ITM0334,OUT046,CUS01747,9,3968.38,4.1
TXN0007194,10-09-2019,ITM0459,OUT003,CUS00892,3,1318.98,3.9
TXN0000205,,ITM0310,OUT011,CUS01358,17,543.02,1.1
TXN0006916,30-11-2020,ITM0492,OUT046,CUS00442,15,1922.07,2.7
TXN0009558,03-12-2022,ITM0314,OUT039,CUS01087,17,1183.57,
TXN0003609,18-01-2020,ITM0259,OUT045,CUS01709,8,2172.18,1.7
TXN0008016,26-11-2019,ITM0473,OUT040,CUS01210,12,3251.14,
TXN0000878,03-06-2023,ITM0248,OUT027,CUS01340,16,2183.10,2.5
TXN0001492,29-08-2018,ITM0063,OUT034,CUS01197,9,2365.62,2.9
TXN0004726,12-12-2018,ITM0062,OUT036,CUS00673,17,444.50,3.8
TXN0004599,14-09-2020,ITM0428,OUT016,CUS00383,5,74.00,2.7
TXN0004398,04-05-2018,ITM0082,OUT050,CUS00518,3,,4.0
TXN0007159,19-08-2023,ITM0044,OUT014,CUS00401,6,24.75,2.6
TXN0007186,21-09-2023,ITM0143,OUT008,CUS00738,20,4039.33,4.1
TXN0007113,27-11-2018,ITM0496,OUT008,CUS00288,9,4838.97,4.2
TXN0009782,22-12-2020,ITM0424,OUT012,CUS01229,5,1926.36,2.6
TXN0006698,21-06-2021,ITM0372,OUT033,CUS00011,7,4528.34,1.6
TXN0003523,21-12-2019,ITM0397,OUT026,CUS01823,20,996.60,1.1
TXN0002577,17-07-2023,ITM0189,OUT034,CUS00821,1,2730.31,4.7
TXN0005581,15-07-2018,ITM0453,OUT028,CUS01280,15,915.24,
TXN0003482,10-06-2023,ITM0178,OUT024,CUS01698,3,3216.50,3.5
TXN0010471,30-04-2020,ITM0221,OUT025,CUS01427,7,2109.46,1.0
TXN0009423,27-09-2020,ITM0088,OUT008,CUS00059,,4633.27,1.4
TXN0004662,20-03-2022,ITM0417,OUT041,CUS00038,14,1775.38,4.1
TXN0004595,22-06-2023,ITM0334,OUT013,CUS01494,8,2101.84,1.8
TXN0008191,17-07-2019,ITM0012,OUT009,CUS00548,6,4668.19,3.4
TXN0003165,03-12-2021,ITM0119,OUT018,CUS01489,12,1092.47,2.2
TXN0001302,30-03-2023,ITM0326,OUT045,CUS01110,4,154.68,2.7
TXN0008205,13-06-2021,ITM0035,OUT030,CUS00898,2,1571.09,2.1
TXN0004117,13-01-2020,ITM0164,OUT013,CUS00261,20,1357.11,3.6
TXN0005664,26-07-2018,ITM0197,OUT023,CUS01896,12,2783.05,3.6
TXN0008047,15-02-2021,ITM0396,OUT045,CUS00683,3,4869.65,4.8
TXN0006073,02-04-2021,ITM0122,OUT008,CUS00548,7,3713.25,3.8
TXN0003937,28-06-2018,ITM0431,OUT028,CUS01695,4,2296.27,4.5
TXN0000471,07-02-2018,ITM0460,OUT025,CUS00118,15,4000.48,2.3
TXN0005516,29-04-2022,ITM0172,OUT006,CUS00815,2,2760.44,3.9
TXN0006465,05-11-2023,ITM0249,OUT028,CUS01054,2,1659.93,
TXN0004121,19-01-2018,ITM0205,OUT016,CUS00629,2,4652.15,1.1
TXN0004084,28-08-2018,ITM0418,OUT004,CUS01242,1,2875.55,1.6
TXN0007443,27-09-2022,ITM0083,OUT037,CUS00595,2,2077.67,3.7
TXN0003169,28-11-2021,ITM0282,OUT009,CUS01492,2,867.77,
TXN0005524,20-01-2018,ITM0498,OUT010,CUS00072,4,1958.25,4.3
TXN0002437,16-01-2020,ITM0286,OUT028,CUS01235,10,3707.88,1.0
TXN0003920,15-07-2018,ITM0472,OUT045,CUS00173,8,,
TXN0005461,29-07-2022,ITM0377,OUT018,CUS00973,3,1793.47,4.8
TXN0001257,20-04-2023,ITM0191,OUT050,CUS01537,5,1573.90,2.6
TXN0008270,28-07-2020,ITM0323,OUT047,CUS00518,3,1119.99,4.5
TXN0002721,15-08-2022,ITM0155,OUT017,CUS00625,14,1162.35,4.3
TXN0001971,17-05-2018,ITM0482,OUT050,CUS01551,19,2793.00,4.5
TXN0006711,08-12-2023,ITM0102,OUT017,CUS00949,20,2547.76,3.8
TXN0003978,28-11-2022,ITM0039,OUT050,CUS00568,12,4535.04,3.4
TXN0010125,11-09-2020,ITM0008,OUT031,CUS01781,,2462.64,4.8
TXN0009444,09-03-2020,ITM0021,OUT021,CUS01834,8,181.74,2.6
TXN0004110,15-07-2018,ITM0009,OUT032,CUS01659,3,852.41,2.7
TXN0006528,05-08-2023,ITM0314,OUT047,CUS00305,7,2616.82,1.1
TXN0005344,06-09-2019,ITM0338,OUT032,CUS00448,6,605.26,2.7
TXN0000886,07-08-2020,ITM0319,OUT041,CUS00170,1,1002.94,3.0
TXN0007662,11-12-2018,ITM0024,OUT015,CUS01619,18,4124.82,4.3
TXN0001890,05-09-2022,ITM0225,OUT004,CUS01157,19,2484.12,1.0
TXN0008520,22-06-2018,ITM0035,OUT007,CUS00548,18,,1.1
TXN0006576,08-09-2018,ITM0024,OUT018,CUS01716,18,76.08,1.4
TXN0002399,30-08-2022,ITM0200,OUT045,CUS01943,17,2871.47,1.8
TXN0004619,29-04-2021,ITM0449,OUT018,CUS00774,4,2282.27,4.6
TXN0004639,28-05-2018,ITM0436,OUT008,CUS00986,6,1832.03,3.5
TXN0003692,07-11-2020,ITM0466,OUT021,CUS00112,12,2375.82,2.4
TXN0005249,09-08-2023,ITM0437,OUT040,CUS01942,6,3180.13,4.1
TXN0002422,,ITM0395,OUT009,CUS01303,10,1089.33,4.9
TXN0010375,18-10-2018,ITM0331,OUT033,CUS01853,14,1501.02,2.0
TXN0004485,19-02-2021,ITM0081,OUT016,CUS01583,17,3341.96,1.3
TXN0002161,12-03-2019,ITM0226,OUT039,CUS00099,10,2568.16,
TXN0000052,03-07-2021,ITM0212,OUT038,CUS01138,19,2813.25,3.6
TXN0009560,27-03-2023,ITM0396,OUT050,CUS01140,9,,1.6
TXN0001922,05-10-2023,ITM0033,OUT015,CUS00345,15,4128.37,3.9
TXN0008985,16-10-2018,ITM0268,OUT049,CUS01743,7,4535.13,2.3
TXN0004955,29-10-2023,ITM0164,OUT035,CUS01046,16,1542.84,3.1
TXN0003502,11-04-2021,ITM0413,OUT002,CUS00527,6,,1.2
TXN0002406,12-01-2020,ITM0359,OUT030,CUS00553,7,1451.99,1.4
TXN0007850,20-10-2023,ITM0196,OUT027,CUS00611,,3686.34,1.6
TXN0007175,21-09-2023,ITM0243,OUT011,CUS01646,12,3838.90,3.4
TXN0007146,19-11-2019,ITM0398,OUT019,CUS00723,8,3546.24,2.6
TXN0006343,05-08-2019,ITM0198,OUT020,CUS00343,9,2734.21,
TXN0003197,03-10-2020,ITM0264,OUT047,CUS00255,1,1286.26,1.6
TXN0010093,24-10-2021,ITM0080,OUT048,CUS00020,16,4170.87,2.0
TXN0006784,14-12-2018,ITM0229,OUT040,CUS01685,7,4385.45,2.4
TXN0000291,21-09-2021,ITM0178,OUT037,CUS00037,10,544.84,3.5
TXN0008040,29-12-2022,ITM0072,OUT014,CUS00065,20,4731.79,4.3
TXN0002503,21-05-2022,ITM0031,OUT004,CUS01691,19,157.12,3.4
TXN0008766,05-03-2023,ITM0419,OUT018,CUS00616,18,334.46,
TXN0005937,09-04-2023,ITM0077,OUT050,CUS01330,5,,4.3
TXN0004044,28-02-2021,ITM0466,OUT045,CUS01179,12,707.06,2.8
TXN0000307,03-07-2022,ITM0366,OUT047,CUS01315,17,264.28,4.3
TXN0004959,,ITM0017,OUT042,CUS00126,,2504.05,4.2
TXN0000751,25-01-2020,ITM0427,OUT032,CUS01777,14,1620.13,4.4
TXN0006607,10-02-2023,ITM0298,OUT010,CUS00935,,1633.00,2.2
TXN0007294,22-04-2020,ITM0277,OUT046,CUS01128,1,3317.96,1.3
TXN0000746,08-08-2018,ITM0256,OUT005,CUS00873,16,1965.90,1.5
TXN0001368,25-06-2020,ITM0004,OUT021,CUS00988,12,959.90,1.9
TXN0007883,20-03-2022,ITM0120,OUT047,CUS01131,13,3294.12,4.1
TXN0000703,07-07-2023,ITM0073,OUT016,CUS01346,12,3106.00,4.2
TXN0001894,05-06-2022,ITM0328,OUT038,CUS01929,10,869.35,3.3
TXN0002467,,ITM0291,OUT012,CUS01349,16,3881.67,1.0
TXN0005826,31-12-2021,ITM0014,OUT037,CUS00887,7,2815.27,2.3
TXN0004001,23-12-2022,ITM0478,OUT029,CUS01336,18,3952.59,3.0
TXN0005730,02-05-2020,ITM0162,OUT038,CUS00946,20,4115.79,2.8
TXN0005073,04-03-2023,ITM0129,OUT023,CUS01593,5,1094.83,3.5
TXN0002790,07-01-2022,ITM0308,OUT029,CUS01804,,2731.34,
TXN0010364,28-12-2021,ITM0088,OUT004,CUS01914,1,382.66,4.6
TXN0007579,19-07-2020,ITM0481,OUT011,CUS00501,4,598.10,3.1
TXN0007265,10-05-2023,ITM0264,OUT021,CUS00654,11,4000.04,3.4
TXN0006485,29-03-2019,ITM0310,OUT018,CUS01881,5,4792.56,2.0
TXN0004575,18-06-2019,ITM0156,OUT029,CUS01237,6,2488.99,4.7
TXN0007781,22-05-2023,ITM0089,OUT036,CUS01384,12,229.73,
TXN0002037,29-12-2022,ITM0448,OUT001,CUS00201,10,1073.42,
TXN0008126,24-06-2023,ITM0253,OUT001,CUS00465,3,4651.30,1.3
TXN0006258,06-10-2021,ITM0282,OUT038,CUS01984,15,4983.70,4.7
TXN0008089,25-02-2018,ITM0051,OUT041,CUS00607,5,1076.82,3.0
TXN0002741,29-04-2023,ITM0382,OUT045,CUS01120,9,4968.70,2.8
TXN0007227,30-06-2023,ITM0197,OUT013,CUS01839,1,3158.30,
TXN0010415,05-12-2021,ITM0285,OUT017,CUS00662,3,675.76,2.6
TXN0006265,01-09-2022,ITM0303,OUT011,CUS01800,16,1315.31,4.5
TXN0007309,09-05-2020,ITM0404,OUT045,CUS01146,10,4983.53,1.0
TXN0000206,10-02-2018,ITM0149,OUT036,CUS01233,,1640.07,1.6
TXN0001016,28-01-2018,ITM0370,OUT030,CUS01987,19,884.29,3.3
TXN0000497,12-01-2021,ITM0252,OUT020,CUS01044,1,2637.87,2.4
TXN0000019,26-10-2018,ITM0199,OUT016,CUS01694,2,4489.72,1.2
TXN0003587,04-06-2023,ITM0340,OUT016,CUS00396,13,48.69,
TXN0004178,01-09-2018,ITM0106,OUT022,CUS01282,16,,
TXN0000996,04-12-2020,ITM0470,OUT039,CUS00800,15,3509.46,1.8
TXN0006654,06-12-2021,ITM0364,OUT033,CUS00190,1,1357.47,2.7
TXN0008765,15-08-2023,ITM0167,OUT048,CUS01351,8,1570.32,2.8
TXN0004368,04-03-2021,ITM0277,OUT008,CUS00104,3,2566.91,2.4
TXN0004774,,ITM0317,OUT019,CUS00014,10,1053.10,
TXN0000508,20-08-2018,ITM0278,OUT041,CUS01307,15,189.20,2.3
TXN0010008,04-11-2018,ITM0128,OUT047,CUS01332,17,1130.02,4.1
TXN0006464,18-05-2020,ITM0068,OUT009,CUS00427,2,4335.14,2.9
TXN0010299,15-08-2021,ITM0425,OUT033,CUS01640,15,321.89,4.5
TXN0005869,12-07-2020,ITM0388,OUT006,CUS01176,15,1523.66,3.2
TXN0007224,03-12-2022,ITM0341,OUT006,CUS00032,7,1998.11,5.0
TXN0005484,28-02-2021,ITM0023,OUT040,CUS01710,15,1008.91,1.4
TXN0005721,09-11-2020,ITM0032,OUT034,CUS00928,19,2894.43,3.6
TXN0010342,16-01-2022,ITM0027,OUT007,CUS01979,9,3975.85,2.3
TXN0006580,31-01-2022,ITM0359,OUT006,CUS01345,13,152.24,1.3
TXN0005178,07-11-2021,ITM0355,OUT041,CUS00106,17,4714.11,4.9
TXN0004242,05-09-2020,ITM0089,OUT042,CUS01038,4,944.84,4.1
TXN0008958,22-02-2020,ITM0154,OUT018,CUS01588,19,1113.37,
TXN0007684,20-07-2018,ITM0082,OUT010,CUS01644,2,2171.32,3.0
TXN0001524,21-01-2022,ITM0331,OUT034,CUS00885,,3464.78,4.3
TXN0007813,05-02-2022,ITM0123,OUT025,CUS01122,2,,2.7
TXN0005751,24-07-2022,ITM0343,OUT006,CUS01564,5,,3.0
TXN0002547,15-01-2022,ITM0022,OUT017,CUS01424,7,784.32,4.4
TXN0006741,21-09-2019,ITM0321,OUT032,CUS00357,5,2495.78,4.7
TXN0010178,01-05-2022,ITM0241,OUT041,CUS01597,17,4665.03,2.9
TXN0005195,13-09-2019,ITM0057,OUT005,CUS00501,5,4136.02,1.4
TXN0003292,04-04-2018,ITM0246,OUT016,CUS00755,,327.57,3.8
TXN0005165,06-04-2020,ITM0169,OUT021,CUS00417,1,992.31,1.2
TXN0002285,05-01-2023,ITM0267,OUT028,CUS01723,17,2024.37,2.6
TXN0004294,04-11-2021,ITM0332,OUT020,CUS01716,19,4085.27,3.1
TXN0005437,12-12-2019,ITM0308,OUT029,CUS00195,14,3676.77,2.0
TXN0002331,15-04-2018,ITM0336,OUT007,CUS00935,2,2523.88,4.3
TXN0009917,06-01-2021,ITM0064,OUT038,CUS01212,19,169.07,2.1
TXN0003154,04-07-2019,ITM0312,OUT011,CUS01451,10,4357.22,1.5
TXN0005496,14-06-2022,ITM0368,OUT014,CUS00690,3,3727.91,
TXN0001981,10-10-2018,ITM0305,OUT016,CUS01004,7,3595.98,3.4
TXN0008256,04-12-2021,ITM0159,OUT030,CUS00978,5,4562.42,3.5
TXN0007604,06-12-2021,ITM0280,OUT016,CUS00457,19,1734.87,4.5
TXN0009915,14-04-2018,ITM0215,OUT049,CUS01022,11,1401.81,3.1
TXN0008395,20-11-2020,ITM0024,OUT003,CUS01811,16,4319.00,1.6
TXN0003983,,ITM0166,OUT032,CUS00636,20,1316.80,1.4
TXN0005424,13-04-2018,ITM0269,OUT022,CUS00071,8,2086.95,4.3
TXN0005095,03-11-2023,ITM0293,OUT042,CUS00816,6,4012.95,4.0
TXN0005295,27-03-2020,ITM0410,OUT034,CUS00067,7,609.70,4.1
TXN0005091,26-03-2020,ITM0474,OUT048,CUS00058,11,3515.04,3.4
TXN0000028,10-08-2023,ITM0264,OUT004,CUS01458,19,160.12,3.3
TXN0009872,15-05-2018,ITM0472,OUT020,CUS01519,18,365.24,4.7
TXN0009630,24-03-2018,ITM0153,OUT020,CUS00667,7,4207.35,2.6
TXN0002154,,ITM0343,OUT049,CUS01004,18,3083.28,4.5
TXN0003479,31-12-2020,ITM0370,OUT017,CUS01782,5,73.78,4.9
TXN0001894,05-06-2022,ITM0328,OUT038,CUS01929,10,869.35,3.3
TXN0010489,12-11-2019,ITM0191,OUT050,CUS00228,19,4261.84,2.3
TXN0008179,20-11-2019,ITM0271,OUT028,CUS01652,1,1428.79,1.5
TXN0010028,25-10-2018,ITM0287,OUT020,CUS00269,13,1519.47,
TXN0009690,06-01-2021,ITM0122,OUT027,CUS00197,2,2802.03,3.9
TXN0008431,08-05-2018,ITM0012,OUT011,CUS01028,1,261.46,4.7
TXN0008390,27-05-2023,ITM0091,OUT017,CUS01514,10,1454.62,2.0
TXN0000772,29-01-2019,ITM0003,OUT003,CUS01561,19,4199.14,2.8
TXN0001832,03-03-2022,ITM0164,OUT047,CUS00022,16,3578.49,3.9
TXN0000860,12-07-2023,ITM0293,OUT022,CUS00086,17,3350.51,2.2
TXN0002656,04-03-2021,ITM0140,OUT008,CUS01459,3,125.34,4.2
TXN0009201,21-06-2019,ITM0090,OUT009,CUS01692,9,1283.68,3.5
TXN0006481,10-09-2018,ITM0070,OUT035,CUS01903,15,334.37,1.7
TXN0005998,27-05-2022,ITM0172,OUT043,CUS01071,20,3008.49,4.2
TXN0000570,29-12-2018,ITM0113,OUT039,CUS00228,2,3105.91,3.7
TXN0005172,19-11-2018,ITM0238,OUT023,CUS01357,4,300.30,2.2
TXN0009878,07-12-2022,ITM0173,OUT042,CUS01178,16,1889.81,1.8
TXN0000793,04-04-2021,ITM0126,OUT022,CUS01954,6,3614.53,4.2
TXN0004476,11-07-2022,ITM0224,OUT045,CUS00124,13,4859.05,4.8
TXN0007920,10-08-2022,ITM0277,OUT044,CUS01650,8,2851.44,3.3
TXN0009478,04-11-2023,ITM0008,OUT036,CUS00968,10,2994.79,1.7
TXN0010184,08-09-2019,ITM0025,OUT034,CUS00396,5,2851.46,1.8
TXN0005836,25-02-2021,ITM0104,OUT002,CUS00102,20,4517.37,1.5
TXN0007487,11-09-2022,ITM0020,OUT024,CUS00095,9,4524.67,3.9
TXN0005942,17-12-2021,ITM0125,OUT032,CUS01098,6,4534.27,3.6
TXN0000306,29-06-2018,ITM0096,OUT016,CUS01768,1,916.91,3.6
TXN0000963,22-07-2023,ITM0247,OUT044,CUS00315,1,3440.69,4.4
TXN0007385,,ITM0113,OUT013,CUS00877,16,3145.85,5.0
TXN0010368,05-08-2023,ITM0400,OUT038,CUS00567,13,1819.62,3.5
TXN0002442,22-07-2018,ITM0431,OUT019,CUS01726,11,3697.45,2.0
TXN0004867,20-08-2021,ITM0433,OUT018,CUS00944,,254.52,
TXN0009244,14-12-2019,ITM0345,OUT036,CUS01671,9,2330.61,4.6
TXN0004003,29-08-2021,ITM0456,OUT031,CUS00797,17,2863.35,1.4
TXN0007171,25-11-2023,ITM0169,OUT008,CUS00128,2,1968.79,2.8
TXN0008292,24-04-2018,ITM0296,OUT021,CUS00326,4,3675.75,1.0
TXN0000472,12-10-2018,ITM0126,OUT014,CUS01380,5,1016.68,3.9
TXN0002464,23-09-2023,ITM0356,OUT015,CUS00392,4,3458.92,4.2
TXN0002502,03-09-2022,ITM0243,OUT013,CUS00124,13,1515.65,3.8
TXN0003427,,ITM0223,OUT028,CUS00906,2,4506.46,2.3
TXN0003541,01-02-2022,ITM0316,OUT015,CUS00612,6,2736.50,1.9
TXN0009041,28-11-2023,ITM0374,OUT048,CUS00495,4,1255.97,4.0
TXN0003038,20-04-2023,ITM0279,OUT048,CUS01951,18,1695.85,2.1
TXN0006752,11-08-2020,ITM0029,OUT022,CUS01770,1,,4.9
TXN0004699,26-05-2022,ITM0256,OUT049,CUS01007,1,4106.26,3.7
TXN0007166,10-09-2020,ITM0224,OUT009,CUS01501,11,,1.9
TXN0006894,04-09-2020,ITM0496,OUT034,CUS01453,13,3282.69,2.6
TXN0006154,08-04-2020,ITM0382,OUT019,CUS00260,20,2047.99,3.3
TXN0008249,08-08-2021,ITM0229,OUT011,CUS01284,3,3204.95,4.0
TXN0002593,21-01-2021,ITM0014,OUT003,CUS01628,,3350.52,4.6
TXN0000632,01-06-2020,ITM0337,OUT024,CUS01846,1,1294.43,3.3
TXN0006838,07-12-2018,ITM0119,OUT027,CUS00250,2,2162.71,3.7
TXN0008264,23-07-2018,ITM0137,OUT015,CUS00047,3,1787.45,2.9
TXN0007554,04-04-2018,ITM0481,OUT022,CUS01257,19,4280.92,2.7
TXN0008998,01-08-2020,ITM0476,OUT008,CUS00840,5,4421.91,3.8
TXN0006396,27-08-2023,ITM0003,OUT007,CUS00536,14,2186.85,1.6
TXN0005051,21-07-2022,ITM0356,OUT033,CUS00703,14,1753.11,1.1
TXN0007024,03-12-2018,ITM0039,OUT014,CUS00621,7,3864.94,1.1
TXN0001186,15-01-2018,ITM0224,OUT012,CUS00814,20,4296.93,4.1
TXN0009727,09-03-2021,ITM0370,OUT031,CUS00816,3,182.75,4.8
TXN0001572,29-07-2020,ITM0279,OUT016,CUS01116,1,3339.43,1.9
TXN0002638,06-04-2021,ITM0350,OUT002,CUS00992,8,4245.03,1.0
TXN0000476,03-05-2021,ITM0389,OUT024,CUS01037,6,3642.34,3.7
TXN0010237,10-08-2020,ITM0172,OUT037,CUS01545,13,1520.61,1.5
TXN0001861,15-06-2018,ITM0225,OUT015,CUS00778,11,,1.0
TXN0010283,30-06-2020,ITM0215,OUT011,CUS01697,,1682.83,2.2
TXN0009648,28-06-2018,ITM0032,OUT026,CUS01765,16,74.56,4.2
TXN0005929,24-12-2023,ITM0494,OUT005,CUS01250,13,,3.5
TXN0002527,26-01-2019,ITM0096,OUT003,CUS00138,9,3517.38,3.6
TXN0004541,12-10-2020,ITM0298,OUT003,CUS01378,18,1063.12,3.1
TXN0006820,03-03-2022,ITM0177,OUT028,CUS00108,11,,2.8
TXN0004645,27-04-2019,ITM0246,OUT034,CUS01617,7,469.94,2.7
TXN0001573,20-02-2020,ITM0495,OUT032,CUS01234,8,1346.60,3.6
TXN0009282,16-03-2022,ITM0156,OUT006,CUS00935,17,2144.41,
TXN0006743,06-12-2023,ITM0327,OUT001,CUS01341,6,3174.03,3.8
TXN0009137,13-01-2020,ITM0058,OUT008,CUS01446,11,448.82,3.8
TXN0010308,12-06-2022,ITM0271,OUT019,CUS01694,9,4242.14,3.2
TXN0002568,04-03-2018,ITM0239,OUT042,CUS00980,17,586.68,4.3
TXN0007027,17-01-2018,ITM0011,OUT007,CUS01790,1,3055.19,3.7
TXN0005388,30-08-2020,ITM0215,OUT041,CUS01144,14,896.94,3.8
TXN0005908,22-01-2018,ITM0469,OUT012,CUS00777,14,1427.61,2.9
TXN0001557,,ITM0403,OUT041,CUS01888,8,1801.29,2.6
TXN0009495,15-12-2018,ITM0499,OUT025,CUS01388,1,2269.39,1.8
TXN0006096,10-01-2019,ITM0027,OUT001,CUS01511,4,934.07,3.4
TXN0009582,26-07-2021,ITM0289,OUT005,CUS01119,12,4271.21,2.5
TXN0008669,19-09-2022,ITM0201,OUT015,CUS01294,8,1868.02,
TXN0007572,22-04-2022,ITM0020,OUT016,CUS01395,18,2506.14,1.2
TXN0003566,31-12-2019,ITM0285,OUT022,CUS01956,14,4704.46,4.7
TXN0004017,06-01-2018,ITM0240,OUT043,CUS00695,14,1504.73,3.5
TXN0005220,07-10-2020,ITM0321,OUT030,CUS01131,3,1874.16,2.0
TXN0010344,29-12-2018,ITM0105,OUT008,CUS01252,15,453.73,1.2
TXN0000618,30-04-2019,ITM0344,OUT029,CUS01995,16,3078.54,3.5
TXN0000730,29-05-2021,ITM0422,OUT008,CUS01229,6,1815.42,1.6
TXN0010274,27-07-2018,ITM0379,OUT004,CUS01557,5,4992.22,4.9
TXN0003997,17-12-2020,ITM0026,OUT035,CUS00059,15,3727.17,1.5
TXN0008718,11-08-2020,ITM0211,OUT039,CUS01684,5,2525.68,4.6
TXN0001100,22-05-2020,ITM0171,OUT043,CUS00132,19,2085.58,4.9
TXN0004404,24-07-2019,ITM0483,OUT034,CUS01948,14,2268.33,1.6
TXN0004061,22-09-2019,ITM0381,OUT028,CUS00646,17,4168.19,2.4
TXN0007551,19-05-2019,ITM0362,OUT040,CUS00283,1,,2.6
TXN0006445,13-07-2023,ITM0433,OUT004,CUS01184,10,3322.36,2.9
TXN0009978,07-09-2020,ITM0147,OUT018,CUS01219,13,4703.50,
TXN0006767,07-11-2021,ITM0170,OUT017,CUS00440,15,4812.49,3.8
TXN0000274,06-10-2023,ITM0160,OUT030,CUS00531,1,3375.58,
TXN0005372,18-05-2020,ITM0300,OUT044,CUS00875,19,,2.0
TXN0007268,14-08-2018,ITM0021,OUT014,CUS01427,8,1199.59,1.5
TXN0006870,11-01-2023,ITM0255,OUT016,CUS01538,18,1035.79,2.6
TXN0000352,13-03-2022,ITM0173,OUT019,CUS00673,2,4530.28,1.2
TXN0006925,30-10-2022,ITM0022,OUT046,CUS00321,12,2947.15,3.6
TXN0000841,29-01-2021,ITM0225,OUT048,CUS00496,12,50.45,1.3
TXN0008596,24-12-2022,ITM0132,OUT023,CUS01179,20,2864.41,3.4
TXN0006637,31-08-2023,ITM0270,OUT046,CUS00951,4,2913.87,1.3
TXN0008858,22-02-2022,ITM0016,OUT016,CUS01714,17,2330.16,
TXN0007668,01-07-2019,ITM0307,OUT010,CUS00491,19,3938.06,2.7
TXN0003300,11-06-2022,ITM0236,OUT036,CUS00850,7,1061.22,1.7
TXN0006871,22-01-2022,ITM0087,OUT026,CUS00191,9,1688.59,2.8
TXN0010310,06-07-2020,ITM0069,OUT007,CUS00942,17,3654.29,1.1
TXN0004802,04-12-2019,ITM0351,OUT018,CUS00549,1,4090.75,1.1
TXN0005553,17-11-2022,ITM0235,OUT017,CUS00856,13,3223.70,1.5
TXN0008646,27-04-2020,ITM0333,OUT016,CUS00987,14,2743.51,4.9
TXN0007056,16-10-2018,ITM0119,OUT020,CUS01835,12,1445.69,2.1
TXN0008533,,ITM0188,OUT043,CUS00330,16,1984.54,2.6
TXN0002633,22-09-2018,ITM0447,OUT017,CUS01773,7,4470.19,2.0
TXN0009247,17-11-2022,ITM0223,OUT038,CUS01526,4,4671.11,2.0
TXN0008472,30-10-2020,ITM0211,OUT035,CUS00359,12,2281.73,1.1
TXN0005993,21-09-2023,ITM0479,OUT016,CUS01651,3,3964.79,3.9
TXN0001830,16-08-2022,ITM0047,OUT030,CUS00246,6,3025.20,1.6
TXN0004220,29-07-2020,ITM0128,OUT021,CUS01487,9,2561.81,2.5
TXN0001489,26-09-2018,ITM0431,OUT015,CUS00957,15,2785.01,
TXN0007263,27-01-2022,ITM0204,OUT002,CUS00434,15,1289.03,3.7
TXN0004506,14-05-2023,ITM0228,OUT043,CUS01033,11,2721.37,
TXN0000097,08-11-2021,ITM0326,OUT003,CUS01094,16,4704.78,1.6
TXN0004662,20-03-2022,ITM0417,OUT041,CUS00038,14,1775.38,4.1
TXN0005063,18-06-2023,ITM0462,OUT004,CUS01847,1,4634.08,3.3
TXN0000789,20-03-2021,ITM0384,OUT030,CUS01613,9,3253.82,1.6
TXN0001575,20-09-2019,ITM0327,OUT049,CUS01405,7,1209.90,4.7
TXN0005775,18-03-2020,ITM0036,OUT034,CUS00557,2,2704.44,2.5
TXN0005284,30-03-2019,ITM0079,OUT001,CUS00233,4,4797.47,1.5
TXN0004968,23-11-2020,ITM0234,OUT001,CUS00025,10,3348.28,4.7
TXN0001988,30-08-2021,ITM0135,OUT019,CUS00380,2,4757.80,3.2
TXN0003130,04-10-2022,ITM0223,OUT031,CUS00439,,1862.07,2.3
TXN0006968,28-02-2020,ITM0150,OUT019,CUS00630,11,3621.35,2.3
TXN0007494,18-01-2020,ITM0414,OUT039,CUS00168,7,974.03,4.7
TXN0005794,27-03-2019,ITM0195,OUT009,CUS00278,6,2077.87,3.2
TXN0004094,12-01-2023,ITM0404,OUT033,CUS00919,19,,3.4
TXN0009873,13-08-2020,ITM0311,OUT007,CUS00891,19,,3.1
TXN0008500,14-12-2019,ITM0389,OUT038,CUS01944,12,2129.01,
TXN0002011,06-08-2021,ITM0137,OUT048,CUS01126,9,2296.87,3.5
TXN0008620,30-04-2018,ITM0055,OUT012,CUS01627,6,4303.16,3.0
TXN0004873,23-07-2020,ITM0405,OUT047,CUS00915,,4317.05,1.2
TXN0006411,26-10-2019,ITM0207,OUT025,CUS00567,6,,2.0
TXN0003279,04-08-2021,ITM0254,OUT010,CUS00462,10,4099.78,1.7
TXN0006476,03-12-2021,ITM0405,OUT022,CUS00145,19,1757.50,2.6
TXN0001191,22-11-2020,ITM0239,OUT009,CUS01834,8,656.30,1.6
TXN0002750,14-02-2020,ITM0024,OUT008,CUS00713,13,1457.35,4.7
TXN0008156,06-11-2020,ITM0434,OUT026,CUS01208,20,445.28,1.9
TXN0003559,24-12-2023,ITM0104,OUT025,CUS01634,15,4778.45,1.1
TXN0003946,17-05-2021,ITM0304,OUT024,CUS00574,11,4335.60,4.6
TXN0005222,24-03-2021,ITM0137,OUT032,CUS00185,5,4907.71,1.2
TXN0003318,03-04-2019,ITM0388,OUT048,CUS00210,20,1833.05,4.6
TXN0009300,13-10-2023,ITM0289,OUT025,CUS00026,7,82.02,1.2
TXN0003936,01-02-2019,ITM0085,OUT020,CUS01582,19,1149.12,2.3
TXN0008183,12-02-2020,ITM0044,OUT045,CUS01930,17,2019.79,3.6
TXN0002169,19-11-2021,ITM0070,OUT026,CUS00476,7,4320.59,1.3
TXN0001997,17-11-2020,ITM0339,OUT025,CUS01799,7,365.07,4.2
TXN0007272,02-08-2019,ITM0279,OUT025,CUS00683,11,2832.71,4.9
TXN0009150,16-06-2019,ITM0113,OUT040,CUS00696,19,493.60,4.6
TXN0008578,20-04-2018,ITM0478,OUT040,CUS01629,12,635.75,3.6
TXN0007620,17-05-2023,ITM0048,OUT015,CUS00065,14,340.46,2.3
TXN0008805,,ITM0409,OUT004,CUS00128,7,586.14,4.5
TXN0001959,11-10-2022,ITM0473,OUT041,CUS01699,13,4700.14,2.1
TXN0002355,30-11-2022,ITM0394,OUT036,CUS01867,15,2389.12,1.7
TXN0007538,09-09-2021,ITM0490,OUT007,CUS00252,19,1478.27,4.2
TXN0001267,17-12-2021,ITM0437,OUT010,CUS00247,6,,3.9
TXN0006811,25-08-2023,ITM0218,OUT001,CUS01987,4,4678.17,1.5
TXN0005676,28-01-2020,ITM0136,OUT025,CUS01533,16,2340.49,
TXN0000267,05-11-2020,ITM0292,OUT011,CUS01121,3,1587.90,2.6
TXN0003743,03-03-2018,ITM0397,OUT017,CUS00767,2,1825.44,2.0
TXN0000631,11-08-2018,ITM0119,OUT048,CUS00655,1,4333.18,2.7
TXN0005735,25-09-2021,ITM0001,OUT010,CUS01043,5,1020.15,4.7
TXN0000833,05-08-2022,ITM0499,OUT018,CUS01504,9,3199.30,2.1
TXN0007691,10-10-2022,ITM0006,OUT008,CUS01588,8,1747.61,4.4
TXN0007582,30-09-2018,ITM0323,OUT041,CUS00715,4,1819.67,
TXN0005943,07-10-2022,ITM0098,OUT035,CUS01592,11,3201.33,4.1
TXN0003486,07-01-2019,ITM0224,OUT011,CUS00148,14,360.45,2.5
TXN0006328,11-12-2019,ITM0331,OUT047,CUS01883,1,796.74,2.7
TXN0004127,22-05-2020,ITM0089,OUT009,CUS00323,14,1604.11,2.1
TXN0007943,21-06-2019,ITM0027,OUT004,CUS01883,7,611.60,4.1
TXN0005612,21-10-2022,ITM0078,OUT029,CUS00502,20,3713.84,2.4
TXN0003024,13-10-2019,ITM0162,OUT026,CUS00799,14,4160.19,4.6
TXN0009796,24-07-2023,ITM0106,OUT011,CUS00940,7,1320.63,1.1
TXN0002486,11-12-2022,ITM0347,OUT050,CUS00904,8,2058.99,1.9
TXN0004492,10-06-2023,ITM0077,OUT031,CUS01587,11,907.52,3.2
TXN0007041,25-10-2021,ITM0350,OUT045,CUS01734,6,800.69,4.9
TXN0006159,13-07-2020,ITM0170,OUT034,CUS01477,14,2566.16,1.9
TXN0007914,22-11-2020,ITM0425,OUT031,CUS01088,8,177.68,3.9
TXN0000039,23-10-2022,ITM0065,OUT002,CUS01932,3,911.24,
TXN0005109,01-08-2020,ITM0467,OUT017,CUS00562,3,342.80,3.0
TXN0001313,01-05-2018,ITM0093,OUT044,CUS00949,7,2206.43,2.1
TXN0009058,19-05-2018,ITM0093,OUT038,CUS00725,1,1229.83,2.8
TXN0008354,14-10-2020,ITM0165,OUT033,CUS01661,15,3635.93,4.6
TXN0002387,22-04-2023,ITM0460,OUT004,CUS01934,18,3448.59,2.9
TXN0005934,30-10-2018,ITM0024,OUT013,CUS01734,17,4975.65,3.1
TXN0003343,08-09-2019,ITM0200,OUT026,CUS01819,20,,2.4
TXN0006907,23-10-2022,ITM0392,OUT038,CUS00584,9,4150.72,1.9
TXN0004275,05-07-2018,ITM0386,OUT040,CUS00008,5,2134.38,4.0
TXN0001601,22-02-2023,ITM0322,OUT002,CUS00335,,4787.01,3.9
TXN0002344,31-01-2020,ITM0252,OUT046,CUS00988,8,1720.53,3.2
TXN0003998,20-06-2020,ITM0391,OUT049,CUS01956,14,4998.77,3.2
TXN0003616,,ITM0471,OUT019,CUS01937,,3212.09,1.3
TXN0006836,25-12-2018,ITM0247,OUT022,CUS00276,12,1740.50,2.5
TXN0001388,01-10-2020,ITM0378,OUT047,CUS01604,16,3825.63,3.6
TXN0004652,,ITM0111,OUT007,CUS00006,11,2823.78,3.8
TXN0009160,02-08-2019,ITM0282,OUT007,CUS00319,12,1917.95,4.3
TXN0005078,29-08-2018,ITM0026,OUT037,CUS01947,6,281.01,4.4
TXN0001396,04-11-2023,ITM0469,OUT018,CUS00545,4,2690.16,2.1
TXN0003379,13-02-2023,ITM0197,OUT046,CUS01977,7,4407.11,2.0
TXN0004504,18-07-2019,ITM0340,OUT046,CUS00079,5,4382.84,1.6
TXN0005365,23-07-2023,ITM0030,OUT010,CUS01092,13,237.99,4.2
TXN0006683,17-04-2022,ITM0359,OUT035,CUS01484,7,344.55,
TXN0007794,08-02-2019,ITM0450,OUT028,CUS01717,20,775.27,2.0
TXN0004579,26-02-2019,ITM0153,OUT011,CUS01302,15,2145.77,3.8
TXN0007986,21-05-2019,ITM0214,OUT025,CUS00683,18,,1.7
TXN0000393,11-09-2021,ITM0349,OUT011,CUS01427,17,3384.50,4.0
TXN0007467,31-10-2021,ITM0313,OUT028,CUS00945,16,57.99,2.4
TXN0000102,01-02-2023,ITM0326,OUT022,CUS01940,7,2012.87,2.1
TXN0007808,21-05-2020,ITM0300,OUT035,CUS01118,12,1066.22,3.1
TXN0010057,02-10-2019,ITM0407,OUT043,CUS00495,2,3397.45,2.3
TXN0005299,25-08-2021,ITM0077,OUT002,CUS00226,8,3423.34,1.0
TXN0009173,06-05-2018,ITM0370,OUT034,CUS01499,4,4706.57,2.4
TXN0010010,,ITM0224,OUT048,CUS00738,17,1288.47,1.1
TXN0007156,14-10-2021,ITM0220,OUT010,CUS00498,17,4693.33,1.5
TXN0001025,12-06-2019,ITM0069,OUT009,CUS00493,,652.82,1.1
TXN0002086,15-11-2023,ITM0425,OUT027,CUS01720,7,3465.06,3.0
TXN0008684,12-08-2023,ITM0411,OUT006,CUS00722,1,1583.04,4.6
TXN0008479,07-01-2023,ITM0071,OUT003,CUS00295,12,897.56,3.4
TXN0000604,28-08-2018,ITM0083,OUT041,CUS01256,13,708.67,1.8
TXN0004898,10-08-2019,ITM0227,OUT007,CUS01039,8,415.98,2.3
TXN0001972,06-03-2019,ITM0246,OUT040,CUS00348,4,,3.2
TXN0006843,24-08-2018,ITM0357,OUT050,CUS00663,8,136.30,2.9
TXN0008146,07-03-2022,ITM0136,OUT016,CUS00838,10,3727.72,
TXN0009850,25-01-2020,ITM0235,OUT002,CUS01206,4,2611.68,3.6
TXN0005959,19-08-2020,ITM0107,OUT005,CUS00461,9,4244.24,
TXN0010496,06-11-2018,ITM0128,OUT037,CUS01649,2,1762.31,1.3
TXN0007810,31-10-2020,ITM0264,OUT020,CUS01769,14,774.40,4.3
TXN0002792,20-12-2020,ITM0172,OUT026,CUS01159,10,,1.9
TXN0008021,16-07-2021,ITM0146,OUT029,CUS01886,,1046.32,2.6
TXN0010186,25-12-2018,ITM0332,OUT046,CUS00820,5,4324.78,3.2
TXN0002662,26-09-2022,ITM0022,OUT013,CUS00750,19,3975.29,3.6
TXN0003463,13-12-2022,ITM0060,OUT015,CUS00473,7,1664.00,4.5
TXN0008168,08-11-2023,ITM0383,OUT010,CUS00479,2,2923.02,2.4
TXN0001867,15-08-2022,ITM0006,OUT049,CUS00114,10,145.85,3.0
TXN0001738,22-08-2018,ITM0308,OUT019,CUS00489,2,2391.36,4.0
TXN0001032,28-09-2020,ITM0234,OUT042,CUS00912,10,3484.61,2.3
TXN0009183,17-06-2022,ITM0011,OUT007,CUS00803,4,1622.56,1.5
TXN0000129,24-04-2023,ITM0292,OUT005,CUS01637,6,3287.69,
TXN0007884,08-10-2018,ITM0381,OUT020,CUS00146,4,103.45,4.8
TXN0000178,08-10-2019,ITM0022,OUT010,CUS01212,11,763.04,4.5
TXN0004035,05-10-2019,ITM0049,OUT015,CUS00593,5,4990.92,4.6
TXN0001162,28-12-2022,ITM0029,OUT038,CUS00666,,3721.29,1.9
TXN0004671,09-07-2022,ITM0323,OUT033,CUS00329,4,3795.77,1.9
TXN0003249,,ITM0441,OUT023,CUS00768,11,3101.61,4.0
TXN0008969,23-11-2021,ITM0414,OUT046,CUS00241,,1623.69,5.0
TXN0007435,02-09-2023,ITM0238,OUT037,CUS01005,19,3723.53,2.9
TXN0005688,13-10-2022,ITM0112,OUT033,CUS01294,15,4732.47,2.7
TXN0005897,18-09-2019,ITM0464,OUT021,CUS01953,17,1676.66,4.4
TXN0002621,08-02-2020,ITM0418,OUT045,CUS01599,3,3888.80,1.4
TXN0001574,10-01-2018,ITM0257,OUT049,CUS00752,,464.38,4.2
TXN0007858,31-07-2022,ITM0130,OUT030,CUS00552,14,4738.80,1.8
TXN0009223,09-04-2018,ITM0016,OUT008,CUS00262,,2014.09,
TXN0004032,14-08-2018,ITM0475,OUT020,CUS00867,7,976.51,4.7
TXN0002789,20-11-2018,ITM0313,OUT018,CUS00329,18,1787.12,4.4
TXN0006302,15-08-2019,ITM0368,OUT006,CUS00879,20,2185.27,1.7
TXN0008208,07-10-2022,ITM0153,OUT035,CUS00081,3,,1.3
TXN0001847,04-10-2019,ITM0233,OUT044,CUS00310,17,2058.59,2.6
TXN0001208,29-10-2023,ITM0212,OUT020,CUS00624,15,2159.65,2.8
TXN0005316,06-06-2023,ITM0058,OUT036,CUS01422,17,4816.07,
TXN0002010,02-04-2023,ITM0493,OUT019,CUS00525,20,,4.0
TXN0001916,11-10-2021,ITM0483,OUT050,CUS00502,,532.78,4.8
TXN0005307,09-04-2022,ITM0477,OUT030,CUS01127,2,3241.78,2.2
TXN0001688,11-01-2018,ITM0209,OUT032,CUS00980,2,1744.06,2.1
TXN0005975,16-04-2019,ITM0354,OUT033,CUS00553,19,1679.43,3.3
TXN0008102,09-12-2019,ITM0499,OUT023,CUS01289,8,877.85,1.3
TXN0003776,01-01-2022,ITM0356,OUT029,CUS00228,14,2877.66,4.1
TXN0006548,08-05-2023,ITM0317,OUT025,CUS01338,2,4387.37,1.6
TXN0000579,05-02-2019,ITM0083,OUT034,CUS01138,3,2919.00,2.2
TXN0006335,21-07-2020,ITM0430,OUT019,CUS00279,20,2717.43,3.2
TXN0005463,12-01-2020,ITM0479,OUT034,CUS00554,17,1632.70,1.3
TXN0001312,06-07-2022,ITM0205,OUT023,CUS00543,1,1911.68,1.7
TXN0006583,06-02-2018,ITM0054,OUT018,CUS00232,18,3994.03,3.0
TXN0006835,14-07-2018,ITM0471,OUT035,CUS00897,2,3442.31,3.7
TXN0001530,12-04-2020,ITM0035,OUT030,CUS01339,18,4041.35,4.5
TXN0000414,29-06-2019,ITM0257,OUT049,CUS00163,18,4223.86,2.4
TXN0010349,25-09-2023,ITM0417,OUT013,CUS00492,2,3918.17,1.4
TXN0001171,07-09-2020,ITM0472,OUT019,CUS00356,8,214.36,3.3
TXN0000159,11-10-2021,ITM0407,OUT015,CUS00020,,3651.87,1.8
TXN0004936,12-04-2018,ITM0075,OUT042,CUS00132,19,1705.29,3.3
TXN0006776,19-06-2018,ITM0058,OUT007,CUS00877,17,2160.32,
TXN0004074,25-03-2022,ITM0170,OUT033,CUS01132,3,4650.96,4.7
TXN0006975,15-09-2021,ITM0079,OUT019,CUS00688,18,1423.64,
TXN0005713,11-06-2021,ITM0413,OUT013,CUS01750,19,4263.87,2.4
TXN0003994,30-01-2023,ITM0269,OUT034,CUS01746,6,3977.12,2.1
TXN0010326,14-12-2018,ITM0434,OUT047,CUS00860,12,2920.62,2.2
TXN0003913,22-02-2020,ITM0247,OUT019,CUS01792,9,417.89,4.9
TXN0002081,30-09-2019,ITM0292,OUT025,CUS00009,5,4054.14,3.1
TXN0005873,13-12-2022,ITM0135,OUT008,CUS01015,10,1674.37,2.8
TXN0009826,31-01-2019,ITM0107,OUT038,CUS00469,19,2772.36,4.1
TXN0006240,28-12-2018,ITM0314,OUT013,CUS00467,11,4967.59,2.5
TXN0001287,16-04-2021,ITM0087,OUT025,CUS00412,5,4148.09,2.6
TXN0004064,28-09-2020,ITM0423,OUT005,CUS01290,5,4587.51,4.3
TXN0000128,25-02-2018,ITM0340,OUT026,CUS00470,19,4443.51,
TXN0005123,19-08-2023,ITM0258,OUT005,CUS00298,15,4182.92,4.8
TXN0008092,03-06-2019,ITM0320,OUT008,CUS00026,9,3064.45,2.1
TXN0002130,20-10-2023,ITM0428,OUT013,CUS00797,19,2498.80,3.6
TXN0005052,07-04-2020,ITM0422,OUT012,CUS01205,20,4148.17,4.6
TXN0000511,05-08-2021,ITM0200,OUT011,CUS00830,18,,3.0
TXN0002641,22-01-2021,ITM0456,OUT029,CUS01131,15,454.47,3.5
TXN0002350,01-08-2022,ITM0043,OUT041,CUS01070,7,1994.05,4.7
TXN0006500,05-03-2019,ITM0242,OUT042,CUS00426,11,3198.86,2.5
TXN0004733,11-03-2022,ITM0436,OUT031,CUS01573,2,687.04,1.5
TXN0005434,01-08-2023,ITM0101,OUT013,CUS00068,16,4808.58,3.7
TXN0010366,01-10-2019,ITM0426,OUT045,CUS01603,18,885.13,2.9
TXN0007944,10-10-2020,ITM0122,OUT049,CUS01099,7,3532.23,4.7
TXN0002407,05-03-2021,ITM0238,OUT017,CUS01299,2,2988.68,
TXN0001333,22-11-2018,ITM0368,OUT038,CUS00936,19,2373.51,3.2
TXN0004327,04-06-2023,ITM0225,OUT030,CUS01861,1,,2.6
TXN0006857,03-02-2022,ITM0338,OUT008,CUS00317,5,714.76,2.6
TXN0001259,07-05-2022,ITM0181,OUT046,CUS00945,10,417.28,4.2
TXN0000708,27-01-2019,ITM0370,OUT049,CUS01781,6,4988.46,4.3
TXN0003672,25-12-2020,ITM0166,OUT017,CUS00826,7,995.41,4.3
TXN0006423,25-11-2018,ITM0157,OUT050,CUS00048,11,2929.47,4.7
TXN0010073,21-06-2019,ITM0007,OUT005,CUS00299,11,3949.52,3.6
TXN0005363,13-06-2021,ITM0496,OUT038,CUS00766,20,2253.60,4.5
TXN0000916,26-03-2023,ITM0130,OUT018,CUS00350,2,1604.49,1.7
TXN0002945,07-11-2022,ITM0131,OUT031,CUS00209,12,4764.74,3.9
TXN0002990,07-04-2022,ITM0489,OUT029,CUS01081,,1918.86,3.5
TXN0000259,19-01-2021,ITM0031,OUT040,CUS00989,20,507.53,4.1
TXN0008323,27-05-2023,ITM0462,OUT050,CUS01857,7,4938.20,4.9
TXN0005708,,ITM0492,OUT012,CUS01163,7,3202.37,2.0
TXN0009667,22-04-2019,ITM0448,OUT030,CUS01519,7,4928.79,1.7
TXN0000605,19-05-2021,ITM0095,OUT016,CUS01524,5,2304.56,
TXN0009147,06-11-2022,ITM0354,OUT029,CUS01210,4,57.40,
TXN0003339,14-09-2022,ITM0260,OUT036,CUS00913,10,,1.4
TXN0009785,05-11-2020,ITM0411,OUT039,CUS01934,3,2138.53,3.1
TXN0002844,,ITM0118,OUT012,CUS01930,13,2605.92,3.3
TXN0006366,,ITM0386,OUT025,CUS00913,6,903.16,3.6
TXN0001138,05-07-2020,ITM0285,OUT035,CUS01321,17,206.77,1.7
TXN0010170,24-08-2018,ITM0373,OUT033,CUS01719,16,2571.54,1.1
TXN0004353,09-03-2022,ITM0256,OUT034,CUS00225,13,1290.31,3.7
TXN0006753,29-05-2020,ITM0038,OUT043,CUS01247,18,4686.44,2.6
TXN0007820,01-08-2020,ITM0267,OUT041,CUS01470,6,2898.93,3.0
TXN0000208,03-06-2021,ITM0055,OUT036,CUS00712,14,3337.12,3.9
TXN0008123,21-06-2021,ITM0301,OUT021,CUS01160,15,2958.26,
TXN0000540,05-06-2020,ITM0033,OUT047,CUS01479,7,4637.20,4.9
TXN0000193,28-04-2022,ITM0173,OUT041,CUS00234,18,3369.14,2.9
TXN0003455,27-12-2022,ITM0343,OUT048,CUS01772,5,3848.63,2.0
TXN0006529,30-06-2019,ITM0368,OUT021,CUS01619,10,3998.20,4.1
TXN0009880,06-06-2023,ITM0258,OUT021,CUS00006,8,3871.50,3.1
TXN0010462,04-04-2018,ITM0119,OUT001,CUS01388,14,,2.6
TXN0010363,09-07-2019,ITM0356,OUT014,CUS01401,1,1362.06,1.7
TXN0003331,07-06-2018,ITM0273,OUT001,CUS00446,13,2300.34,4.9
TXN0001070,16-04-2018,ITM0213,OUT046,CUS00859,12,4800.33,
TXN0000321,14-04-2021,ITM0039,OUT001,CUS00648,,2521.91,1.4
TXN0010163,08-11-2019,ITM0140,OUT050,CUS01437,,2078.98,1.7
TXN0004897,23-01-2022,ITM0018,OUT031,CUS00929,4,,3.9
TXN0007967,08-09-2019,ITM0408,OUT013,CUS01561,11,3937.92,2.4
TXN0001406,18-12-2018,ITM0185,OUT047,CUS01646,1,2648.62,1.8
TXN0008004,23-10-2018,ITM0060,OUT032,CUS01649,10,994.52,1.2
TXN0008314,30-11-2018,ITM0251,OUT013,CUS01431,17,3133.91,4.5
TXN0010020,15-01-2023,ITM0094,OUT029,CUS00266,9,1482.04,4.3
TXN0006045,06-06-2020,ITM0405,OUT015,CUS00512,18,541.35,3.5
TXN0003371,15-07-2019,ITM0187,OUT050,CUS01944,1,4477.95,4.6
TXN0010188,02-03-2018,ITM0499,OUT038,CUS00342,11,4987.37,
TXN0002770,23-11-2022,ITM0042,OUT050,CUS00872,8,3083.82,4.9
TXN0002273,04-03-2020,ITM0193,OUT039,CUS00949,19,4917.29,3.8
TXN0006255,08-09-2018,ITM0156,OUT021,CUS00936,12,3252.49,3.1
TXN0009453,04-06-2022,ITM0416,OUT048,CUS00011,3,2262.20,
TXN0003801,10-08-2019,ITM0088,OUT029,CUS01993,4,1770.88,3.1
TXN0000674,27-07-2018,ITM0395,OUT027,CUS00807,6,3111.97,3.5
TXN0008908,12-06-2021,ITM0313,OUT033,CUS00290,2,469.64,3.9
TXN0004356,11-10-2018,ITM0013,OUT044,CUS01173,9,4905.68,2.3
TXN0001632,17-09-2021,ITM0338,OUT032,CUS01650,11,4691.67,4.2
TXN0000831,15-11-2019,ITM0085,OUT046,CUS01099,1,1844.12,1.7
TXN0004095,30-08-2019,ITM0325,OUT036,CUS00161,16,4259.50,
TXN0009344,20-08-2020,ITM0022,OUT005,CUS00666,16,3896.77,2.0
TXN0007665,13-11-2021,ITM0072,OUT001,CUS00955,16,843.72,3.5
TXN0004969,20-01-2019,ITM0270,OUT041,CUS00862,3,2430.90,3.3
TXN0005622,04-09-2022,ITM0007,OUT039,CUS01604,7,3268.25,1.0
TXN0006484,09-12-2018,ITM0333,OUT027,CUS01757,20,2325.18,3.8
TXN0002158,,ITM0082,OUT035,CUS00374,10,337.53,
TXN0009581,18-02-2020,ITM0045,OUT024,CUS00474,8,3245.72,4.1
TXN0007210,05-12-2021,ITM0377,OUT008,CUS01388,18,2891.98,1.5
TXN0007286,20-11-2022,ITM0481,OUT022,CUS00982,14,1926.95,1.3
TXN0002861,29-07-2023,ITM0427,OUT037,CUS00630,20,2508.55,4.9
TXN0008655,07-11-2019,ITM0355,OUT013,CUS01843,12,2526.65,4.3
TXN0007291,29-10-2021,ITM0408,OUT035,CUS01651,12,3142.46,3.4
TXN0006970,30-09-2022,ITM0149,OUT008,CUS01793,2,4260.92,1.0
TXN0000496,03-05-2023,ITM0285,OUT018,CUS00225,7,2985.92,1.5
TXN0001837,20-08-2018,ITM0154,OUT033,CUS00222,3,2232.21,4.2
TXN0002563,03-12-2021,ITM0173,OUT006,CUS01131,10,3708.37,4.3
TXN0009265,02-01-2023,ITM0192,OUT046,CUS01181,7,719.78,1.5
TXN0003783,17-11-2018,ITM0215,OUT047,CUS00232,,1679.73,2.5
TXN0005709,,ITM0265,OUT048,CUS01063,13,4691.76,4.9
TXN0005486,14-07-2020,ITM0157,OUT009,CUS00749,,4961.95,4.2
TXN0006759,09-04-2019,ITM0054,OUT019,CUS01335,9,4524.88,4.7
TXN0001180,12-04-2020,ITM0389,OUT043,CUS01085,5,2751.08,
TXN0002138,19-04-2022,ITM0363,OUT032,CUS00588,13,4931.52,3.5
TXN0005742,09-02-2018,ITM0441,OUT017,CUS00259,9,876.55,2.1
TXN0007871,14-06-2019,ITM0029,OUT016,CUS00287,20,2623.91,3.8
TXN0010302,,ITM0029,OUT047,CUS01009,7,2000.58,3.3
TXN0002111,13-07-2022,ITM0328,OUT010,CUS00733,2,3757.53,1.4
TXN0000106,08-09-2020,ITM0137,OUT012,CUS00789,4,77.60,2.5
TXN0003027,20-10-2021,ITM0122,OUT013,CUS00712,20,694.87,3.8
TXN0004769,01-12-2021,ITM0056,OUT041,CUS01074,1,3919.65,3.5
TXN0009455,29-05-2018,ITM0498,OUT009,CUS01028,9,2677.47,4.1
TXN0006156,08-10-2023,ITM0365,OUT009,CUS00590,1,3733.30,4.1
TXN0007191,,ITM0209,OUT021,CUS01148,5,4212.88,2.1
TXN0001565,28-06-2020,ITM0259,OUT011,CUS01800,12,2162.83,3.3
TXN0004691,01-10-2019,ITM0251,OUT001,CUS00500,,3420.47,2.6
TXN0006956,11-10-2022,ITM0274,OUT012,CUS00407,13,3278.45,2.9
TXN0001036,10-09-2023,ITM0432,OUT020,CUS01694,5,44.90,
TXN0008647,06-09-2021,ITM0045,OUT029,CUS00586,12,55.63,4.1
TXN0009099,24-04-2018,ITM0284,OUT049,CUS00292,12,3000.25,1.5
TXN0002545,04-03-2021,ITM0149,OUT007,CUS00165,19,167.63,2.8
TXN0009609,14-10-2020,ITM0456,OUT016,CUS00981,3,3855.50,4.7
TXN0006941,24-08-2018,ITM0217,OUT045,CUS01041,19,2776.01,1.1
TXN0008306,08-01-2019,ITM0332,OUT043,CUS00616,15,1628.28,4.8
TXN0007375,07-09-2023,ITM0310,OUT050,CUS01483,16,1565.69,4.5
TXN0007376,03-04-2021,ITM0348,OUT028,CUS00702,11,288.60,
TXN0000338,23-12-2019,ITM0334,OUT032,CUS00873,20,885.45,4.0
TXN0003679,09-01-2019,ITM0279,OUT024,CUS01275,10,3235.72,3.2
TXN0008758,22-09-2020,ITM0379,OUT024,CUS00140,8,1232.88,1.3
TXN0008518,06-12-2020,ITM0379,OUT011,CUS01271,17,4514.75,
TXN0005033,11-06-2023,ITM0107,OUT044,CUS01400,7,4230.78,2.8
TXN0004685,01-04-2018,ITM0416,OUT006,CUS00897,16,3954.56,3.7
TXN0001066,02-11-2019,ITM0419,OUT015,CUS01205,3,4562.70,3.6
TXN0002968,18-04-2018,ITM0293,OUT045,CUS01438,13,2688.97,2.1
TXN0010029,21-12-2023,ITM0319,OUT042,CUS01793,13,227.16,1.4
TXN0002778,11-09-2018,ITM0214,OUT026,CUS01776,15,229.05,1.9
TXN0003772,07-02-2022,ITM0247,OUT027,CUS00724,7,386.98,3.4
TXN0004202,21-09-2023,ITM0019,OUT021,CUS01691,8,4705.79,3.8
TXN0001806,05-02-2023,ITM0069,OUT048,CUS00792,19,2490.70,3.3
TXN0004925,18-03-2020,ITM0054,OUT012,CUS00467,6,,3.8
TXN0006219,09-12-2020,ITM0138,OUT034,CUS00697,7,3202.32,2.5
TXN0009941,22-09-2018,ITM0240,OUT014,CUS00891,16,2052.92,1.6
TXN0010320,03-02-2022,ITM0382,OUT043,CUS01383,17,4343.55,2.7
TXN0009249,23-07-2019,ITM0289,OUT016,CUS01340,2,411.83,2.7
TXN0005289,03-12-2021,ITM0499,OUT008,CUS01579,18,741.01,4.0
TXN0009148,10-09-2019,ITM0207,OUT002,CUS00682,9,,4.7
TXN0006636,01-12-2021,ITM0208,OUT009,CUS01985,2,3639.46,3.8
TXN0001236,26-08-2021,ITM0379,OUT022,CUS01698,,1325.42,2.6
TXN0000162,15-07-2021,ITM0089,OUT015,CUS01505,19,1253.13,
TXN0002934,21-11-2021,ITM0014,OUT040,CUS01151,20,4048.67,1.2
TXN0007317,04-06-2020,ITM0289,OUT031,CUS01872,9,4814.25,1.5
TXN0007031,15-03-2023,ITM0204,OUT010,CUS00182,12,1183.54,1.1
TXN0008945,,ITM0275,OUT010,CUS01323,19,1669.89,1.0
TXN0009068,13-05-2022,ITM0320,OUT019,CUS01677,11,4252.36,1.9
TXN0005680,06-04-2019,ITM0322,OUT039,CUS01752,15,157.53,3.8
TXN0002956,04-04-2021,ITM0043,OUT039,CUS01426,,2814.18,2.6
TXN0002521,17-04-2018,ITM0066,OUT019,CUS00980,4,3927.89,4.1
TXN0004783,17-05-2021,ITM0106,OUT021,CUS00335,4,3693.77,4.2
TXN0006590,13-05-2022,ITM0291,OUT010,CUS01787,,3867.13,3.6
TXN0006300,16-12-2022,ITM0158,OUT044,CUS00924,20,2231.03,3.4
TXN0007429,20-09-2022,ITM0387,OUT025,CUS01424,6,2608.37,
TXN0006717,07-08-2023,ITM0281,OUT023,CUS00196,13,378.14,3.2
TXN0000055,10-07-2022,ITM0185,OUT029,CUS00525,17,1116.68,1.9
TXN0007176,23-09-2020,ITM0033,OUT048,CUS01213,13,,1.5
TXN0001047,31-10-2020,ITM0088,OUT048,CUS00873,5,4349.05,1.2
TXN0004140,09-06-2019,ITM0323,OUT028,CUS01587,2,670.17,4.3
TXN0005204,07-01-2018,ITM0008,OUT021,CUS01883,1,2072.73,1.8
TXN0002424,31-01-2019,ITM0171,OUT004,CUS01313,19,961.50,3.6
TXN0010103,15-03-2022,ITM0048,OUT036,CUS00098,4,3177.13,1.8
TXN0001519,02-06-2023,ITM0200,OUT001,CUS00608,11,364.65,3.9
TXN0002145,09-03-2022,ITM0408,OUT001,CUS01984,3,2077.11,4.2
TXN0009817,12-03-2022,ITM0022,OUT004,CUS01798,,4446.12,4.9
TXN0003797,29-04-2022,ITM0324,OUT012,CUS01242,14,1809.36,4.5
TXN0004245,23-01-2019,ITM0028,OUT029,CUS00441,6,3790.89,3.7
TXN0004901,08-03-2023,ITM0273,OUT016,CUS00536,16,2173.75,4.2
TXN0009894,04-10-2023,ITM0343,OUT047,CUS01427,2,,2.7
TXN0008230,16-03-2021,ITM0358,OUT049,CUS00358,15,2473.16,1.0
TXN0001310,16-07-2021,ITM0455,OUT024,CUS00893,1,4982.61,1.7
TXN0002003,10-11-2020,ITM0258,OUT032,CUS01148,1,4486.23,4.0
TXN0007069,23-11-2019,ITM0118,OUT029,CUS01940,9,2537.99,
TXN0000814,07-02-2019,ITM0479,OUT040,CUS01879,,715.38,1.6
TXN0005598,18-08-2023,ITM0052,OUT008,CUS01741,11,4720.03,4.0
TXN0002112,26-07-2022,ITM0295,OUT042,CUS00628,14,1355.98,4.6
TXN0003134,13-01-2018,ITM0455,OUT001,CUS00337,6,3194.56,3.3
TXN0002670,07-04-2018,ITM0315,OUT022,CUS00483,19,3277.93,1.6
TXN0001515,26-11-2022,ITM0251,OUT033,CUS00741,8,2151.12,3.9
TXN0004786,17-03-2020,ITM0285,OUT022,CUS01716,4,2443.36,1.4
TXN0004707,25-01-2022,ITM0011,OUT032,CUS01524,10,4712.92,2.2
TXN0007121,21-03-2019,ITM0049,OUT024,CUS00998,19,1351.97,3.9
TXN0007955,02-10-2020,ITM0406,OUT011,CUS01459,18,342.55,2.0
TXN0010318,27-04-2019,ITM0249,OUT025,CUS00687,11,4043.08,2.8
TXN0005783,18-01-2020,ITM0068,OUT030,CUS01084,4,3842.55,1.6
TXN0008640,24-07-2018,ITM0116,OUT028,CUS01875,4,,1.3
TXN0008735,01-10-2020,ITM0348,OUT003,CUS00861,3,140.08,2.9
TXN0008600,27-10-2023,ITM0120,OUT049,CUS01084,9,,2.3
TXN0005489,23-02-2022,ITM0452,OUT028,CUS00307,10,1761.71,4.2
TXN0006002,29-08-2021,ITM0185,OUT041,CUS00379,14,511.33,5.0
TXN0003048,07-11-2021,ITM0432,OUT050,CUS00783,,,2.2
TXN0004308,16-08-2021,ITM0414,OUT004,CUS01758,9,970.27,4.0
TXN0002459,16-04-2018,ITM0363,OUT008,CUS01621,19,4058.57,4.3
TXN0008281,27-08-2021,ITM0171,OUT028,CUS01806,12,,3.7
TXN0004114,15-01-2019,ITM0140,OUT020,CUS00380,18,2396.00,3.3
TXN0005617,22-03-2023,ITM0213,OUT050,CUS01440,,1181.94,1.6
TXN0008297,14-01-2021,ITM0376,OUT011,CUS00640,15,1849.25,2.3
TXN0006203,26-06-2023,ITM0270,OUT007,CUS00104,6,3781.18,3.2
TXN0006238,02-11-2021,ITM0306,OUT003,CUS00105,6,4620.21,1.2
TXN0001006,15-10-2018,ITM0211,OUT014,CUS01538,3,3033.48,3.1
TXN0000653,08-03-2023,ITM0327,OUT024,CUS01661,2,902.06,4.2
TXN0002994,18-04-2020,ITM0055,OUT045,CUS00246,8,1220.19,3.3
TXN0009810,28-10-2023,ITM0433,OUT039,CUS01290,2,1321.71,4.5
TXN0009271,17-06-2020,ITM0210,OUT036,CUS01996,6,3571.63,4.7
TXN0006310,02-08-2022,ITM0003,OUT015,CUS00669,13,2607.97,4.0
TXN0008661,11-08-2022,ITM0057,OUT047,CUS00683,3,1281.72,4.7
TXN0007055,25-04-2023,ITM0314,OUT007,CUS00438,6,1493.53,3.8
TXN0004190,12-09-2018,ITM0300,OUT045,CUS00897,3,1970.64,1.7
TXN0007234,13-08-2022,ITM0358,OUT006,CUS00338,7,2826.04,4.9
TXN0007206,31-03-2020,ITM0421,OUT009,CUS01831,17,3402.70,2.4
TXN0003694,,ITM0449,OUT007,CUS00253,1,112.64,2.5
TXN0001657,07-06-2019,ITM0177,OUT019,CUS01327,6,4011.44,2.4
TXN0000769,22-01-2022,ITM0284,OUT022,CUS00704,1,4061.56,1.7
TXN0002356,07-07-2022,ITM0240,OUT028,CUS00699,6,,4.9
TXN0007960,23-04-2022,ITM0069,OUT013,CUS00168,11,1015.29,2.4
TXN0004869,22-05-2023,ITM0285,OUT031,CUS01450,8,2546.63,1.5
TXN0002354,07-12-2019,ITM0179,OUT017,CUS01078,5,2922.67,3.2
TXN0008347,24-06-2018,ITM0186,OUT048,CUS00748,7,1334.49,1.6
TXN0004070,17-03-2019,ITM0407,OUT008,CUS01614,16,,1.5
TXN0002208,19-02-2019,ITM0073,OUT044,CUS00773,16,2944.34,1.1
TXN0004553,29-01-2018,ITM0321,OUT001,CUS01701,20,3692.00,2.7
TXN0005046,27-06-2019,ITM0321,OUT035,CUS01222,9,644.96,2.9
TXN0000253,08-09-2021,ITM0329,OUT028,CUS01651,18,2692.81,1.5
TXN0007964,20-12-2022,ITM0032,OUT009,CUS00767,9,1203.33,3.1
TXN0005807,05-01-2020,ITM0478,OUT017,CUS01051,16,2153.97,4.7
TXN0008061,20-04-2018,ITM0019,OUT015,CUS01278,17,2338.75,4.9
TXN0007307,,ITM0165,OUT043,CUS01968,,2096.38,2.1
TXN0006251,11-10-2021,ITM0120,OUT005,CUS01168,9,4550.60,1.6
TXN0004677,27-07-2022,ITM0317,OUT036,CUS01683,17,3014.36,2.9
TXN0005117,08-06-2018,ITM0454,OUT006,CUS00480,9,1245.61,2.7
TXN0007344,03-09-2018,ITM0414,OUT026,CUS00887,9,2619.05,3.7
TXN0004804,23-03-2022,ITM0426,OUT044,CUS01072,20,1526.21,4.8
TXN0001401,21-05-2021,ITM0064,OUT015,CUS00700,9,4162.53,
TXN0007559,10-04-2022,ITM0371,OUT034,CUS01246,6,4429.67,2.3
TXN0006568,21-01-2018,ITM0258,OUT032,CUS00060,10,587.26,5.0
TXN0005025,09-09-2019,ITM0301,OUT013,CUS01248,9,4022.85,1.1
TXN0007313,28-05-2023,ITM0358,OUT022,CUS01900,17,2802.60,2.1
TXN0010436,26-09-2023,ITM0291,OUT037,CUS00835,17,1976.57,4.6
TXN0009803,06-03-2019,ITM0344,OUT047,CUS01951,3,1814.61,4.5
TXN0008716,08-07-2023,ITM0034,OUT024,CUS00757,16,595.01,4.8
TXN0002414,30-01-2022,ITM0407,OUT043,CUS00462,8,4229.75,3.0
TXN0001917,31-08-2022,ITM0298,OUT032,CUS01891,1,635.61,2.3
TXN0005393,06-12-2021,ITM0498,OUT007,CUS01160,8,4648.49,2.2
TXN0007616,09-01-2018,ITM0170,OUT021,CUS01258,4,4477.76,1.0
TXN0009071,25-12-2023,ITM0339,OUT016,CUS00728,3,4935.98,4.2
TXN0003053,09-02-2021,ITM0498,OUT036,CUS01492,2,592.62,2.7
TXN0008288,08-08-2019,ITM0134,OUT017,CUS01580,9,430.43,3.4
TXN0009184,27-10-2023,ITM0012,OUT031,CUS00100,12,127.92,3.6
TXN0003302,25-07-2022,ITM0022,OUT007,CUS00703,9,4235.21,3.3
TXN0007868,15-05-2018,ITM0331,OUT028,CUS01852,14,930.98,3.7
TXN0006305,26-04-2018,ITM0187,OUT027,CUS01788,6,1181.25,3.7
TXN0004078,23-04-2022,ITM0366,OUT030,CUS00671,11,4450.89,1.2
TXN0003832,15-08-2020,ITM0169,OUT044,CUS00065,5,301.17,5.0
TXN0008242,08-04-2022,ITM0270,OUT012,CUS00095,14,4771.80,1.6
TXN0006606,25-02-2020,ITM0456,OUT017,CUS01861,16,542.31,2.1
TXN0007523,12-05-2020,ITM0171,OUT034,CUS00304,15,3292.63,3.3
TXN0004692,27-02-2021,ITM0496,OUT041,CUS00933,10,3032.28,3.9
TXN0008488,01-01-2021,ITM0225,OUT012,CUS00450,20,1938.86,4.8
TXN0006544,19-02-2022,ITM0330,OUT018,CUS01445,17,2639.92,3.2
TXN0010124,13-03-2023,ITM0154,OUT012,CUS01389,4,3889.96,3.0
TXN0007105,29-03-2023,ITM0215,OUT035,CUS01786,17,4472.50,
TXN0003930,01-06-2021,ITM0209,OUT016,CUS00045,4,3441.53,3.4
TXN0008043,23-06-2020,ITM0426,OUT009,CUS00895,5,1940.65,4.0
TXN0006988,15-01-2018,ITM0019,OUT049,CUS00591,10,282.55,3.6
TXN0007607,12-04-2021,ITM0417,OUT048,CUS00518,3,2683.13,3.5
TXN0003649,12-01-2023,ITM0485,OUT033,CUS01554,18,3405.49,4.5
TXN0007445,20-06-2023,ITM0291,OUT022,CUS01802,5,1334.16,2.3
TXN0007051,10-08-2021,ITM0176,OUT030,CUS00519,14,1466.16,3.4
TXN0008474,25-12-2018,ITM0371,OUT032,CUS00812,1,631.24,3.5
TXN0000470,13-02-2020,ITM0037,OUT039,CUS01211,17,1147.49,1.6
TXN0004567,22-05-2019,ITM0339,OUT015,CUS00880,7,1321.27,3.7
TXN0002658,28-12-2021,ITM0091,OUT040,CUS01172,2,233.36,2.0
TXN0005247,16-11-2021,ITM0136,OUT010,CUS00125,19,1229.12,1.8
TXN0000211,24-02-2020,ITM0258,OUT049,CUS00983,1,4129.09,5.0
TXN0002035,17-08-2021,ITM0030,OUT045,CUS00095,3,2560.68,4.8
TXN0010123,30-03-2022,ITM0067,OUT030,CUS01445,9,4631.97,2.5
TXN0004576,17-03-2023,ITM0314,OUT021,CUS00992,20,3354.50,1.6
TXN0000195,03-04-2020,ITM0179,OUT012,CUS00945,20,4501.34,3.2
TXN0008400,21-10-2021,ITM0370,OUT039,CUS01389,5,,4.1
TXN0003121,01-08-2021,ITM0003,OUT002,CUS01623,,2280.47,3.5
TXN0007460,06-03-2020,ITM0256,OUT026,CUS00140,2,1034.55,2.5
TXN0000778,04-09-2021,ITM0210,OUT046,CUS01181,8,103.05,4.6
TXN0009527,06-01-2021,ITM0154,OUT002,CUS00905,4,3855.37,2.3
TXN0005436,07-05-2021,ITM0221,OUT049,CUS01458,4,1359.92,1.6
TXN0003519,21-06-2019,ITM0472,OUT038,CUS01345,17,32.31,1.0
TXN0002225,02-08-2022,ITM0461,OUT004,CUS01137,9,4185.22,3.2
TXN0001726,10-11-2022,ITM0049,OUT004,CUS01461,4,4037.00,4.4
TXN0004109,12-10-2020,ITM0470,OUT016,CUS01644,19,4789.53,1.3
TXN0005549,28-11-2019,ITM0381,OUT049,CUS01598,8,2028.26,2.3
TXN0003686,26-03-2023,ITM0477,OUT011,CUS00658,18,1277.75,4.0
TXN0009322,,ITM0180,OUT007,CUS01571,16,559.90,1.1
TXN0008154,,ITM0022,OUT002,CUS01729,15,,3.0
TXN0009918,27-08-2020,ITM0330,OUT007,CUS01765,14,4639.25,4.1
TXN0003708,27-02-2019,ITM0484,OUT026,CUS00545,5,1022.46,4.4
TXN0006092,29-04-2022,ITM0368,OUT024,CUS00644,10,1219.48,3.0
TXN0009824,16-09-2018,ITM0229,OUT018,CUS01002,6,1019.98,2.9
TXN0009593,30-09-2018,ITM0500,OUT020,CUS00038,10,350.78,3.8
TXN0001672,29-03-2020,ITM0041,OUT030,CUS00993,,4593.21,1.4
TXN0008534,10-07-2020,ITM0197,OUT045,CUS00799,19,2516.57,3.3
TXN0009019,08-08-2018,ITM0091,OUT037,CUS00710,5,,3.9
TXN0007416,09-08-2019,ITM0248,OUT004,CUS01769,14,1235.46,1.8
TXN0005216,25-09-2020,ITM0449,OUT031,CUS00088,7,2485.47,3.7
TXN0001836,01-07-2022,ITM0028,OUT023,CUS01391,3,,2.6
TXN0005252,17-05-2019,ITM0225,OUT025,CUS00150,2,4735.37,4.4
TXN0003240,27-12-2019,ITM0423,OUT023,CUS00171,9,1555.71,2.2
TXN0001048,07-11-2021,ITM0016,OUT047,CUS00531,8,1431.20,2.4
TXN0004737,25-09-2023,ITM0055,OUT012,CUS00854,11,2026.13,3.2
TXN0000947,01-12-2021,ITM0316,OUT046,CUS01791,16,3580.33,4.8
TXN0004919,05-03-2023,ITM0238,OUT014,CUS01051,12,811.68,2.0
TXN0002025,05-11-2020,ITM0451,OUT044,CUS01528,10,779.37,3.2
TXN0005586,18-04-2023,ITM0050,OUT011,CUS01201,15,3780.16,1.8
TXN0009357,26-09-2020,ITM0247,OUT033,CUS00507,16,3230.89,3.2
TXN0008026,03-03-2020,ITM0426,OUT043,CUS01196,10,1457.08,2.7
TXN0000007,22-02-2022,ITM0359,OUT019,CUS00111,4,1297.86,4.4
TXN0004752,29-10-2018,ITM0308,OUT035,CUS00206,16,1492.00,2.5
TXN0010474,24-08-2019,ITM0349,OUT048,CUS00763,3,4802.49,4.1
TXN0008116,27-09-2022,ITM0174,OUT020,CUS00095,6,4758.94,4.0
TXN0010075,11-06-2019,ITM0298,OUT005,CUS00828,1,3646.08,3.4
TXN0005919,04-08-2022,ITM0002,OUT047,CUS01590,20,634.66,2.7
TXN0002853,07-12-2022,ITM0402,OUT031,CUS01241,10,628.34,2.6
TXN0000864,26-08-2020,ITM0405,OUT028,CUS00997,8,3326.27,2.6
TXN0003491,04-08-2018,ITM0160,OUT040,CUS00536,8,1054.31,4.1
TXN0002227,30-11-2019,ITM0123,OUT034,CUS01385,5,2578.06,3.5
TXN0002610,,ITM0300,OUT036,CUS00443,8,4204.86,4.5
TXN0002261,21-07-2018,ITM0491,OUT027,CUS00829,8,2138.95,2.7
TXN0000358,06-03-2022,ITM0261,OUT041,CUS01880,13,1168.27,2.1
TXN0001636,04-08-2021,ITM0247,OUT025,CUS01445,8,1114.67,5.0
TXN0005318,09-05-2018,ITM0442,OUT005,CUS00346,13,,1.9
TXN0003484,03-04-2019,ITM0113,OUT016,CUS01379,16,1814.72,3.8
TXN0008255,01-09-2023,ITM0255,OUT005,CUS00903,18,4057.71,2.8
TXN0004047,29-07-2018,ITM0362,OUT039,CUS00967,1,680.75,3.3
TXN0009104,30-12-2020,ITM0020,OUT008,CUS00241,19,2810.29,1.6
TXN0002155,06-04-2023,ITM0319,OUT026,CUS01088,13,2267.07,1.6
TXN0000913,,ITM0166,OUT006,CUS01437,2,2141.28,
TXN0004383,09-03-2020,ITM0242,OUT005,CUS00076,13,2797.24,1.6
TXN0006978,11-06-2023,ITM0469,OUT028,CUS00970,8,2423.60,4.2
TXN0009203,27-11-2021,ITM0394,OUT024,CUS00122,2,4491.89,2.1
TXN0003919,10-10-2021,ITM0438,OUT021,CUS01632,19,1176.16,1.6
TXN0008402,22-01-2019,ITM0348,OUT027,CUS00575,4,2886.93,2.7
TXN0010314,17-04-2021,ITM0100,OUT027,CUS01517,14,4849.05,4.1
TXN0005113,24-02-2018,ITM0204,OUT001,CUS01432,5,4502.96,2.1
TXN0010382,23-09-2018,ITM0240,OUT025,CUS00272,14,4979.32,3.8
TXN0005613,,ITM0379,OUT049,CUS01597,6,2079.83,2.9
TXN0001292,02-12-2021,ITM0111,OUT013,CUS01494,18,1405.49,
TXN0006681,17-06-2019,ITM0368,OUT027,CUS00466,1,4123.58,3.0
TXN0004207,22-05-2018,ITM0321,OUT042,CUS01314,2,4686.33,1.4
TXN0001085,23-01-2023,ITM0391,OUT048,CUS00529,6,3743.35,1.6
TXN0005834,12-11-2023,ITM0120,OUT014,CUS01309,16,4157.24,3.1
TXN0007578,08-01-2019,ITM0471,OUT014,CUS01940,10,1403.62,3.3
TXN0004591,20-12-2020,ITM0401,OUT006,CUS01890,6,4399.85,1.7
TXN0003725,04-03-2020,ITM0272,OUT006,CUS01963,12,35.26,4.4
TXN0002815,17-03-2023,ITM0149,OUT008,CUS01328,10,3232.20,4.9
TXN0000854,09-03-2023,ITM0338,OUT017,CUS01422,18,2279.72,2.1
TXN0004684,13-10-2018,ITM0106,OUT012,CUS01980,6,4068.61,4.6
TXN0004979,08-10-2018,ITM0426,OUT040,CUS00449,7,236.43,2.2
TXN0001408,09-03-2022,ITM0092,OUT011,CUS00176,19,3637.87,2.3
TXN0003364,05-09-2018,ITM0482,OUT046,CUS01060,13,2636.06,2.4
TXN0001634,16-06-2022,ITM0115,OUT043,CUS01059,11,2486.79,
TXN0000979,02-07-2021,ITM0448,OUT038,CUS01370,1,58.44,1.9
TXN0006553,03-10-2018,ITM0347,OUT017,CUS01806,1,852.44,2.9
TXN0000702,05-04-2018,ITM0238,OUT039,CUS00543,8,3293.09,2.4
TXN0001857,11-05-2021,ITM0058,OUT041,CUS01254,18,2534.77,3.6
TXN0006812,10-09-2020,ITM0415,OUT004,CUS01195,18,4822.68,1.8
TXN0009464,16-10-2020,ITM0140,OUT027,CUS00003,2,2273.40,1.7
TXN0008087,04-02-2020,ITM0202,OUT049,CUS01477,17,772.75,2.3
TXN0009702,29-05-2021,ITM0194,OUT006,CUS00291,8,3870.49,1.7
TXN0001918,15-11-2023,ITM0203,OUT027,CUS01911,,330.83,2.4
TXN0001046,17-01-2018,ITM0335,OUT020,CUS01602,9,2356.62,4.9
TXN0009920,31-07-2022,ITM0200,OUT001,CUS01394,16,2879.96,4.1
TXN0007733,03-10-2018,ITM0318,OUT044,CUS00644,15,4939.18,3.2
TXN0008178,02-07-2023,ITM0476,OUT029,CUS00631,5,4690.24,2.5
TXN0001279,25-03-2020,ITM0045,OUT001,CUS01770,17,2069.36,1.3
TXN0001159,,ITM0149,OUT044,CUS00559,11,4625.25,1.4
TXN0009372,11-10-2021,ITM0461,OUT033,CUS01780,10,2620.71,2.5
TXN0010443,28-04-2020,ITM0341,OUT038,CUS00309,6,2148.75,2.5
TXN0001879,01-09-2021,ITM0461,OUT043,CUS00268,12,1460.15,4.0
TXN0001842,09-03-2020,ITM0148,OUT005,CUS00737,16,2360.12,2.0
TXN0007485,02-10-2019,ITM0360,OUT035,CUS00161,11,4522.71,
TXN0002299,11-06-2018,ITM0413,OUT020,CUS00030,9,201.36,1.8
TXN0005348,20-10-2020,ITM0285,OUT011,CUS01777,14,3423.37,
TXN0004434,19-03-2021,ITM0305,OUT015,CUS01389,3,4691.67,
TXN0003370,01-10-2019,ITM0156,OUT034,CUS00432,15,3486.81,2.3
TXN0005300,21-11-2019,ITM0324,OUT011,CUS00159,3,3714.18,2.5
TXN0002993,15-09-2021,ITM0238,OUT010,CUS00302,,3514.13,3.4
TXN0003887,03-12-2020,ITM0453,OUT038,CUS00774,14,1729.47,1.3
TXN0006856,26-07-2020,ITM0068,OUT047,CUS01366,5,982.23,1.7
TXN0007333,12-09-2018,ITM0425,OUT032,CUS00193,18,1804.80,1.3
TXN0002370,26-09-2023,ITM0498,OUT026,CUS01773,17,77.41,4.7
TXN0001491,17-10-2019,ITM0211,OUT035,CUS01467,,3424.98,4.3
TXN0009018,23-10-2023,ITM0394,OUT014,CUS00821,11,889.70,4.9
TXN0000691,09-12-2019,ITM0241,OUT048,CUS01301,10,4524.45,3.8
TXN0000164,09-03-2018,ITM0225,OUT047,CUS00848,9,463.43,
TXN0005550,30-11-2019,ITM0237,OUT006,CUS00762,19,4958.34,4.0
TXN0009696,16-08-2020,ITM0316,OUT010,CUS01312,15,175.55,1.2
TXN0009590,03-12-2023,ITM0366,OUT018,CUS00300,20,3226.76,1.6
TXN0001252,13-03-2023,ITM0498,OUT019,CUS01590,12,2601.40,3.7
TXN0008796,07-01-2022,ITM0064,OUT036,CUS01965,1,4724.38,1.5
TXN0005418,11-03-2021,ITM0280,OUT039,CUS00494,5,4950.15,2.6
TXN0000490,08-01-2022,ITM0269,OUT029,CUS00692,17,4443.45,
TXN0001426,03-05-2021,ITM0194,OUT033,CUS00853,14,2836.05,4.7
TXN0004330,20-08-2019,ITM0474,OUT035,CUS00451,,4787.28,4.6
TXN0003947,22-12-2018,ITM0146,OUT038,CUS00602,9,921.06,4.2
TXN0000820,12-06-2019,ITM0096,OUT046,CUS01662,2,1277.90,1.6
TXN0004931,19-12-2022,ITM0355,OUT027,CUS00668,18,2001.03,1.2
TXN0003241,27-01-2023,ITM0165,OUT021,CUS00582,11,1721.34,2.5
TXN0003129,18-02-2023,ITM0182,OUT030,CUS01885,10,4347.77,4.2
TXN0002538,18-03-2019,ITM0150,OUT005,CUS01004,14,2985.61,1.2
TXN0009125,17-10-2019,ITM0171,OUT008,CUS00751,7,2760.49,3.7
TXN0008633,,ITM0197,OUT006,CUS00418,17,3229.51,4.0
TXN0004757,29-03-2023,ITM0240,OUT004,CUS01404,4,139.72,4.2
TXN0004546,01-01-2019,ITM0381,OUT002,CUS00180,12,3363.95,4.1
TXN0008814,17-07-2019,ITM0060,OUT007,CUS00779,13,201.53,2.4
TXN0005922,03-02-2020,ITM0217,OUT039,CUS00074,15,4755.34,2.4
TXN0005609,05-11-2020,ITM0474,OUT025,CUS01404,6,4171.56,3.5
TXN0000843,29-05-2022,ITM0359,OUT009,CUS01016,,214.11,4.7
TXN0010154,21-08-2023,ITM0172,OUT034,CUS00051,7,2711.22,1.8
TXN0003307,25-03-2019,ITM0202,OUT047,CUS00679,15,3270.91,2.4
TXN0006855,08-03-2022,ITM0114,OUT009,CUS00501,5,4634.71,3.8
TXN0006422,,ITM0184,OUT031,CUS00689,3,156.44,1.8
TXN0001205,27-08-2018,ITM0414,OUT030,CUS01926,7,2572.60,
TXN0002702,23-06-2019,ITM0129,OUT039,CUS00059,14,4432.12,2.5
TXN0002740,22-10-2021,ITM0276,OUT023,CUS00966,10,4219.62,1.1
TXN0005839,06-02-2018,ITM0062,OUT042,CUS00265,14,960.43,2.3
TXN0005034,03-02-2019,ITM0435,OUT006,CUS00669,16,4991.04,3.5
TXN0006388,29-03-2020,ITM0157,OUT024,CUS00169,8,3921.89,2.7
TXN0003556,26-07-2018,ITM0148,OUT040,CUS01312,18,1536.57,3.1
TXN0008365,09-02-2019,ITM0157,OUT011,CUS01009,16,3802.56,3.5
TXN0010185,02-11-2021,ITM0142,OUT013,CUS00187,12,3156.74,3.8
TXN0004314,09-11-2021,ITM0118,OUT033,CUS01946,12,617.93,2.6
TXN0003466,15-12-2023,ITM0175,OUT018,CUS00451,10,1016.38,2.1
TXN0001094,29-08-2019,ITM0005,OUT022,CUS01744,11,3286.64,4.9
TXN0004139,03-06-2021,ITM0226,OUT013,CUS01684,,575.09,3.9
TXN0008884,21-05-2019,ITM0263,OUT015,CUS00043,2,1348.41,2.7
TXN0005119,01-03-2020,ITM0330,OUT047,CUS00183,3,3021.06,4.5
TXN0009248,19-04-2022,ITM0356,OUT015,CUS00500,15,1176.23,3.5
TXN0007093,26-03-2018,ITM0070,OUT043,CUS01172,2,3589.71,
TXN0001017,10-01-2022,ITM0131,OUT047,CUS00925,9,4883.96,1.3
TXN0005761,02-04-2019,ITM0097,OUT006,CUS01207,4,3815.30,
TXN0009633,18-09-2018,ITM0378,OUT036,CUS00077,16,1341.12,3.8
TXN0001510,21-04-2020,ITM0174,OUT042,CUS00388,5,163.82,4.6
TXN0000792,27-08-2018,ITM0204,OUT023,CUS01487,17,3945.94,
TXN0001038,20-12-2022,ITM0304,OUT036,CUS00458,1,1612.66,1.4
TXN0006245,10-01-2020,ITM0274,OUT017,CUS00432,10,4730.19,4.8
TXN0002902,17-06-2021,ITM0446,OUT010,CUS00170,19,2442.69,
TXN0006511,15-10-2020,ITM0392,OUT006,CUS01663,7,2042.72,
TXN0003327,07-08-2021,ITM0454,OUT049,CUS00379,16,246.10,4.6
TXN0009567,18-05-2019,ITM0466,OUT027,CUS01763,1,3088.09,4.6
TXN0006611,25-03-2019,ITM0044,OUT013,CUS01849,,1136.59,2.4
TXN0008342,12-04-2021,ITM0233,OUT004,CUS00480,6,2289.29,2.9
TXN0010101,21-02-2018,ITM0049,OUT040,CUS01916,6,896.91,1.1
TXN0002779,25-11-2022,ITM0334,OUT020,CUS01730,20,881.43,4.2
TXN0010193,04-11-2019,ITM0331,OUT019,CUS01583,2,474.74,3.3
TXN0010347,22-05-2019,ITM0248,OUT032,CUS00926,10,4354.33,2.9
TXN0008709,28-04-2018,ITM0287,OUT037,CUS00620,10,2004.75,
TXN0007218,30-06-2023,ITM0447,OUT049,CUS00975,,1287.96,2.8
TXN0002986,24-04-2020,ITM0416,OUT007,CUS01700,,1110.79,4.2
TXN0000991,18-02-2021,ITM0474,OUT022,CUS00767,6,1144.97,3.7
TXN0003395,28-02-2019,ITM0211,OUT017,CUS01539,16,1187.46,
TXN0006517,18-01-2020,ITM0350,OUT041,CUS01247,6,2496.01,1.5
TXN0008535,31-03-2020,ITM0194,OUT025,CUS01457,1,1887.11,
TXN0001845,02-07-2023,ITM0399,OUT046,CUS00364,20,3344.22,4.1
TXN0006463,21-06-2020,ITM0466,OUT036,CUS01988,15,885.64,4.9
TXN0000167,20-09-2018,ITM0389,OUT035,CUS00578,9,907.59,3.3
TXN0003762,10-01-2019,ITM0195,OUT020,CUS01224,5,,1.3
TXN0001449,10-07-2021,ITM0394,OUT023,CUS00404,15,4238.73,1.2
TXN0005611,25-02-2019,ITM0115,OUT013,CUS01151,7,717.89,3.2
TXN0006208,16-01-2019,ITM0111,OUT002,CUS00714,4,4837.33,2.7
TXN0004935,05-06-2019,ITM0401,OUT040,CUS01086,12,4514.99,3.8
TXN0000443,03-04-2023,ITM0250,OUT003,CUS01036,20,1506.91,4.6
TXN0002129,02-10-2021,ITM0247,OUT033,CUS01273,8,,3.1
TXN0004773,06-09-2018,ITM0353,OUT041,CUS01873,11,695.46,3.7
TXN0003970,07-12-2021,ITM0343,OUT003,CUS01092,11,1974.81,1.8
TXN0010168,02-11-2019,ITM0221,OUT040,CUS01195,20,3051.61,4.1
TXN0000557,13-01-2019,ITM0034,OUT018,CUS01000,13,1679.70,2.6
TXN0002302,26-06-2021,ITM0043,OUT027,CUS01780,6,,4.2
TXN0007613,09-01-2019,ITM0470,OUT015,CUS00344,4,4442.14,3.7
TXN0001913,05-02-2022,ITM0279,OUT007,CUS00737,16,4775.63,4.5
TXN0000648,08-04-2019,ITM0102,OUT011,CUS00848,3,435.09,3.3
TXN0004136,07-08-2020,ITM0075,OUT027,CUS00517,12,4845.93,4.6
TXN0009660,01-06-2018,ITM0276,OUT043,CUS01082,5,,
TXN0000684,,ITM0016,OUT005,CUS01881,10,1488.97,2.5
TXN0006199,20-07-2020,ITM0274,OUT041,CUS00561,10,278.74,1.1
TXN0009097,12-06-2022,ITM0204,OUT038,CUS01760,19,442.75,2.4
TXN0008943,,ITM0091,OUT018,CUS00586,16,2436.91,4.0
TXN0010250,05-05-2019,ITM0256,OUT007,CUS00284,12,4630.43,2.9
TXN0001131,29-04-2022,ITM0487,OUT004,CUS00387,12,3827.52,3.1
TXN0008880,29-05-2021,ITM0084,OUT042,CUS01614,4,728.59,1.3
TXN0008206,30-09-2018,ITM0418,OUT001,CUS00191,18,3589.01,3.2
TXN0008050,21-05-2018,ITM0012,OUT006,CUS01170,20,1935.54,4.2
TXN0001460,01-12-2023,ITM0126,OUT009,CUS00507,3,614.85,1.4
TXN0001350,24-08-2022,ITM0452,OUT017,CUS01638,9,4578.29,1.4
TXN0007103,22-03-2023,ITM0348,OUT039,CUS01089,8,586.31,3.1
TXN0002570,06-06-2021,ITM0357,OUT012,CUS00720,13,2821.18,3.3
TXN0001071,20-08-2021,ITM0010,OUT042,CUS00874,9,695.40,4.4
TXN0010277,02-02-2019,ITM0055,OUT038,CUS00048,17,1676.76,1.0
TXN0008031,02-07-2018,ITM0361,OUT041,CUS00891,15,4242.05,3.4
TXN0002384,,ITM0174,OUT045,CUS01338,18,2506.09,4.3
TXN0002201,15-03-2018,ITM0434,OUT006,CUS01706,20,385.06,4.4
TXN0006064,05-08-2018,ITM0076,OUT005,CUS00733,20,1403.79,1.5
TXN0009086,08-04-2023,ITM0465,OUT025,CUS00179,14,473.77,1.6
TXN0001189,21-12-2018,ITM0065,OUT022,CUS01451,18,2169.08,2.9
TXN0001600,31-08-2018,ITM0243,OUT016,CUS00739,17,3090.17,1.7
TXN0009542,28-05-2020,ITM0458,OUT024,CUS00423,5,3277.62,2.0
TXN0006336,12-08-2020,ITM0157,OUT008,CUS00009,20,880.20,1.9
TXN0005011,19-09-2023,ITM0403,OUT015,CUS01707,17,1345.02,3.6
TXN0004744,29-11-2019,ITM0095,OUT003,CUS00051,14,352.25,2.8
TXN0007380,22-08-2018,ITM0151,OUT046,CUS01875,10,,3.4
TXN0003259,01-12-2021,ITM0059,OUT042,CUS00409,15,4237.04,3.4
TXN0003359,09-02-2022,ITM0415,OUT006,CUS00538,19,4608.16,1.3
TXN0009954,04-09-2022,ITM0294,OUT021,CUS01153,4,533.19,3.4
TXN0007896,11-02-2020,ITM0142,OUT041,CUS00250,19,1976.79,4.7
TXN0002695,30-01-2019,ITM0200,OUT041,CUS01740,4,,3.7
TXN0001360,23-12-2018,ITM0464,OUT027,CUS01983,12,906.28,1.2
TXN0004048,30-11-2020,ITM0067,OUT028,CUS01714,8,185.27,3.3
TXN0006865,05-05-2023,ITM0007,OUT032,CUS00827,18,1783.39,3.7
TXN0003001,02-03-2021,ITM0455,OUT042,CUS01976,1,1421.53,4.3
TXN0001941,16-12-2020,ITM0163,OUT042,CUS00110,18,471.12,2.6
TXN0005980,05-04-2022,ITM0425,OUT006,CUS00833,18,3765.17,3.6
TXN0009969,09-11-2018,ITM0296,OUT027,CUS00257,11,3776.29,3.2
TXN0001513,21-11-2018,ITM0339,OUT047,CUS01305,13,3650.56,2.1
TXN0003301,30-06-2020,ITM0021,OUT030,CUS01330,13,2718.79,3.3
TXN0000359,26-02-2019,ITM0014,OUT001,CUS01170,19,4487.52,2.7
TXN0007049,30-10-2021,ITM0088,OUT004,CUS01190,2,740.51,3.9
TXN0004213,,ITM0026,OUT006,CUS01702,1,3149.61,1.5
TXN0005176,24-08-2019,ITM0170,OUT029,CUS00780,6,1457.56,
TXN0001539,09-09-2018,ITM0008,OUT049,CUS01956,20,714.31,
TXN0003526,10-05-2022,ITM0242,OUT008,CUS01027,20,3442.36,2.8
TXN0005563,10-04-2022,ITM0141,OUT039,CUS01158,17,2636.64,2.4
TXN0006201,22-01-2022,ITM0187,OUT002,CUS00973,6,3347.75,2.1
TXN0003054,13-12-2022,ITM0282,OUT024,CUS00808,10,1801.42,2.4
TXN0008726,13-06-2019,ITM0239,OUT037,CUS00234,12,,2.8
TXN0005196,18-09-2020,ITM0248,OUT013,CUS01980,9,1242.88,3.4
TXN0001222,08-05-2018,ITM0287,OUT004,CUS00789,3,352.21,1.4
TXN0003918,05-10-2019,ITM0163,OUT032,CUS00457,17,2681.85,4.2
TXN0001862,10-03-2021,ITM0065,OUT043,CUS01515,16,171.76,2.1
TXN0001605,10-10-2019,ITM0450,OUT009,CUS00189,12,292.04,
TXN0010345,26-10-2020,ITM0452,OUT031,CUS01351,12,1457.05,4.6
TXN0002565,19-05-2023,ITM0039,OUT042,CUS01903,15,4631.66,
TXN0003866,08-04-2019,ITM0492,OUT015,CUS01669,15,,3.2
TXN0005200,05-05-2020,ITM0049,OUT041,CUS01961,18,,4.6
TXN0001409,25-02-2019,ITM0004,OUT049,CUS00173,7,3255.55,2.1
TXN0004963,09-12-2021,ITM0402,OUT009,CUS00054,16,4238.42,4.8
TXN0009678,27-07-2018,ITM0495,OUT033,CUS00648,19,2271.82,3.6
TXN0008122,11-11-2023,ITM0118,OUT047,CUS00082,12,586.41,
TXN0007357,03-04-2022,ITM0325,OUT050,CUS01185,7,3783.69,2.6
TXN0001273,19-03-2018,ITM0353,OUT027,CUS01489,11,1541.58,2.0
TXN0002210,25-02-2022,ITM0148,OUT042,CUS00331,2,4337.57,3.9
TXN0006332,09-05-2023,ITM0172,OUT032,CUS00754,17,2588.72,2.4
TXN0002823,10-03-2019,ITM0490,OUT005,CUS00954,12,4768.41,
TXN0009196,07-08-2022,ITM0221,OUT008,CUS00638,3,2697.98,2.6
TXN0005528,23-05-2023,ITM0108,OUT024,CUS01274,19,3473.47,
TXN0009856,06-10-2020,ITM0176,OUT031,CUS01829,18,2190.07,2.1
TXN0004997,03-02-2023,ITM0121,OUT016,CUS00181,6,197.56,2.5
TXN0006483,23-02-2018,ITM0472,OUT004,CUS01221,13,985.65,4.2
TXN0007679,07-09-2018,ITM0177,OUT033,CUS01557,20,3438.88,3.0
TXN0003271,07-01-2018,ITM0060,OUT047,CUS01909,17,2424.12,1.5
TXN0001019,,ITM0008,OUT035,CUS00088,12,526.02,4.4
TXN0004389,22-09-2020,ITM0269,OUT004,CUS00669,18,4834.86,1.8
TXN0005771,05-07-2023,ITM0450,OUT023,CUS01625,8,3777.84,2.4
TXN0008757,24-02-2019,ITM0457,OUT037,CUS00210,5,2978.18,2.3
TXN0009257,09-09-2020,ITM0360,OUT033,CUS01668,9,4629.96,2.8
TXN0001617,01-06-2018,ITM0053,OUT007,CUS01845,6,,2.1
TXN0003281,15-01-2021,ITM0481,OUT047,CUS00617,14,2714.30,3.7
TXN0003746,30-04-2018,ITM0286,OUT046,CUS00346,7,188.22,1.7
TXN0003594,02-06-2022,ITM0057,OUT049,CUS01915,12,4560.72,4.4
TXN0000152,24-05-2022,ITM0498,OUT006,CUS01890,19,959.67,
TXN0000385,14-05-2018,ITM0332,OUT041,CUS00841,4,2911.94,
TXN0002247,01-11-2023,ITM0404,OUT048,CUS00471,9,,1.9
TXN0000070,23-02-2018,ITM0199,OUT046,CUS00900,16,3224.19,4.6
TXN0001612,15-01-2022,ITM0039,OUT034,CUS00452,9,,1.5
TXN0000633,13-03-2020,ITM0358,OUT001,CUS00588,12,1470.61,3.8
TXN0009118,08-03-2020,ITM0365,OUT047,CUS00063,17,,2.4
TXN0005163,07-02-2018,ITM0367,OUT008,CUS00319,17,3623.28,3.6
TXN0004754,22-05-2018,ITM0336,OUT039,CUS00668,9,3466.47,1.2
TXN0006721,11-09-2018,ITM0443,OUT010,CUS01142,17,3546.91,4.9
TXN0002850,29-09-2023,ITM0444,OUT024,CUS00502,3,3138.39,4.3
TXN0006579,18-08-2019,ITM0416,OUT042,CUS00211,,4038.12,3.7
TXN0009033,07-07-2023,ITM0391,OUT030,CUS01487,17,,3.2
TXN0009094,24-01-2021,ITM0242,OUT047,CUS01171,7,3193.83,3.0
TXN0001263,05-05-2023,ITM0303,OUT010,CUS01023,20,,4.2
TXN0001700,27-12-2023,ITM0123,OUT011,CUS01415,19,2311.07,1.1
TXN0007873,06-04-2022,ITM0139,OUT015,CUS00468,13,1934.62,3.1
TXN0006010,06-06-2021,ITM0113,OUT004,CUS00415,13,1283.53,4.3
TXN0007739,20-02-2020,ITM0150,OUT040,CUS01074,20,779.18,2.1
TXN0000276,28-06-2018,ITM0104,OUT026,CUS01246,5,261.26,4.7
TXN0002404,21-01-2019,ITM0056,OUT034,CUS01424,8,3205.51,3.0
TXN0009733,06-02-2021,ITM0016,OUT050,CUS01312,16,51.96,4.0
TXN0007470,26-02-2021,ITM0076,OUT027,CUS01851,13,1852.79,3.0
TXN0008786,17-05-2020,ITM0453,OUT044,CUS00077,11,,3.0
TXN0001172,07-12-2021,ITM0242,OUT046,CUS00736,13,3871.60,1.9
TXN0007463,06-10-2022,ITM0353,OUT046,CUS01824,19,729.66,4.0
TXN0004680,03-04-2018,ITM0444,OUT030,CUS00408,4,314.58,4.7
TXN0000573,16-02-2019,ITM0443,OUT028,CUS01011,20,1414.42,2.1
TXN0004812,15-12-2023,ITM0070,OUT018,CUS00306,7,2607.84,4.6
TXN0003624,23-03-2022,ITM0299,OUT012,CUS01271,,2151.93,1.4
TXN0001158,01-04-2018,ITM0380,OUT026,CUS01026,8,3915.64,2.5
TXN0003770,13-11-2020,ITM0069,OUT008,CUS00628,13,3717.10,2.1
TXN0003852,04-12-2021,ITM0388,OUT042,CUS00597,4,3742.88,1.1
TXN0002895,06-02-2020,ITM0287,OUT013,CUS01524,4,,2.4
TXN0007419,27-08-2022,ITM0417,OUT048,CUS00453,7,3806.51,3.6
TXN0005214,21-07-2021,ITM0484,OUT038,CUS01615,14,731.45,4.9
TXN0002696,27-01-2023,ITM0267,OUT014,CUS00537,10,4500.35,3.8
TXN0007341,16-01-2018,ITM0001,OUT035,CUS01353,20,4001.45,3.2
TXN0008457,29-09-2021,ITM0256,OUT012,CUS00831,7,4372.40,1.3
TXN0008938,27-04-2019,ITM0427,OUT004,CUS01943,10,189.90,5.0
TXN0001367,11-04-2018,ITM0279,OUT033,CUS00068,11,,
TXN0001441,30-06-2019,ITM0217,OUT049,CUS01763,15,246.15,1.5
TXN0010202,25-08-2019,ITM0095,OUT047,CUS00842,4,3081.96,3.2
TXN0002386,13-11-2021,ITM0400,OUT028,CUS00104,20,589.29,2.8
TXN0003392,19-11-2018,ITM0037,OUT034,CUS01418,13,3688.30,2.6
TXN0003305,09-11-2021,ITM0036,OUT008,CUS01436,9,4214.54,4.9
TXN0003432,24-10-2023,ITM0429,OUT040,CUS01039,9,3978.78,2.9
TXN0006102,07-08-2019,ITM0186,OUT024,CUS00020,12,441.50,1.9
TXN0001073,14-12-2022,ITM0028,OUT028,CUS00177,5,27.98,2.3
TXN0003366,12-08-2019,ITM0427,OUT025,CUS00515,17,3104.07,
TXN0005154,03-05-2021,ITM0156,OUT013,CUS01697,19,4667.23,3.2
TXN0005529,01-04-2021,ITM0011,OUT036,CUS00833,12,1368.15,1.5
TXN0005769,01-02-2022,ITM0190,OUT024,CUS01169,6,2543.58,2.9
TXN0007483,21-11-2019,ITM0117,OUT031,CUS01234,4,615.71,3.1
TXN0009380,20-08-2022,ITM0109,OUT006,CUS00269,16,3330.94,1.7
TXN0008519,20-05-2019,ITM0400,OUT043,CUS01039,4,2527.75,1.5
TXN0008451,30-03-2021,ITM0456,OUT050,CUS00623,20,2726.33,
TXN0009568,12-12-2018,ITM0493,OUT010,CUS00683,17,1519.25,3.6
TXN0008349,31-10-2018,ITM0163,OUT024,CUS00342,,451.36,2.9
TXN0004149,17-02-2020,ITM0424,OUT002,CUS01981,12,4564.24,3.5
TXN0000609,07-04-2021,ITM0116,OUT003,CUS00573,1,1800.59,3.2
TXN0005157,02-10-2023,ITM0409,OUT030,CUS01902,8,1187.69,3.8
TXN0003748,,ITM0110,OUT026,CUS00967,9,,1.9
TXN0005854,16-03-2022,ITM0413,OUT044,CUS00717,,4374.45,3.1
TXN0002484,18-09-2021,ITM0463,OUT017,CUS01790,20,2927.78,2.3
TXN0004750,09-01-2023,ITM0316,OUT018,CUS00046,17,4628.59,3.0
TXN0000848,07-11-2021,ITM0248,OUT024,CUS00759,3,420.11,4.8
TXN0006473,04-12-2023,ITM0276,OUT034,CUS01435,9,4123.82,2.5
TXN0009231,01-09-2021,ITM0044,OUT030,CUS00653,20,1211.28,1.7
TXN0005862,08-12-2020,ITM0093,OUT034,CUS00760,7,543.35,1.4
TXN0003382,05-10-2018,ITM0252,OUT049,CUS01045,11,1733.05,
TXN0005555,28-05-2022,ITM0498,OUT034,CUS01325,5,1030.50,1.2
TXN0000565,02-05-2020,ITM0141,OUT035,CUS01257,14,2375.18,4.1
TXN0007751,28-11-2022,ITM0478,OUT011,CUS01960,,3963.56,3.7
TXN0009950,09-10-2020,ITM0420,OUT011,CUS00715,7,1805.52,3.5
TXN0002366,,ITM0411,OUT049,CUS01102,20,1416.10,3.1
TXN0003590,,ITM0143,OUT021,CUS01616,3,4196.25,4.4
TXN0002329,04-07-2023,ITM0020,OUT025,CUS00099,13,710.07,4.0
TXN0000420,12-10-2020,ITM0254,OUT029,CUS01252,6,1084.53,4.9
TXN0008678,24-07-2020,ITM0331,OUT028,CUS01301,5,1237.27,3.1
TXN0004852,24-03-2022,ITM0393,OUT004,CUS01516,4,2580.71,2.4
TXN0002902,17-06-2021,ITM0446,OUT010,CUS00170,19,2442.69,
TXN0003056,17-11-2021,ITM0247,OUT034,CUS00806,8,730.51,1.8
TXN0008953,01-11-2018,ITM0304,OUT049,CUS01998,20,3371.33,3.0
TXN0003858,09-11-2023,ITM0404,OUT036,CUS00661,9,3485.14,
TXN0006834,19-12-2018,ITM0160,OUT022,CUS01345,20,2182.21,
TXN0000423,26-03-2023,ITM0334,OUT043,CUS00465,2,4650.43,4.8
TXN0001939,18-10-2020,ITM0135,OUT008,CUS00322,10,502.18,
TXN0003378,26-12-2021,ITM0093,OUT048,CUS00045,8,881.70,3.4
TXN0007151,29-08-2022,ITM0412,OUT023,CUS01285,9,3970.10,3.0
TXN0009674,17-06-2021,ITM0032,OUT032,CUS01142,7,4930.82,1.6
TXN0009614,26-08-2021,ITM0030,OUT001,CUS01353,6,4791.82,
TXN0007675,22-06-2021,ITM0086,OUT010,CUS01900,7,3900.71,1.7
TXN0001231,26-06-2020,ITM0469,OUT009,CUS00122,14,986.38,4.0
TXN0003157,16-12-2018,ITM0128,OUT047,CUS00430,12,483.49,4.8
TXN0001507,03-05-2020,ITM0038,OUT010,CUS01747,,4819.86,2.6
TXN0005820,15-10-2023,ITM0235,OUT033,CUS00098,15,64.68,4.1
TXN0008377,18-06-2021,ITM0047,OUT014,CUS00712,3,4485.45,4.9
TXN0002562,08-07-2023,ITM0026,OUT024,CUS01194,3,,2.9
TXN0007398,19-07-2021,ITM0480,OUT039,CUS01236,18,2773.76,1.1
TXN0002317,29-08-2023,ITM0438,OUT001,CUS01391,19,2547.23,4.7
TXN0003950,05-04-2022,ITM0033,OUT001,CUS01477,11,3553.70,3.2
TXN0004352,24-02-2023,ITM0302,OUT016,CUS00503,5,4217.19,1.4
TXN0008409,06-12-2019,ITM0153,OUT033,CUS01579,9,797.44,3.1
TXN0000839,02-09-2021,ITM0278,OUT048,CUS00441,10,2882.28,2.1
TXN0000507,18-09-2019,ITM0297,OUT002,CUS00311,6,1185.48,2.9
TXN0000440,,ITM0264,OUT024,CUS01875,18,3408.05,4.1
TXN0007493,29-09-2021,ITM0204,OUT023,CUS00783,9,550.19,1.4
TXN0001395,09-03-2022,ITM0209,OUT035,CUS00774,15,2259.03,3.4
TXN0001511,16-08-2021,ITM0369,OUT029,CUS01672,1,2174.08,3.7
TXN0000456,16-03-2021,ITM0286,OUT002,CUS01292,18,3738.36,4.7
TXN0006825,23-02-2023,ITM0032,OUT040,CUS01576,16,1766.35,3.5
TXN0009595,,ITM0330,OUT050,CUS00773,11,118.83,
TXN0009650,08-12-2021,ITM0404,OUT043,CUS00818,8,4196.12,1.6
TXN0006260,27-04-2022,ITM0407,OUT046,CUS00804,20,4509.03,3.2
TXN0004424,20-12-2021,ITM0130,OUT005,CUS00387,19,1571.50,1.1
TXN0002712,03-02-2020,ITM0400,OUT042,CUS01699,8,2560.94,3.0
TXN0003497,10-08-2021,ITM0136,OUT008,CUS01751,12,1617.16,1.8
TXN0002769,10-11-2018,ITM0058,OUT001,CUS01604,13,3809.23,3.3
TXN0009306,10-06-2020,ITM0155,OUT020,CUS00908,7,4476.73,2.3
TXN0005738,28-11-2022,ITM0173,OUT017,CUS01814,12,4055.57,2.0
TXN0006999,16-01-2022,ITM0113,OUT009,CUS00554,13,2296.49,4.3
TXN0000921,09-07-2018,ITM0497,OUT037,CUS00922,1,604.60,2.4
TXN0000595,01-02-2018,ITM0021,OUT039,CUS01555,15,3959.81,4.7
TXN0009348,19-04-2023,ITM0249,OUT044,CUS01953,3,3363.77,2.6
TXN0007973,,ITM0057,OUT030,CUS01765,16,3989.16,4.3
TXN0001504,21-05-2020,ITM0475,OUT017,CUS00506,15,4395.28,3.7
TXN0001223,20-04-2019,ITM0344,OUT048,CUS01661,19,956.57,4.5
TXN0000654,31-05-2019,ITM0419,OUT013,CUS01928,1,4375.19,
TXN0003013,07-01-2018,ITM0041,OUT045,CUS00611,17,4949.39,1.7
TXN0010485,15-10-2023,ITM0223,OUT030,CUS01364,5,3920.31,1.2
TXN0003092,03-01-2020,ITM0368,OUT023,CUS00786,2,,1.7
TXN0000739,25-08-2018,ITM0352,OUT010,CUS01186,4,1922.68,
TXN0005996,23-07-2019,ITM0473,OUT033,CUS01148,20,3829.34,4.4
TXN0002955,24-11-2022,ITM0056,OUT037,CUS01324,4,2482.26,3.4
TXN0005789,22-12-2018,ITM0068,OUT033,CUS00841,20,1544.41,4.4
TXN0008832,18-10-2019,ITM0180,OUT017,CUS00748,18,2108.61,3.9
TXN0009129,27-02-2020,ITM0316,OUT030,CUS01693,17,4543.51,1.5
TXN0004653,12-12-2021,ITM0058,OUT043,CUS00889,20,149.42,3.7
TXN0001542,14-06-2019,ITM0204,OUT005,CUS00897,5,3784.89,3.0
TXN0006291,06-05-2021,ITM0218,OUT045,CUS01019,3,2562.38,1.8
TXN0000460,15-09-2018,ITM0348,OUT047,CUS01301,3,1836.20,
TXN0003851,10-05-2018,ITM0273,OUT050,CUS00710,14,4606.59,2.3
TXN0000187,07-04-2019,ITM0047,OUT031,CUS01767,20,1414.21,3.3
TXN0004962,22-08-2022,ITM0361,OUT031,CUS01213,10,1124.71,1.1
TXN0006210,08-07-2019,ITM0157,OUT003,CUS00789,8,1526.90,2.4
TXN0000673,12-12-2019,ITM0483,OUT039,CUS01549,6,2638.37,
TXN0009668,07-08-2018,ITM0390,OUT007,CUS01256,14,1767.17,2.4
TXN0003355,17-08-2021,ITM0164,OUT044,CUS00464,9,57.56,1.5
TXN0010030,07-04-2020,ITM0244,OUT014,CUS00879,1,4935.89,3.8
TXN0001938,25-11-2021,ITM0433,OUT034,CUS01219,4,824.44,4.8
TXN0004385,22-02-2020,ITM0029,OUT014,CUS01553,17,1392.59,3.8
TXN0009251,26-04-2022,ITM0428,OUT011,CUS01535,7,1284.16,3.0
TXN0000610,27-07-2019,ITM0488,OUT011,CUS01230,5,3029.45,1.4
TXN0007844,24-01-2018,ITM0134,OUT008,CUS01186,15,79.66,1.7
TXN0008265,,ITM0299,OUT002,CUS01507,18,1123.70,
TXN0009644,09-07-2023,ITM0155,OUT036,CUS01281,9,2137.36,2.3
TXN0007074,14-04-2019,ITM0170,OUT008,CUS01061,1,878.60,1.8
TXN0010425,16-09-2021,ITM0235,OUT031,CUS01314,20,2894.93,2.2
TXN0002650,07-10-2022,ITM0121,OUT004,CUS01243,19,3330.74,3.6
TXN0000655,17-04-2023,ITM0433,OUT011,CUS01946,16,634.06,4.1
TXN0006600,30-04-2019,ITM0060,OUT045,CUS01677,3,4429.37,
TXN0001325,27-04-2019,ITM0306,OUT031,CUS01261,,639.69,3.9
TXN0002200,24-06-2018,ITM0116,OUT026,CUS01777,6,102.83,3.6
TXN0009724,29-11-2020,ITM0182,OUT027,CUS01742,12,305.71,1.4
TXN0008359,20-02-2022,ITM0029,OUT035,CUS01206,5,134.16,1.5
TXN0002444,30-04-2020,ITM0347,OUT027,CUS01093,8,2397.49,
TXN0000085,29-12-2019,ITM0485,OUT010,CUS00122,9,2760.49,4.7
TXN0009334,02-04-2020,ITM0338,OUT010,CUS00931,16,789.65,3.8
TXN0000660,24-07-2022,ITM0137,OUT002,CUS00036,20,1487.02,3.1
TXN0009991,15-05-2019,ITM0306,OUT033,CUS00557,19,4666.08,2.6
TXN0006381,08-02-2023,ITM0105,OUT022,CUS01275,15,664.60,1.6
TXN0009691,19-10-2020,ITM0075,OUT024,CUS01141,6,2340.22,1.9
TXN0010286,02-09-2021,ITM0113,OUT027,CUS01723,9,3071.70,2.6
TXN0004664,28-12-2018,ITM0108,OUT024,CUS01373,7,1774.17,1.0
TXN0006915,22-04-2020,ITM0444,OUT046,CUS01243,5,1401.35,2.3
TXN0000051,18-10-2018,ITM0335,OUT006,CUS01797,17,4050.21,4.8
TXN0004414,28-06-2023,ITM0494,OUT031,CUS01823,17,2184.10,2.4
TXN0000131,10-01-2019,ITM0031,OUT031,CUS01646,1,2885.40,2.8
TXN0000923,13-11-2018,ITM0463,OUT030,CUS00685,15,2152.49,1.3
TXN0008393,17-05-2020,ITM0283,OUT036,CUS00782,18,4710.28,3.3
TXN0003338,16-06-2023,ITM0276,OUT033,CUS01719,3,1807.21,2.9
TXN0006089,31-05-2022,ITM0057,OUT002,CUS01579,15,4478.94,
TXN0006107,05-03-2021,ITM0192,OUT034,CUS01469,11,1610.78,2.7
TXN0004176,15-05-2018,ITM0206,OUT021,CUS01782,9,3329.53,1.3
TXN0002215,06-11-2019,ITM0016,OUT015,CUS00786,11,60.69,4.8
TXN0005533,05-07-2018,ITM0166,OUT050,CUS00866,18,830.78,3.8
TXN0003238,12-08-2023,ITM0049,OUT044,CUS00178,9,1523.92,2.5
TXN0001132,,ITM0360,OUT012,CUS01194,7,869.79,2.1
TXN0001964,08-07-2023,ITM0078,OUT001,CUS01248,9,1170.29,4.1
TXN0004736,15-11-2023,ITM0462,OUT018,CUS01502,20,2709.44,2.1
TXN0001190,12-04-2018,ITM0100,OUT009,CUS01009,14,318.63,4.7
TXN0009628,01-08-2021,ITM0460,OUT023,CUS01955,8,378.57,4.0
TXN0005981,20-06-2021,ITM0339,OUT013,CUS01273,20,322.01,1.3
TXN0004835,26-09-2018,ITM0316,OUT045,CUS00046,18,2426.93,2.8
TXN0000791,23-12-2021,ITM0107,OUT042,CUS01592,7,411.78,1.4
TXN0009121,,ITM0135,OUT039,CUS01503,5,4428.39,1.6
TXN0008764,24-08-2020,ITM0422,OUT009,CUS00323,19,4480.18,2.1
TXN0006585,25-01-2020,ITM0155,OUT014,CUS01112,,4911.92,3.7
TXN0005498,15-04-2022,ITM0446,OUT008,CUS01265,8,2095.55,3.5
TXN0001907,22-05-2019,ITM0151,OUT038,CUS01405,5,2907.36,4.9
TXN0009672,19-08-2021,ITM0257,OUT006,CUS01283,14,4070.36,3.9
TXN0005723,31-10-2023,ITM0018,OUT022,CUS01798,7,2739.84,2.3
TXN0006416,12-05-2019,ITM0329,OUT012,CUS00513,2,1286.44,4.7
TXN0009498,27-12-2018,ITM0411,OUT049,CUS01983,4,2283.32,1.7
TXN0002901,07-03-2022,ITM0359,OUT016,CUS01196,4,3484.20,3.3
TXN0009061,14-04-2020,ITM0075,OUT003,CUS01155,18,3238.53,3.7
TXN0007862,11-06-2018,ITM0063,OUT049,CUS00453,19,,3.2
TXN0007165,02-09-2022,ITM0288,OUT006,CUS00778,6,371.33,3.1
TXN0001051,21-06-2021,ITM0227,OUT042,CUS01373,4,4980.03,3.0
TXN0001107,23-09-2023,ITM0477,OUT002,CUS00339,18,1663.33,2.3
TXN0001696,19-12-2019,ITM0308,OUT020,CUS01761,1,1798.72,
TXN0005124,16-10-2023,ITM0319,OUT037,CUS00724,3,3556.52,1.3
TXN0002999,20-01-2018,ITM0362,OUT036,CUS00238,3,2593.42,1.5
TXN0000934,08-06-2021,ITM0316,OUT027,CUS01402,14,826.28,4.2
TXN0004461,18-02-2023,ITM0080,OUT001,CUS01955,20,,1.8
TXN0006414,09-06-2020,ITM0008,OUT011,CUS01732,15,4897.10,1.3
TXN0003465,16-09-2021,ITM0402,OUT024,CUS00970,2,4025.32,2.2
TXN0000775,15-12-2018,ITM0408,OUT046,CUS01910,15,4232.93,4.9
TXN0001869,12-03-2018,ITM0265,OUT011,CUS00708,10,4646.11,4.8
TXN0010218,10-01-2022,ITM0135,OUT037,CUS01171,8,,2.3
TXN0007584,22-10-2018,ITM0145,OUT044,CUS01909,18,1462.50,1.1
TXN0006200,15-05-2021,ITM0379,OUT050,CUS00074,11,1059.28,4.5
TXN0001488,,ITM0093,OUT001,CUS01148,19,1090.71,2.9
TXN0002140,03-07-2019,ITM0154,OUT017,CUS01340,20,,1.8
TXN0005630,07-09-2022,ITM0300,OUT010,CUS01660,5,1337.60,2.2
TXN0001145,17-04-2018,ITM0382,OUT050,CUS00113,11,4177.89,1.3
TXN0007453,14-04-2022,ITM0234,OUT019,CUS00994,16,4590.76,1.7
TXN0002091,17-11-2021,ITM0485,OUT018,CUS01838,18,4426.31,
TXN0001781,01-01-2022,ITM0179,OUT043,CUS00749,,1667.92,1.5
TXN0005953,29-12-2020,ITM0250,OUT042,CUS01595,18,4927.02,1.8
TXN0005776,19-07-2022,ITM0473,OUT012,CUS00626,8,2478.98,
TXN0009887,28-12-2018,ITM0288,OUT046,CUS00379,16,,4.7
TXN0003201,03-04-2023,ITM0177,OUT039,CUS00909,14,2179.33,4.5
TXN0000734,,ITM0488,OUT044,CUS00227,3,1516.61,2.7
TXN0000236,10-06-2020,ITM0296,OUT016,CUS01249,16,3194.59,2.7
TXN0000986,23-01-2019,ITM0487,OUT034,CUS00820,15,837.06,
TXN0004131,11-08-2019,ITM0116,OUT023,CUS01661,20,1452.01,1.4
TXN0004658,12-03-2022,ITM0068,OUT049,CUS01307,,1067.37,1.5
TXN0009207,30-04-2020,ITM0170,OUT040,CUS00591,3,2375.02,4.5
TXN0008279,09-04-2018,ITM0405,OUT033,CUS00223,3,2396.38,4.8
TXN0010354,06-07-2020,ITM0271,OUT014,CUS00169,6,597.78,1.1
TXN0009778,13-04-2023,ITM0361,OUT050,CUS00368,,2678.85,4.4
TXN0003195,14-03-2018,ITM0371,OUT032,CUS00593,19,4024.48,4.4
TXN0000336,10-08-2021,ITM0131,OUT011,CUS00894,3,,4.5
TXN0007800,27-04-2022,ITM0335,OUT049,CUS00611,2,2222.29,2.5
TXN0003388,12-07-2022,ITM0438,OUT026,CUS01795,18,3128.69,2.4
TXN0007756,18-06-2019,ITM0112,OUT037,CUS00507,3,3175.81,4.6
TXN0001496,09-04-2018,ITM0167,OUT022,CUS01399,18,244.93,3.6
TXN0009963,10-06-2018,ITM0148,OUT030,CUS00750,20,4181.04,1.7
TXN0006363,24-09-2020,ITM0401,OUT035,CUS01113,8,563.36,3.9
TXN0005262,12-06-2021,ITM0189,OUT039,CUS01130,16,3991.22,4.8
TXN0000139,18-11-2022,ITM0418,OUT013,CUS00790,12,2487.09,4.7
TXN0010053,25-07-2021,ITM0284,OUT039,CUS00819,17,321.19,3.4
TXN0002176,20-02-2018,ITM0157,OUT034,CUS00350,20,2107.38,2.3
TXN0003551,12-12-2022,ITM0431,OUT004,CUS01914,14,4077.75,4.9
TXN0007133,13-10-2018,ITM0427,OUT036,CUS00083,20,4195.16,2.9
TXN0000031,25-04-2021,ITM0476,OUT021,CUS01331,8,954.86,4.7
TXN0006791,22-01-2018,ITM0380,OUT043,CUS01518,18,1040.23,4.3
TXN0009325,03-10-2020,ITM0087,OUT012,CUS00811,15,3856.06,
TXN0000084,08-12-2019,ITM0370,OUT049,CUS00977,,4020.49,3.6
TXN0004881,03-03-2018,ITM0387,OUT005,CUS00425,17,3807.27,
TXN0001728,18-09-2021,ITM0054,OUT041,CUS00004,17,2274.04,4.6
TXN0007370,05-04-2020,ITM0043,OUT009,CUS01409,3,2918.42,
TXN0009439,05-09-2021,ITM0230,OUT032,CUS01175,20,1581.34,4.5
TXN0001113,02-06-2023,ITM0341,OUT035,CUS00467,8,2249.69,1.3
TXN0010278,01-11-2023,ITM0457,OUT017,CUS01898,,116.12,1.7
TXN0002232,20-02-2023,ITM0143,OUT002,CUS01741,14,184.67,4.6
TXN0009496,28-07-2022,ITM0056,OUT038,CUS01963,6,4686.81,4.3
TXN0010281,15-04-2021,ITM0452,OUT025,CUS01410,15,553.77,2.2
TXN0001116,03-06-2019,ITM0022,OUT049,CUS01489,5,859.37,1.1
TXN0009035,20-08-2022,ITM0496,OUT004,CUS01513,20,113.06,
TXN0009965,01-12-2019,ITM0131,OUT025,CUS00357,1,,1.9
TXN0005020,26-06-2018,ITM0469,OUT013,CUS01849,11,1806.69,3.7
TXN0009452,17-11-2022,ITM0178,OUT025,CUS00561,5,4577.63,2.6
TXN0008498,17-11-2019,ITM0135,OUT001,CUS01413,13,1028.93,2.5
TXN0004886,24-05-2019,ITM0088,OUT025,CUS00503,19,2717.61,
TXN0006005,17-09-2022,ITM0079,OUT022,CUS01608,18,1561.28,1.1
TXN0010465,08-08-2021,ITM0125,OUT033,CUS00539,20,,1.7
TXN0008217,,ITM0176,OUT048,CUS01745,4,777.43,3.7
TXN0000181,15-06-2018,ITM0436,OUT010,CUS00194,6,227.61,1.6
TXN0007000,06-07-2022,ITM0421,OUT037,CUS01456,14,2474.64,2.6
TXN0005377,18-09-2022,ITM0297,OUT037,CUS00818,4,3552.31,2.2
TXN0002264,25-02-2020,ITM0020,OUT019,CUS00268,9,2204.66,1.8
TXN0002571,22-11-2022,ITM0149,OUT040,CUS01276,13,3243.35,1.1
TXN0006564,26-02-2018,ITM0459,OUT020,CUS00371,11,926.25,4.7
TXN0003286,29-11-2022,ITM0205,OUT043,CUS00010,18,4200.81,4.0
TXN0003252,06-09-2019,ITM0259,OUT038,CUS01083,1,3968.66,3.9
TXN0000089,08-09-2022,ITM0367,OUT039,CUS00473,15,,1.0
TXN0004725,07-12-2018,ITM0284,OUT017,CUS01595,5,3398.98,3.9
TXN0004564,23-01-2019,ITM0075,OUT036,CUS01009,18,4873.31,3.9
TXN0009713,11-07-2021,ITM0345,OUT005,CUS01164,5,2856.32,2.4
TXN0002465,05-02-2023,ITM0199,OUT042,CUS00336,1,,4.2
TXN0000143,19-08-2020,ITM0391,OUT022,CUS01253,13,4937.37,3.1
TXN0004032,14-08-2018,ITM0475,OUT020,CUS00867,7,976.51,4.7
TXN0005390,12-09-2022,ITM0348,OUT009,CUS01979,10,2923.05,1.3
TXN0009377,17-01-2018,ITM0379,OUT050,CUS00896,7,2158.04,4.2
TXN0009794,20-08-2018,ITM0454,OUT030,CUS01549,17,4710.00,4.7
TXN0005314,26-08-2019,ITM0080,OUT014,CUS01850,19,3895.86,1.3
TXN0002825,21-12-2018,ITM0207,OUT028,CUS00691,3,1675.62,3.0
TXN0000717,15-04-2019,ITM0466,OUT029,CUS00438,6,4744.13,4.6
TXN0005987,14-11-2020,ITM0251,OUT022,CUS01128,13,623.58,1.3
TXN0000724,26-06-2019,ITM0280,OUT020,CUS00328,,2237.57,2.0
TXN0002716,05-02-2018,ITM0235,OUT050,CUS01345,13,3173.03,4.8
TXN0009100,24-02-2021,ITM0360,OUT013,CUS00876,1,1743.23,2.9
TXN0000140,19-05-2018,ITM0020,OUT038,CUS01514,13,1292.09,2.4
TXN0002908,03-12-2021,ITM0028,OUT006,CUS01748,11,4604.52,2.3
TXN0004715,05-01-2022,ITM0096,OUT039,CUS01684,19,1868.69,3.5
TXN0002622,23-06-2022,ITM0219,OUT047,CUS00010,11,875.72,4.5
TXN0002518,03-11-2022,ITM0292,OUT041,CUS01291,6,2402.80,1.3
TXN0002148,29-08-2018,ITM0125,OUT004,CUS01254,10,1694.44,4.2
TXN0000225,17-01-2020,ITM0181,OUT012,CUS00983,18,,4.6
TXN0004162,22-06-2019,ITM0458,OUT001,CUS00744,13,729.39,3.5
TXN0003002,01-11-2023,ITM0194,OUT038,CUS00437,14,1412.04,1.4
TXN0000578,13-02-2019,ITM0045,OUT032,CUS00238,7,1034.99,4.1
TXN0005527,05-06-2018,ITM0035,OUT043,CUS00330,4,4787.32,4.4
TXN0003341,08-03-2023,ITM0343,OUT013,CUS00640,18,,2.4
TXN0003457,29-09-2018,ITM0045,OUT045,CUS00961,14,4729.97,4.3
TXN0001255,19-10-2020,ITM0135,OUT029,CUS00813,16,1266.31,1.7
TXN0003575,05-09-2019,ITM0342,OUT034,CUS00344,13,4558.15,2.5
TXN0009043,06-05-2020,ITM0207,OUT045,CUS01746,16,161.87,1.5
TXN0007889,24-08-2022,ITM0249,OUT035,CUS01455,18,127.65,3.7
TXN0003775,04-09-2019,ITM0406,OUT007,CUS00297,4,,
TXN0005663,08-04-2023,ITM0378,OUT029,CUS00745,16,868.62,3.1
TXN0004663,18-07-2023,ITM0132,OUT014,CUS01793,18,,4.2
TXN0001298,,ITM0322,OUT032,CUS00894,2,3546.47,1.3
TXN0005722,05-06-2018,ITM0187,OUT028,CUS01727,10,1321.73,2.5
TXN0002912,22-01-2022,ITM0255,OUT032,CUS00872,14,1459.57,4.1
TXN0002216,22-06-2023,ITM0241,OUT008,CUS01406,19,1889.21,1.6
TXN0004747,15-10-2023,ITM0436,OUT008,CUS00649,11,1547.01,1.3
TXN0000692,30-08-2021,ITM0493,OUT039,CUS00753,14,2479.14,4.1
TXN0008110,15-03-2018,ITM0328,OUT018,CUS01844,10,2216.64,4.7
TXN0008736,11-06-2019,ITM0092,OUT033,CUS00313,4,1767.62,1.5
TXN0006918,01-02-2019,ITM0148,OUT049,CUS01235,7,2326.44,1.6
TXN0002425,28-01-2019,ITM0482,OUT032,CUS00842,6,3573.59,3.4
TXN0003588,05-05-2018,ITM0484,OUT025,CUS01413,5,2006.13,1.8
TXN0001479,08-08-2023,ITM0384,OUT023,CUS01457,20,2961.74,2.3
TXN0006896,29-01-2022,ITM0002,OUT036,CUS00045,,1677.48,2.5
TXN0008667,10-05-2018,ITM0162,OUT017,CUS00500,18,2065.60,4.1
TXN0000535,09-06-2019,ITM0107,OUT047,CUS00897,14,676.86,
TXN0008391,24-07-2022,ITM0157,OUT012,CUS00334,11,2501.76,1.9
TXN0001802,17-02-2021,ITM0302,OUT012,CUS00032,14,4203.59,2.4
TXN0006797,02-04-2020,ITM0435,OUT038,CUS01879,4,,
TXN0001165,19-05-2018,ITM0364,OUT008,CUS00625,6,87.82,2.3
TXN0004022,31-10-2019,ITM0230,OUT002,CUS00073,4,2822.37,4.8
TXN0007504,16-10-2023,ITM0112,OUT048,CUS01399,1,4924.45,3.5
TXN0001856,17-01-2019,ITM0271,OUT034,CUS00717,17,2201.03,2.7
TXN0005416,11-06-2020,ITM0255,OUT025,CUS01697,6,737.44,4.7
TXN0002475,06-04-2018,ITM0378,OUT007,CUS00681,15,4845.53,4.3
TXN0001185,16-10-2022,ITM0301,OUT018,CUS01021,16,2359.75,3.4
TXN0000988,14-04-2018,ITM0490,OUT049,CUS01765,8,4941.26,1.0
TXN0007872,14-11-2020,ITM0497,OUT048,CUS01271,11,,2.1
TXN0008309,20-09-2019,ITM0026,OUT034,CUS00946,15,3389.94,1.3
TXN0004758,25-08-2020,ITM0471,OUT005,CUS01828,9,1902.02,4.2
TXN0008904,26-02-2021,ITM0436,OUT028,CUS00072,11,2143.63,3.8
TXN0008118,21-11-2020,ITM0373,OUT024,CUS01682,5,784.42,1.7
TXN0000694,26-09-2018,ITM0264,OUT013,CUS01365,9,1410.63,3.7
TXN0009106,15-12-2022,ITM0163,OUT038,CUS00862,4,4077.60,4.1
TXN0005435,28-10-2019,ITM0475,OUT036,CUS01109,2,4460.14,
TXN0006679,18-03-2023,ITM0078,OUT038,CUS01394,11,3202.98,1.7
TXN0003029,01-11-2020,ITM0112,OUT009,CUS01693,4,1028.73,4.5
TXN0005702,01-06-2023,ITM0057,OUT008,CUS01597,8,2946.72,
TXN0006845,08-05-2018,ITM0074,OUT013,CUS01894,12,4375.85,3.2
TXN0006789,05-09-2020,ITM0443,OUT044,CUS00088,2,4405.94,1.4
TXN0003976,02-11-2020,ITM0111,OUT035,CUS01229,20,3912.30,3.4
TXN0005960,19-09-2019,ITM0324,OUT008,CUS00986,3,540.44,1.6
TXN0008773,08-02-2021,ITM0429,OUT040,CUS01323,18,3867.18,1.3
TXN0007866,08-08-2022,ITM0388,OUT036,CUS01078,14,1904.97,5.0
TXN0002889,05-10-2019,ITM0066,OUT007,CUS00622,18,4326.10,4.8
TXN0000043,08-07-2022,ITM0039,OUT029,CUS00110,9,4700.43,3.4
TXN0010431,27-02-2023,ITM0227,OUT044,CUS00909,15,95.78,3.6
TXN0001067,08-10-2019,ITM0246,OUT006,CUS00327,6,2894.18,1.4
TXN0000432,05-01-2020,ITM0303,OUT013,CUS01057,16,4830.33,4.0
TXN0006621,07-02-2021,ITM0164,OUT047,CUS01039,16,4839.72,1.1
TXN0002536,01-04-2020,ITM0135,OUT013,CUS00381,4,601.34,
TXN0008963,02-10-2020,ITM0178,OUT043,CUS01591,7,3160.56,4.0
TXN0009462,01-09-2021,ITM0217,OUT011,CUS00523,1,2527.97,4.4
TXN0000894,18-09-2022,ITM0445,OUT022,CUS00239,1,3744.60,4.0
TXN0007548,27-09-2023,ITM0237,OUT023,CUS01409,12,2599.16,3.1
TXN0005545,06-09-2022,ITM0231,OUT010,CUS01305,7,588.74,1.0
TXN0004503,31-12-2023,ITM0392,OUT015,CUS01417,12,4795.90,3.8
TXN0010061,09-12-2021,ITM0413,OUT026,CUS01086,11,4733.12,
TXN0004338,15-12-2023,ITM0375,OUT021,CUS00014,14,2608.02,3.7
TXN0000799,19-02-2022,ITM0085,OUT045,CUS00477,,2026.54,3.1
TXN0000997,30-10-2022,ITM0065,OUT008,CUS01804,4,39.26,4.5
TXN0008902,17-08-2020,ITM0219,OUT031,CUS01660,8,3028.60,1.7
TXN0007001,14-08-2018,ITM0069,OUT040,CUS01975,3,3153.59,4.4
TXN0008045,05-11-2019,ITM0267,OUT031,CUS00857,8,2836.63,5.0
TXN0004728,18-01-2019,ITM0335,OUT018,CUS01067,4,1345.88,2.6
TXN0005446,31-03-2020,ITM0422,OUT040,CUS00132,11,2263.75,1.3
TXN0000941,24-09-2023,ITM0430,OUT044,CUS00427,2,502.05,1.9
TXN0007094,02-03-2020,ITM0290,OUT039,CUS01115,4,3931.33,3.3
TXN0003690,,ITM0220,OUT013,CUS01174,11,,4.8
TXN0007091,20-10-2019,ITM0007,OUT046,CUS00858,19,347.86,5.0
TXN0010157,05-03-2021,ITM0264,OUT031,CUS01094,10,2199.79,
TXN0010389,04-04-2018,ITM0496,OUT023,CUS00618,16,959.28,4.4
TXN0000838,02-02-2018,ITM0203,OUT013,CUS01715,2,,3.0
TXN0001592,19-06-2019,ITM0101,OUT025,CUS01094,1,64.30,4.3
TXN0001921,,ITM0091,OUT042,CUS01917,10,1713.03,
TXN0004965,09-04-2023,ITM0469,OUT028,CUS00312,4,209.74,2.9
TXN0002543,16-06-2021,ITM0277,OUT002,CUS01770,10,3389.02,3.2
TXN0010491,06-08-2020,ITM0125,OUT020,CUS00371,12,2116.99,2.5
TXN0001878,05-06-2022,ITM0289,OUT023,CUS00920,8,2133.58,2.9
TXN0010216,21-04-2021,ITM0276,OUT027,CUS01801,2,604.66,2.8
TXN0009270,12-04-2020,ITM0129,OUT034,CUS01268,8,2034.52,4.1
TXN0006829,17-07-2019,ITM0257,OUT008,CUS01250,14,4056.36,3.9
TXN0007881,17-02-2021,ITM0367,OUT046,CUS00120,19,3773.82,3.9
TXN0001329,01-06-2023,ITM0104,OUT018,CUS00212,16,1992.53,4.3
TXN0002290,07-05-2018,ITM0332,OUT024,CUS01096,16,1149.65,1.5
TXN0001319,25-12-2021,ITM0397,OUT034,CUS01605,17,4341.69,2.4
TXN0004102,07-09-2018,ITM0228,OUT001,CUS00217,4,57.61,3.7
TXN0009045,28-06-2023,ITM0134,OUT028,CUS01019,6,2694.38,3.4
TXN0003895,28-03-2019,ITM0455,OUT015,CUS01529,3,3477.79,4.3
TXN0008477,30-04-2018,ITM0444,OUT020,CUS01878,5,1327.17,4.2
TXN0004545,16-05-2018,ITM0225,OUT003,CUS01304,5,2667.08,3.0
TXN0005238,26-12-2018,ITM0212,OUT038,CUS01423,4,2334.05,1.3
TXN0008784,11-04-2020,ITM0449,OUT020,CUS01378,7,2155.84,2.1
TXN0004665,07-08-2021,ITM0033,OUT048,CUS00905,17,3266.77,2.6
TXN0007667,03-03-2019,ITM0308,OUT035,CUS01285,2,2273.47,4.6
TXN0007085,05-04-2023,ITM0071,OUT006,CUS00690,,2034.22,2.0
TXN0004750,09-01-2023,ITM0316,OUT018,CUS00046,17,4628.59,3.0
TXN0005810,22-12-2022,ITM0437,OUT031,CUS00956,12,4866.20,4.0
TXN0001796,07-08-2021,ITM0371,OUT017,CUS01526,14,2998.10,
TXN0006536,25-10-2020,ITM0094,OUT027,CUS00155,11,1786.80,4.3
TXN0001533,03-11-2022,ITM0373,OUT039,CUS01816,2,2630.80,3.4
TXN0008928,14-02-2022,ITM0395,OUT043,CUS01189,15,1545.03,4.3
TXN0007202,01-04-2023,ITM0017,OUT005,CUS00179,19,,
TXN0009601,21-05-2023,ITM0036,OUT021,CUS01986,1,4422.48,2.3
TXN0002220,02-05-2021,ITM0220,OUT001,CUS00343,6,2215.35,2.8
TXN0004387,05-03-2023,ITM0494,OUT009,CUS00388,8,1103.64,3.3
TXN0004160,23-02-2019,ITM0227,OUT036,CUS01065,5,4113.65,1.4
TXN0010294,13-06-2021,ITM0328,OUT004,CUS00902,,2269.45,2.9
TXN0007923,28-08-2023,ITM0233,OUT044,CUS01011,16,724.04,1.3
TXN0002489,10-04-2020,ITM0058,OUT049,CUS01668,14,1484.06,1.3
TXN0007284,,ITM0407,OUT041,CUS01766,2,462.40,3.1
TXN0004337,30-05-2019,ITM0197,OUT002,CUS00598,17,2559.43,2.9
TXN0000222,01-08-2020,ITM0437,OUT047,CUS00606,4,3825.78,2.2
TXN0007490,,ITM0390,OUT022,CUS00815,3,,1.1
TXN0002530,17-08-2022,ITM0141,OUT009,CUS01777,19,4298.58,1.1
,,,,,,,
TXN0001873,09-05-2023,ITM0013,OUT023,CUS00169,7,718.26,1.1
TXN0007466,07-11-2019,ITM0144,OUT025,CUS00241,,3444.48,1.5
TXN0001589,02-11-2019,ITM0232,OUT040,CUS01008,2,2743.27,1.9
TXN0001860,30-11-2018,ITM0435,OUT015,CUS00260,6,4639.59,2.5
TXN0003462,23-12-2018,ITM0012,OUT034,CUS01698,15,2378.88,1.2
TXN0006350,23-04-2020,ITM0026,OUT007,CUS00121,4,4377.37,2.7
TXN0005500,16-06-2021,ITM0083,OUT020,CUS00308,10,10.53,2.9
TXN0000318,18-04-2023,ITM0296,OUT024,CUS01428,5,109.42,1.3
TXN0006858,02-03-2018,ITM0153,OUT041,CUS00577,3,3766.04,2.5
TXN0003539,06-10-2023,ITM0462,OUT050,CUS01421,14,,4.8
TXN0001948,18-04-2021,ITM0414,OUT039,CUS01657,12,640.22,3.0
TXN0007672,25-04-2020,ITM0351,OUT010,CUS00026,9,353.40,3.7
TXN0002967,29-12-2020,ITM0204,OUT001,CUS01736,10,3449.69,2.1
TXN0005940,06-01-2022,ITM0266,OUT018,CUS00486,1,2060.08,4.3
TXN0005696,20-01-2018,ITM0136,OUT023,CUS01984,2,3807.28,2.9
TXN0008258,03-09-2023,ITM0079,OUT040,CUS00595,5,1765.93,4.7
TXN0003337,03-04-2020,ITM0216,OUT022,CUS00103,17,4622.19,3.4
TXN0002987,05-09-2022,ITM0049,OUT035,CUS00721,4,3334.78,1.3
TXN0001151,24-08-2021,ITM0162,OUT008,CUS00434,20,4567.54,3.2
TXN0002549,29-03-2020,ITM0385,OUT006,CUS00315,2,3047.61,2.9
TXN0002821,08-05-2022,ITM0055,OUT025,CUS01295,7,,
TXN0009254,09-01-2018,ITM0259,OUT032,CUS01700,1,2720.13,3.5
TXN0008915,11-04-2018,ITM0384,OUT023,CUS00378,12,351.18,2.6
TXN0002669,05-10-2019,ITM0039,OUT017,CUS00657,1,1165.39,1.9
TXN0002253,16-12-2023,ITM0291,OUT015,CUS01929,2,2558.54,3.4
TXN0004026,15-03-2022,ITM0488,OUT047,CUS00265,11,4858.52,2.4
TXN0006417,10-01-2019,ITM0269,OUT008,CUS01632,15,,3.5
TXN0001733,27-02-2018,ITM0192,OUT002,CUS00346,8,2309.97,3.7
TXN0008293,22-01-2019,ITM0214,OUT027,CUS00325,20,4336.87,2.6
TXN0007311,25-11-2018,ITM0122,OUT035,CUS00498,6,4327.38,3.2
TXN0004588,,ITM0314,OUT014,CUS00677,17,1356.31,2.3
TXN0003421,03-11-2020,ITM0343,OUT006,CUS01033,15,1262.57,2.6
TXN0003394,16-02-2020,ITM0296,OUT038,CUS01024,7,555.15,2.2
TXN0008356,03-07-2023,ITM0251,OUT040,CUS01476,19,1845.48,2.0
TXN0004473,20-01-2018,ITM0326,OUT031,CUS01581,18,793.25,2.0
TXN0009707,17-11-2023,ITM0057,OUT044,CUS01028,12,4453.76,2.8
TXN0008415,06-01-2020,ITM0142,OUT047,CUS01889,9,4237.59,2.7
TXN0003262,29-03-2023,ITM0399,OUT029,CUS00574,14,4398.27,2.8
TXN0006729,29-07-2019,ITM0336,OUT045,CUS01252,7,753.36,2.7
TXN0004518,23-03-2020,ITM0251,OUT008,CUS00814,19,1125.71,4.9
TXN0005244,19-05-2018,ITM0324,OUT022,CUS00812,10,1848.03,2.0
TXN0003041,17-05-2020,ITM0009,OUT019,CUS00800,6,2765.01,4.1
TXN0001212,22-08-2018,ITM0200,OUT028,CUS00707,3,3723.56,3.0
TXN0005391,23-10-2020,ITM0026,OUT032,CUS00110,15,3288.38,5.0
TXN0003834,03-02-2019,ITM0261,OUT042,CUS01318,9,3478.41,
TXN0001376,15-04-2022,ITM0165,OUT028,CUS00302,6,,4.5
TXN0003464,,ITM0123,OUT014,CUS00651,18,4309.88,2.9
TXN0005406,27-02-2020,ITM0045,OUT030,CUS00348,18,3017.75,1.1
TXN0000998,20-10-2021,ITM0202,OUT020,CUS00821,7,132.24,1.8
TXN0001415,26-12-2023,ITM0373,OUT009,CUS00303,9,3839.84,3.2
TXN0009497,31-01-2021,ITM0024,OUT025,CUS00889,19,,4.5
TXN0008828,11-02-2020,ITM0101,OUT027,CUS01857,7,1349.88,3.4
TXN0007647,07-04-2022,ITM0139,OUT027,CUS01246,13,835.64,2.3
TXN0002553,05-09-2023,ITM0128,OUT045,CUS01172,13,,3.7
TXN0001552,02-08-2021,ITM0008,OUT003,CUS01205,2,3346.58,1.8
TXN0003030,,ITM0004,OUT004,CUS00507,16,332.09,
TXN0009342,10-09-2018,ITM0366,OUT020,CUS01762,16,2132.14,3.8
TXN0005133,11-04-2018,ITM0263,OUT016,CUS01368,19,,1.8
TXN0001046,17-01-2018,ITM0335,OUT020,CUS01602,9,2356.62,4.9
TXN0001754,13-06-2018,ITM0441,OUT022,CUS01178,16,2883.86,2.2
TXN0000409,26-04-2022,ITM0431,OUT002,CUS00492,20,4294.31,1.5
TXN0005660,26-10-2020,ITM0234,OUT037,CUS00201,9,1706.12,2.7
TXN0003769,27-02-2019,ITM0073,OUT011,CUS00227,14,1971.07,4.6
TXN0007319,20-09-2023,ITM0106,OUT023,CUS00547,1,1578.46,1.3
TXN0009729,06-12-2020,ITM0100,OUT035,CUS01503,4,946.12,4.2
TXN0002162,04-06-2021,ITM0390,OUT015,CUS01263,9,1414.30,
TXN0002557,09-05-2022,ITM0031,OUT001,CUS00158,3,4090.85,3.1
TXN0009360,,ITM0320,OUT010,CUS00386,5,1918.66,
TXN0010131,06-05-2022,ITM0369,OUT012,CUS00751,2,4494.15,2.2
TXN0007531,26-04-2020,ITM0134,OUT039,CUS00919,1,1579.97,2.7
TXN0000334,14-11-2023,ITM0133,OUT001,CUS00711,1,4968.30,3.8
TXN0004851,20-01-2018,ITM0416,OUT031,CUS01622,18,4138.80,3.2
TXN0005387,06-02-2019,ITM0072,OUT022,CUS00083,14,,1.5
TXN0004351,23-11-2018,ITM0261,OUT001,CUS01656,10,4925.27,3.9
TXN0003368,,ITM0267,OUT013,CUS01429,1,422.28,2.2
TXN0010229,25-03-2018,ITM0325,OUT004,CUS00515,14,169.10,3.2
TXN0005595,06-12-2021,ITM0428,OUT009,CUS01631,18,342.10,3.5
TXN0000577,10-09-2021,ITM0357,OUT031,CUS01159,4,1518.79,1.8
TXN0006722,19-04-2023,ITM0396,OUT021,CUS01122,16,2699.23,4.7
TXN0000572,30-11-2018,ITM0410,OUT014,CUS01960,9,981.49,4.7
TXN0000308,28-08-2018,ITM0310,OUT004,CUS00165,3,1021.15,3.4
TXN0005859,06-02-2019,ITM0294,OUT012,CUS00404,18,2070.17,1.3
TXN0005881,10-06-2019,ITM0010,OUT034,CUS01795,4,1611.53,2.1
TXN0001965,05-12-2022,ITM0316,OUT019,CUS00294,11,2973.65,3.6
TXN0010014,08-01-2021,ITM0271,OUT025,CUS01201,12,3085.38,3.2
TXN0003642,11-03-2023,ITM0469,OUT048,CUS00084,10,721.92,3.1
TXN0003591,31-03-2018,ITM0292,OUT011,CUS01314,9,3666.05,2.5
TXN0000720,16-12-2022,ITM0029,OUT017,CUS00562,11,3220.91,4.4
TXN0007172,02-05-2019,ITM0170,OUT012,CUS00571,1,2621.72,2.9
TXN0009708,06-04-2020,ITM0249,OUT042,CUS01436,18,1731.72,2.2
TXN0008441,16-11-2018,ITM0104,OUT018,CUS01790,,4005.07,2.7
TXN0008613,10-09-2018,ITM0302,OUT008,CUS00545,4,2925.14,2.4
TXN0006917,05-12-2021,ITM0254,OUT008,CUS00227,5,2413.35,3.4
TXN0003007,18-02-2020,ITM0310,OUT042,CUS00207,11,861.34,
TXN0008107,14-06-2022,ITM0458,OUT006,CUS01968,12,4062.71,1.4
TXN0007680,30-07-2019,ITM0156,OUT017,CUS00314,5,3401.44,4.0
TXN0003362,03-06-2018,ITM0382,OUT041,CUS00880,1,3203.08,1.0
TXN0001079,08-12-2022,ITM0447,OUT007,CUS00752,,23.79,3.1
TXN0004759,06-06-2020,ITM0175,OUT012,CUS00153,,2045.81,
TXN0005669,03-06-2023,ITM0076,OUT012,CUS00230,14,1134.21,2.6
TXN0001365,28-02-2021,ITM0227,OUT038,CUS00608,7,3673.04,2.7
TXN0001101,24-03-2022,ITM0404,OUT019,CUS00981,20,4480.10,4.4
TXN0002277,29-05-2018,ITM0134,OUT022,CUS00216,5,1449.35,4.9
TXN0001779,05-07-2020,ITM0188,OUT036,CUS01822,3,3509.36,4.7
TXN0000410,21-08-2018,ITM0167,OUT039,CUS00782,6,3181.66,4.6
TXN0000344,22-12-2022,ITM0388,OUT021,CUS00533,2,2171.82,1.9
TXN0003889,03-06-2023,ITM0328,OUT022,CUS01832,19,225.84,4.8
TXN0002030,21-11-2018,ITM0276,OUT025,CUS01883,20,4008.67,3.0
TXN0006191,20-02-2023,ITM0302,OUT008,CUS00169,14,4512.06,2.2
TXN0001058,10-04-2023,ITM0490,OUT041,CUS00303,16,3997.99,3.3
TXN0008190,30-08-2018,ITM0040,OUT028,CUS01787,4,3858.90,3.9
TXN0009424,16-09-2023,ITM0242,OUT047,CUS00801,5,810.05,4.0
TXN0001470,04-12-2019,ITM0341,OUT033,CUS00181,19,,
TXN0005134,15-08-2021,ITM0366,OUT025,CUS00474,19,2881.42,2.0
TXN0000419,19-06-2022,ITM0303,OUT039,CUS01347,5,372.63,1.7
TXN0006018,01-11-2021,ITM0140,OUT042,CUS00539,1,445.43,1.1
TXN0005072,,ITM0339,OUT050,CUS01748,18,1174.31,4.3
TXN0005675,28-05-2019,ITM0473,OUT002,CUS00123,,3703.09,1.3
TXN0004317,15-10-2018,ITM0096,OUT007,CUS01752,14,,1.6
TXN0006744,17-11-2020,ITM0490,OUT010,CUS01238,18,3545.53,3.4
TXN0002468,04-06-2023,ITM0299,OUT039,CUS01328,,1089.60,1.9
TXN0006646,16-10-2023,ITM0234,OUT016,CUS00972,15,4041.69,
TXN0007147,07-02-2018,ITM0195,OUT020,CUS01484,9,4105.82,3.9
TXN0009314,07-10-2023,ITM0085,OUT037,CUS01258,,2126.74,2.5
TXN0007303,10-05-2020,ITM0492,OUT045,CUS00532,2,3393.50,
TXN0009753,20-10-2021,ITM0263,OUT021,CUS01257,6,1788.75,3.4
TXN0001567,23-08-2019,ITM0485,OUT020,CUS01471,14,1061.47,3.9
TXN0002951,,ITM0099,OUT046,CUS00793,19,3534.25,2.1
TXN0000366,13-12-2023,ITM0070,OUT026,CUS01615,,968.61,2.3
TXN0008387,12-03-2022,ITM0271,OUT005,CUS00274,3,1991.12,
TXN0009504,06-01-2023,ITM0065,OUT019,CUS00496,19,1695.11,4.1
TXN0009055,17-05-2020,ITM0306,OUT034,CUS00001,9,55.03,1.4
TXN0010325,22-01-2020,ITM0348,OUT045,CUS01512,19,1633.59,4.3
TXN0006526,30-06-2023,ITM0486,OUT006,CUS00827,11,940.43,3.4
TXN0007743,14-05-2019,ITM0393,OUT016,CUS01037,15,2254.43,3.8
TXN0007343,06-05-2021,ITM0394,OUT050,CUS00614,,,4.3
TXN0003008,28-10-2021,ITM0049,OUT019,CUS00787,2,3428.87,1.3
TXN0010312,15-12-2022,ITM0372,OUT007,CUS00599,20,1179.73,4.2
TXN0004140,09-06-2019,ITM0323,OUT028,CUS01587,2,670.17,4.3
TXN0007891,16-09-2021,ITM0336,OUT021,CUS01186,18,1677.42,2.4
TXN0001682,04-08-2022,ITM0009,OUT050,CUS01509,2,4318.57,3.1
TXN0004277,05-10-2021,ITM0047,OUT042,CUS00560,3,1853.59,4.9
TXN0010412,23-05-2021,ITM0266,OUT003,CUS00979,1,20.08,3.4
TXN0000264,15-10-2018,ITM0016,OUT004,CUS00197,16,2860.49,1.0
TXN0001695,16-12-2023,ITM0180,OUT019,CUS00258,18,1596.60,1.9
TXN0006172,19-04-2019,ITM0321,OUT008,CUS00696,12,2900.59,3.0
TXN0010201,29-10-2023,ITM0052,OUT035,CUS01516,3,4406.64,4.2
TXN0009829,22-03-2022,ITM0385,OUT016,CUS01011,11,,1.9
TXN0009758,20-03-2018,ITM0234,OUT005,CUS01187,7,4710.50,2.5
TXN0003329,14-09-2021,ITM0098,OUT037,CUS00023,15,1264.31,3.5
TXN0006225,29-10-2019,ITM0231,OUT037,CUS00204,2,1550.95,4.5
TXN0005986,15-09-2019,ITM0283,OUT041,CUS00958,7,284.78,4.5
TXN0005642,23-09-2019,ITM0015,OUT022,CUS01209,14,2605.37,2.1
TXN0002451,,ITM0213,OUT001,CUS01579,14,3931.37,3.1
TXN0000933,22-02-2018,ITM0169,OUT040,CUS01081,9,4395.22,4.7
TXN0004669,17-09-2020,ITM0373,OUT019,CUS00484,6,4606.72,3.3
TXN0005782,27-08-2019,ITM0325,OUT016,CUS00668,1,1579.00,1.8
TXN0001338,15-09-2018,ITM0388,OUT027,CUS01583,15,2802.39,4.8
TXN0008570,25-09-2018,ITM0104,OUT021,CUS01897,,4774.32,2.9
TXN0009042,27-09-2020,ITM0202,OUT040,CUS00653,16,3589.65,2.1
TXN0009638,08-01-2023,ITM0297,OUT010,CUS01415,11,2447.90,1.7
TXN0008704,30-01-2019,ITM0182,OUT040,CUS00440,20,1228.84,
TXN0000394,26-08-2023,ITM0012,OUT043,CUS01305,10,3782.14,2.3
TXN0005404,25-08-2019,ITM0076,OUT045,CUS01085,5,2531.50,4.2
TXN0005710,13-06-2019,ITM0228,OUT034,CUS00146,17,3856.89,
TXN0005661,23-02-2018,ITM0039,OUT032,CUS00031,5,527.17,3.9
TXN0004418,06-09-2022,ITM0481,OUT008,CUS01438,20,2804.85,3.3
TXN0010127,10-03-2020,ITM0081,OUT046,CUS01486,16,468.04,1.5
TXN0010477,29-01-2020,ITM0053,OUT039,CUS01670,11,2358.91,2.3
TXN0007169,08-03-2022,ITM0040,OUT012,CUS01617,5,530.49,3.9
TXN0009385,15-05-2021,ITM0072,OUT011,CUS01599,18,2430.93,3.0
TXN0006083,02-12-2022,ITM0456,OUT037,CUS01096,20,3460.35,2.8
TXN0001076,05-05-2022,ITM0206,OUT025,CUS00626,16,3645.89,1.8
TXN0001395,09-03-2022,ITM0209,OUT035,CUS00774,15,2259.03,3.4
TXN0005833,08-06-2021,ITM0346,OUT001,CUS00575,6,3616.21,3.0
TXN0004490,13-09-2018,ITM0295,OUT038,CUS00140,7,1241.89,2.5
TXN0003884,01-06-2018,ITM0098,OUT042,CUS01379,20,462.29,4.1
TXN0000417,10-07-2022,ITM0298,OUT020,CUS01162,16,4035.92,2.6
TXN0002707,02-08-2020,ITM0121,OUT011,CUS00565,3,1175.91,4.7
TXN0004603,04-06-2018,ITM0109,OUT035,CUS00599,7,1118.82,2.2
TXN0007099,16-03-2021,ITM0348,OUT026,CUS01658,14,4752.54,2.6
TXN0009612,10-09-2020,ITM0274,OUT024,CUS01579,9,1073.20,1.5
TXN0004081,31-05-2021,ITM0237,OUT030,CUS00965,15,4747.00,3.3
TXN0000299,17-06-2019,ITM0262,OUT018,CUS01619,20,1387.55,4.5
TXN0009083,26-08-2022,ITM0339,OUT032,CUS01601,13,,4.5
TXN0008100,23-01-2020,ITM0247,OUT022,CUS01724,19,4388.45,2.2
TXN0006146,25-07-2020,ITM0444,OUT028,CUS00222,17,156.52,1.3
TXN0001786,23-03-2018,ITM0391,OUT006,CUS00813,9,3348.50,1.6
TXN0004735,24-07-2023,ITM0137,OUT036,CUS00693,18,2177.01,2.6
TXN0006502,31-10-2021,ITM0296,OUT013,CUS01121,14,4463.97,4.5
TXN0006658,05-04-2022,ITM0240,OUT001,CUS01197,9,2409.53,4.5
TXN0006882,21-05-2020,ITM0319,OUT031,CUS01330,11,3424.87,2.7
TXN0000188,23-07-2022,ITM0358,OUT013,CUS00228,,2944.76,3.8
TXN0007501,31-08-2022,ITM0395,OUT028,CUS00216,2,,1.3
TXN0004012,03-07-2019,ITM0258,OUT024,CUS00145,4,1726.23,4.0
TXN0003192,27-08-2021,ITM0098,OUT006,CUS00815,16,2009.63,1.9
TXN0000248,07-03-2023,ITM0425,OUT017,CUS00088,12,4794.91,4.5
TXN0007772,29-01-2018,ITM0187,OUT050,CUS01564,18,2637.58,4.0
TXN0000735,01-09-2022,ITM0058,OUT039,CUS00813,18,3897.89,1.4
TXN0004125,21-11-2019,ITM0491,OUT032,CUS00570,2,2975.08,1.5
TXN0008666,24-04-2022,ITM0015,OUT012,CUS00519,8,1843.92,
TXN0006787,25-10-2021,ITM0392,OUT034,CUS01196,6,3550.71,4.6
TXN0008711,31-12-2023,ITM0325,OUT047,CUS01005,4,1748.51,3.8
TXN0007350,28-04-2018,ITM0359,OUT045,CUS01790,3,3295.23,4.3
TXN0004682,03-04-2020,ITM0351,OUT030,CUS01113,12,3434.67,1.4
TXN0007405,11-05-2023,ITM0485,OUT027,CUS01449,,1733.85,3.2
TXN0007064,25-07-2022,ITM0379,OUT021,CUS01070,17,3739.30,3.8
TXN0009989,06-02-2018,ITM0058,OUT034,CUS01155,3,437.85,1.7
TXN0001875,21-01-2020,ITM0058,OUT019,CUS01967,19,2422.69,3.3
TXN0009911,24-04-2018,ITM0202,OUT047,CUS00703,9,982.00,2.2
TXN0006587,14-10-2021,ITM0079,OUT024,CUS01493,9,2170.95,4.3
TXN0008333,19-02-2023,ITM0281,OUT024,CUS01415,,233.89,1.1
TXN0004169,06-04-2021,ITM0021,OUT004,CUS00224,7,4019.01,4.2
TXN0001185,16-10-2022,ITM0301,OUT018,CUS01021,16,2359.75,3.4
TXN0009535,27-04-2019,ITM0445,OUT021,CUS00532,4,354.72,4.3
TXN0006235,23-08-2019,ITM0446,OUT013,CUS01654,16,4686.07,1.6
TXN0006065,22-08-2019,ITM0317,OUT016,CUS01822,15,2839.86,4.5
TXN0001340,24-05-2023,ITM0100,OUT050,CUS01402,6,1397.69,4.4
TXN0006884,17-10-2020,ITM0437,OUT020,CUS00500,9,4128.01,
TXN0004249,08-04-2019,ITM0007,OUT007,CUS00554,9,648.96,3.0
TXN0007086,17-02-2020,ITM0277,OUT030,CUS00521,2,2955.25,1.5
TXN0002017,29-05-2023,ITM0349,OUT034,CUS00525,5,3019.75,1.9
TXN0002113,01-11-2022,ITM0345,OUT017,CUS00163,3,3371.78,4.9
TXN0004099,16-10-2019,ITM0339,OUT018,CUS00629,7,4181.63,4.1
TXN0003528,09-04-2023,ITM0353,OUT045,CUS00881,10,2014.60,
TXN0004054,27-04-2019,ITM0125,OUT045,CUS01313,19,1819.07,4.0
TXN0003846,23-07-2022,ITM0474,OUT032,CUS01608,1,2397.77,3.4
TXN0007127,25-11-2019,ITM0421,OUT018,CUS00068,19,1448.10,2.0
TXN0003639,31-07-2023,ITM0274,OUT014,CUS00028,18,276.88,4.1
TXN0009709,29-06-2023,ITM0410,OUT032,CUS00780,19,642.32,3.4
TXN0003228,20-11-2022,ITM0085,OUT036,CUS01161,4,1790.92,1.9
TXN0001218,13-12-2022,ITM0091,OUT008,CUS01664,,1388.26,4.0
TXN0001763,11-07-2022,ITM0473,OUT007,CUS00555,,,3.5
TXN0009140,,ITM0246,OUT044,CUS01852,18,664.09,1.3
TXN0010271,07-09-2018,ITM0018,OUT008,CUS01421,15,1620.78,1.4
TXN0004363,19-01-2018,ITM0137,OUT027,CUS01762,20,2131.32,3.9
TXN0005566,,ITM0029,OUT043,CUS01960,15,2321.06,4.2
TXN0010098,19-06-2020,ITM0128,OUT016,CUS01825,10,,2.4
TXN0004459,,ITM0228,OUT030,CUS00391,12,4027.39,1.1
TXN0001942,21-01-2018,ITM0465,OUT006,CUS00946,1,,4.2
TXN0005898,15-01-2020,ITM0485,OUT027,CUS00721,2,2247.32,1.2
TXN0004312,27-06-2020,ITM0094,OUT046,CUS01841,7,2523.27,3.6
TXN0008829,23-03-2021,ITM0142,OUT027,CUS00730,4,1260.53,2.6
TXN0010049,29-06-2018,ITM0249,OUT021,CUS01990,1,4794.60,1.9
TXN0006793,,ITM0218,OUT011,CUS00835,3,4111.11,3.2
TXN0001803,08-03-2022,ITM0224,OUT045,CUS00335,5,1910.64,3.4
TXN0005174,25-03-2018,ITM0452,OUT030,CUS01975,6,681.25,4.2
TXN0008592,17-09-2020,ITM0184,OUT026,CUS00598,10,,1.6
TXN0004592,,ITM0205,OUT041,CUS00150,8,3978.74,4.7
TXN0010407,27-12-2020,ITM0250,OUT039,CUS00239,4,4585.10,2.2
TXN0007073,12-02-2018,ITM0113,OUT021,CUS01610,7,1912.55,3.8
TXN0006623,28-05-2018,ITM0152,OUT022,CUS01523,17,3398.63,2.0
TXN0007045,09-06-2023,ITM0254,OUT006,CUS01414,5,1783.63,4.4
TXN0007312,10-01-2019,ITM0036,OUT002,CUS01298,15,3851.38,2.0
TXN0010422,27-02-2021,ITM0128,OUT045,CUS00167,10,2147.93,1.1
TXN0001692,04-09-2021,ITM0240,OUT050,CUS01502,,2583.25,2.5
TXN0007411,29-11-2022,ITM0440,OUT032,CUS00043,11,2601.27,2.4
TXN0005558,03-06-2019,ITM0112,OUT047,CUS01988,14,324.44,1.1
TXN0006810,,ITM0362,OUT006,CUS01294,6,3432.05,2.3
TXN0005539,27-02-2021,ITM0404,OUT027,CUS00269,2,2171.01,3.0
TXN0001208,29-10-2023,ITM0212,OUT020,CUS00624,15,2159.65,2.8
TXN0001792,06-04-2019,ITM0266,OUT047,CUS01687,14,3477.44,4.8
TXN0009275,08-03-2023,ITM0275,OUT012,CUS01634,5,2699.87,4.0
TXN0008923,16-04-2021,ITM0227,OUT018,CUS01922,12,598.52,3.2
TXN0009792,04-11-2018,ITM0376,OUT046,CUS01834,2,3759.70,3.6
TXN0004426,21-05-2019,ITM0418,OUT042,CUS01421,5,3863.99,3.6
TXN0005876,27-05-2021,ITM0393,OUT046,CUS01943,1,3639.41,4.4
TXN0003549,28-01-2021,ITM0275,OUT047,CUS00688,11,1681.54,3.5
TXN0001018,29-10-2018,ITM0076,OUT023,CUS00805,15,331.31,2.8
TXN0004954,24-06-2018,ITM0220,OUT003,CUS00397,1,4940.89,
TXN0000531,19-05-2023,ITM0231,OUT019,CUS00053,5,1939.15,4.3
TXN0008714,01-03-2019,ITM0377,OUT006,CUS01313,15,4542.23,1.5
TXN0006589,14-06-2019,ITM0266,OUT042,CUS01193,20,2159.88,3.7
TXN0004073,15-06-2021,ITM0099,OUT023,CUS01498,14,,3.3
TXN0000396,19-12-2022,ITM0477,OUT044,CUS01836,1,158.40,4.1
TXN0004775,18-02-2019,ITM0459,OUT004,CUS01797,14,4341.48,2.9
TXN0004577,21-04-2020,ITM0283,OUT030,CUS01863,4,1237.76,1.8
TXN0008475,28-12-2019,ITM0319,OUT004,CUS01777,18,1436.77,1.5
TXN0009432,07-10-2022,ITM0089,OUT020,CUS01376,1,3434.67,2.6
TXN0001684,11-02-2020,ITM0213,OUT025,CUS00218,18,,2.1
TXN0001161,18-07-2019,ITM0352,OUT009,CUS01415,4,769.42,2.5
TXN0005537,18-07-2018,ITM0231,OUT020,CUS01727,19,1885.41,1.7
TXN0005202,13-09-2019,ITM0249,OUT037,CUS00094,11,712.96,3.9
TXN0006848,30-08-2019,ITM0484,OUT026,CUS00498,3,1344.62,3.0
TXN0004846,06-04-2019,ITM0300,OUT002,CUS01609,10,,
TXN0005470,27-09-2019,ITM0296,OUT040,CUS01372,4,4798.71,2.0
TXN0004094,12-01-2023,ITM0404,OUT033,CUS00919,19,,3.4
TXN0004188,28-08-2023,ITM0323,OUT032,CUS01416,19,2056.44,2.7
TXN0008193,14-04-2022,ITM0043,OUT038,CUS01915,3,4184.64,3.8
TXN0007924,12-08-2021,ITM0448,OUT036,CUS01608,9,478.21,2.9
TXN0010035,04-04-2022,ITM0295,OUT009,CUS01181,20,2614.19,1.8
TXN0004413,15-07-2020,ITM0060,OUT048,CUS01808,,808.56,2.2
TXN0000412,12-03-2022,ITM0128,OUT001,CUS00375,18,1082.60,4.7
TXN0003381,15-11-2022,ITM0473,OUT041,CUS01629,13,1608.20,4.5
TXN0007704,06-02-2021,ITM0060,OUT007,CUS01350,3,1226.52,4.9
TXN0004784,30-01-2019,ITM0408,OUT038,CUS01488,8,601.82,1.4
TXN0009286,05-03-2021,ITM0077,OUT019,CUS00342,1,2251.13,4.0
TXN0002121,11-10-2020,ITM0492,OUT039,CUS00963,2,339.48,3.0
TXN0010397,31-05-2023,ITM0114,OUT006,CUS01222,2,1720.08,4.3
TXN0000669,21-05-2018,ITM0342,OUT048,CUS00773,1,3449.14,3.2
TXN0009529,19-07-2023,ITM0252,OUT043,CUS01795,20,3898.50,4.9
TXN0004661,21-08-2023,ITM0172,OUT028,CUS01041,19,1062.42,2.6
TXN0008171,27-02-2023,ITM0295,OUT001,CUS00276,12,3744.69,1.8
TXN0005788,26-01-2020,ITM0219,OUT042,CUS01976,15,4680.49,4.7
TXN0009828,25-10-2020,ITM0098,OUT002,CUS00075,3,4571.77,1.5
TXN0009012,26-09-2023,ITM0160,OUT022,CUS00456,9,1489.26,3.8
TXN0000939,29-01-2022,ITM0205,OUT038,CUS00040,9,4059.01,1.8
TXN0001261,21-01-2023,ITM0406,OUT041,CUS00620,8,831.49,1.4
TXN0003235,12-02-2018,ITM0347,OUT030,CUS01151,1,4122.26,
TXN0000331,21-01-2023,ITM0229,OUT042,CUS01828,13,937.82,2.8
TXN0007731,30-08-2023,ITM0374,OUT027,CUS01303,13,4296.34,1.6
TXN0006311,13-12-2020,ITM0086,OUT013,CUS01910,13,3000.07,4.8
TXN0007374,01-07-2018,ITM0433,OUT034,CUS00296,16,4939.98,3.3
TXN0006527,08-02-2021,ITM0167,OUT032,CUS00129,17,1204.63,3.4
TXN0005201,16-05-2018,ITM0412,OUT026,CUS00469,18,1293.73,2.7
TXN0010016,14-11-2023,ITM0181,OUT039,CUS01292,,4628.93,4.4
TXN0003854,10-12-2022,ITM0218,OUT044,CUS00809,1,2935.11,1.5
TXN0004589,26-11-2018,ITM0339,OUT024,CUS00030,4,,3.6
TXN0006572,08-09-2021,ITM0415,OUT010,CUS00334,14,2715.19,1.1
TXN0003562,20-11-2018,ITM0431,OUT049,CUS01711,11,2117.96,1.5
TXN0007204,,ITM0044,OUT003,CUS00090,11,2418.20,2.8
TXN0009164,28-07-2018,ITM0024,OUT038,CUS00191,17,894.18,4.4
TXN0009162,27-04-2020,ITM0073,OUT022,CUS00076,17,,1.2
TXN0000175,12-11-2019,ITM0448,OUT021,CUS00389,15,61.52,3.0
TXN0001784,03-10-2021,ITM0356,OUT024,CUS00155,19,3330.91,4.0
TXN0005847,16-09-2019,ITM0199,OUT002,CUS01912,5,,4.1
TXN0008712,06-12-2020,ITM0067,OUT013,CUS00034,5,579.75,2.3
TXN0000314,31-03-2019,ITM0325,OUT025,CUS00515,16,3898.19,1.8
TXN0000093,21-07-2022,ITM0457,OUT003,CUS00785,8,2790.33,4.6
TXN0002019,06-11-2021,ITM0032,OUT031,CUS01280,17,3040.85,1.3
TXN0006455,22-10-2021,ITM0404,OUT035,CUS01515,3,2603.05,3.8
TXN0000101,07-12-2023,ITM0354,OUT037,CUS01383,9,,4.5
TXN0008692,14-06-2019,ITM0496,OUT019,CUS01258,,2850.41,1.6
TXN0001774,25-11-2021,ITM0159,OUT027,CUS00559,16,1566.93,5.0
TXN0007032,16-01-2021,ITM0335,OUT040,CUS00660,13,,5.0
TXN0002146,12-08-2018,ITM0176,OUT030,CUS00776,10,3584.74,1.0
TXN0003820,26-01-2020,ITM0458,OUT015,CUS01218,12,278.62,4.7
TXN0001607,08-06-2020,ITM0465,OUT042,CUS01932,10,982.84,2.5
TXN0000987,31-03-2022,ITM0460,OUT042,CUS00505,13,3876.74,3.0
TXN0001628,06-04-2021,ITM0012,OUT009,CUS01751,9,656.36,4.4
TXN_OUT2,20-11-2022,ITM0002,OUT002,CUS00002,1,9999999,3.0
TXN0007143,19-03-2022,ITM0355,OUT036,CUS00398,6,482.12,3.1
TXN0001301,22-04-2023,ITM0329,OUT044,CUS00376,,2645.24,4.2
TXN0007383,05-06-2020,ITM0399,OUT023,CUS00235,1,2402.43,2.6
TXN0006523,06-10-2018,ITM0012,OUT031,CUS00784,5,1201.00,
TXN0002910,13-12-2023,ITM0059,OUT019,CUS00556,14,4899.56,4.0
TXN0007275,16-02-2022,ITM0395,OUT036,CUS00320,20,1742.33,
TXN0009036,28-04-2018,ITM0334,OUT029,CUS01923,10,1464.29,4.5
TXN0006991,31-07-2018,ITM0478,OUT027,CUS00286,17,812.93,3.8
TXN0010387,17-03-2023,ITM0375,OUT003,CUS01526,18,4647.88,2.6
TXN0005552,09-07-2023,ITM0008,OUT027,CUS01153,2,4370.97,3.2
TXN0008505,,ITM0166,OUT010,CUS00849,15,526.83,3.4
TXN0002392,12-10-2022,ITM0262,OUT031,CUS00229,,3813.40,1.7
TXN0001248,25-08-2019,ITM0466,OUT045,CUS01313,3,4607.57,1.9
TXN0003956,30-05-2022,ITM0261,OUT026,CUS00235,15,3758.75,2.6
TXN0002396,30-01-2022,ITM0098,OUT016,CUS01812,5,3278.23,1.7
TXN0002512,23-06-2019,ITM0447,OUT012,CUS01645,9,4116.62,3.9
TXN0009871,25-10-2023,ITM0007,OUT026,CUS00018,2,157.69,2.0
TXN0009080,20-08-2021,ITM0066,OUT035,CUS01300,16,2176.38,
TXN0002314,17-01-2021,ITM0013,OUT022,CUS01396,12,3173.75,4.0
TXN0007804,26-08-2021,ITM0491,OUT029,CUS00273,6,,2.2
TXN0000899,12-04-2018,ITM0380,OUT027,CUS00024,14,3793.48,4.8
TXN0009977,08-01-2022,ITM0109,OUT011,CUS01644,10,1669.07,4.3
TXN0004666,23-01-2023,ITM0293,OUT033,CUS01986,4,1956.03,1.8
TXN0000766,25-09-2018,ITM0402,OUT020,CUS00260,9,3129.31,3.7
TXN0009701,02-06-2023,ITM0026,OUT028,CUS00405,16,3000.47,2.2
TXN0007522,20-09-2021,ITM0401,OUT002,CUS01566,,875.08,2.4
TXN0003810,30-03-2019,ITM0188,OUT044,CUS01772,8,937.21,3.3
TXN0001493,01-10-2020,ITM0417,OUT021,CUS01661,20,2985.08,4.1
TXN0000092,04-02-2021,ITM0215,OUT032,CUS00029,17,343.74,1.3
TXN0003293,11-09-2022,ITM0022,OUT046,CUS01006,4,2271.95,3.4
TXN0009056,,ITM0237,OUT005,CUS00293,12,1378.08,3.8
TXN0007016,10-06-2019,ITM0499,OUT034,CUS00512,16,3591.71,1.9
TXN0004042,11-05-2021,ITM0419,OUT036,CUS00941,17,2923.51,1.1
TXN0008531,31-12-2022,ITM0003,OUT031,CUS00806,18,3605.32,4.4
TXN0008192,,ITM0206,OUT049,CUS00412,4,3003.28,4.2
TXN0003696,22-05-2020,ITM0444,OUT004,CUS00766,11,112.77,1.8
TXN0005917,25-10-2018,ITM0141,OUT030,CUS01441,12,,3.2
TXN0008094,07-07-2022,ITM0206,OUT019,CUS01841,13,2826.65,4.1
TXN0006961,03-01-2018,ITM0229,OUT046,CUS02000,15,439.61,
TXN0008299,19-11-2020,ITM0211,OUT044,CUS01692,9,1883.85,2.8
TXN0007817,10-09-2022,ITM0154,OUT005,CUS01598,17,4467.60,3.5
TXN0006520,28-01-2019,ITM0157,OUT019,CUS00603,13,4611.28,
TXN0008334,14-07-2020,ITM0220,OUT016,CUS00010,4,4197.15,1.2
TXN0010121,24-07-2018,ITM0093,OUT034,CUS00632,10,3538.29,4.6
TXN0002028,13-09-2021,ITM0157,OUT044,CUS01586,17,1768.98,1.6
TXN0001204,29-03-2021,ITM0340,OUT042,CUS00754,7,46.04,4.0
TXN0006849,24-10-2019,ITM0007,OUT007,CUS00679,5,2919.61,
TXN0005396,09-12-2023,ITM0239,OUT028,CUS01387,7,3596.14,3.9
TXN0005182,16-09-2018,ITM0409,OUT032,CUS01572,5,852.55,3.2
TXN0007352,07-04-2021,ITM0201,OUT041,CUS01460,4,4342.20,3.0
TXN0004163,14-10-2021,ITM0064,OUT032,CUS00529,8,3777.08,2.6
TXN0009913,22-03-2022,ITM0493,OUT022,CUS00013,10,1991.68,1.7
TXN0006452,01-08-2018,ITM0350,OUT025,CUS01695,17,4984.71,3.3
TXN0002936,31-12-2018,ITM0358,OUT024,CUS01893,10,3509.01,1.2
TXN0003144,16-02-2021,ITM0441,OUT014,CUS01913,11,2044.45,1.3
TXN0002024,18-08-2019,ITM0309,OUT025,CUS00886,14,147.20,4.6
TXN0000217,07-08-2020,ITM0112,OUT007,CUS00341,20,2676.54,4.9
TXN0006351,29-10-2021,ITM0391,OUT010,CUS01378,13,1538.84,2.1
TXN0004098,20-01-2023,ITM0101,OUT040,CUS00239,16,396.08,4.6
TXN0002095,04-06-2019,ITM0403,OUT021,CUS00997,18,2097.16,1.1
TXN0002408,01-11-2018,ITM0107,OUT014,CUS00574,,231.91,2.9
TXN0008209,10-07-2022,ITM0386,OUT021,CUS01357,15,198.95,2.9
TXN0003105,03-08-2021,ITM0256,OUT050,CUS00694,15,4851.01,
TXN0007448,04-08-2021,ITM0282,OUT014,CUS00824,7,4958.67,
TXN0009948,12-01-2021,ITM0474,OUT007,CUS00060,20,1059.16,1.0
TXN0004072,22-07-2020,ITM0182,OUT012,CUS01567,8,4803.08,2.9
TXN0001228,13-01-2023,ITM0464,OUT027,CUS01616,5,,3.8
TXN0004822,26-08-2022,ITM0388,OUT006,CUS01441,8,,
TXN0007007,10-10-2018,ITM0001,OUT035,CUS01380,2,471.98,4.3
TXN0009600,26-11-2022,ITM0220,OUT050,CUS01845,5,1045.56,3.8
TXN0009970,17-06-2018,ITM0497,OUT009,CUS00153,5,4693.91,3.9
TXN0009222,08-04-2020,ITM0365,OUT036,CUS00169,7,918.39,2.8
TXN0003705,21-06-2022,ITM0177,OUT007,CUS01282,18,312.10,2.3
TXN0000137,15-01-2020,ITM0249,OUT025,CUS00558,10,1173.54,1.3
TXN0001516,23-10-2020,ITM0293,OUT012,CUS00169,6,553.05,1.7
TXN0007332,02-11-2020,ITM0295,OUT019,CUS01321,10,700.33,3.3
TXN0010369,03-03-2021,ITM0232,OUT050,CUS00922,3,3842.98,3.4
TXN0001478,14-09-2023,ITM0474,OUT016,CUS00876,3,4672.77,2.8
TXN0000062,,ITM0043,OUT043,CUS00277,6,4597.69,1.3
TXN0004200,25-08-2020,ITM0479,OUT012,CUS01738,8,2725.10,3.5
TXN0005101,14-07-2022,ITM0185,OUT021,CUS00228,,597.50,4.1
TXN0000240,14-09-2020,ITM0158,OUT009,CUS01324,11,3938.45,3.1
TXN0004321,08-04-2022,ITM0194,OUT010,CUS00300,8,2051.39,4.4
TXN0004521,05-08-2023,ITM0146,OUT046,CUS01209,9,3280.24,
TXN0004323,16-05-2021,ITM0210,OUT012,CUS01355,20,2619.82,1.8
TXN0002412,04-08-2019,ITM0457,OUT021,CUS01900,12,4111.51,2.9
TXN0002428,12-06-2019,ITM0216,OUT005,CUS01004,7,2430.92,2.3
TXN0005600,25-09-2018,ITM0363,OUT039,CUS01283,19,1981.98,3.1
TXN0002509,21-07-2018,ITM0259,OUT046,CUS01431,7,4281.63,4.5
TXN0009278,07-04-2022,ITM0179,OUT017,CUS00080,14,4707.52,4.1
TXN0008095,19-02-2018,ITM0112,OUT026,CUS01191,14,4640.53,2.3
TXN0007840,18-07-2019,ITM0202,OUT035,CUS00397,2,3877.09,
TXN0009586,,ITM0119,OUT048,CUS01080,13,3651.75,2.8
TXN0007447,01-04-2022,ITM0281,OUT017,CUS01818,3,512.25,2.3
TXN0000303,26-06-2022,ITM0314,OUT032,CUS01586,7,3303.02,1.4
TXN0001117,15-10-2021,ITM0231,OUT030,CUS01330,2,1458.87,3.8
TXN0010428,18-02-2019,ITM0014,OUT013,CUS00012,3,661.00,2.5
TXN0009123,28-07-2018,ITM0258,OUT046,CUS01484,20,3140.89,3.7
TXN0003703,28-02-2021,ITM0047,OUT022,CUS01579,8,1248.21,1.7
TXN0001345,24-07-2019,ITM0137,OUT025,CUS01148,16,2886.93,3.6
TXN0002744,09-04-2022,ITM0478,OUT012,CUS01386,12,772.90,4.1
TXN0004168,14-06-2018,ITM0386,OUT018,CUS01465,18,923.08,2.8
TXN0008376,08-05-2022,ITM0259,OUT018,CUS01561,,4645.83,1.5
TXN0000685,11-12-2022,ITM0422,OUT009,CUS01209,12,555.71,3.2
TXN0001794,04-11-2018,ITM0074,OUT033,CUS00236,5,812.21,4.9
TXN0004958,07-05-2022,ITM0243,OUT040,CUS00904,14,3161.38,3.1
TXN0008852,30-12-2018,ITM0406,OUT040,CUS00151,16,3779.71,4.3
TXN0000066,08-02-2022,ITM0491,OUT044,CUS01274,7,3223.13,
TXN0008693,31-01-2021,ITM0389,OUT016,CUS01220,,4369.14,3.3
TXN0000827,29-04-2020,ITM0166,OUT047,CUS00504,18,1653.06,5.0
TXN0005423,27-10-2021,ITM0215,OUT049,CUS01197,4,4937.74,5.0
TXN0003291,17-10-2019,ITM0499,OUT029,CUS00310,2,1318.29,1.5
TXN0008831,02-09-2023,ITM0363,OUT037,CUS01314,14,4502.39,3.9
TXN0008873,08-07-2018,ITM0160,OUT016,CUS00235,3,2685.42,
TXN0002768,30-07-2019,ITM0022,OUT021,CUS00197,2,670.72,4.3
TXN0002284,17-12-2020,ITM0287,OUT048,CUS01083,5,3353.38,4.5
TXN0010259,10-03-2019,ITM0373,OUT034,CUS00602,1,3861.35,5.0
TXN0000045,03-08-2019,ITM0033,OUT041,CUS00818,8,640.38,
TXN0000884,19-12-2019,ITM0400,OUT022,CUS01951,6,598.15,2.0
TXN0002490,19-01-2018,ITM0163,OUT033,CUS01814,20,4104.82,1.1
TXN0006555,07-12-2023,ITM0169,OUT026,CUS01374,8,2137.13,
TXN0002606,16-06-2022,ITM0164,OUT049,CUS00805,8,57.95,1.3
TXN0004157,18-06-2021,ITM0341,OUT019,CUS01530,19,4091.24,3.0
TXN0007150,14-02-2018,ITM0055,OUT033,CUS01832,5,3538.20,4.3
TXN0009885,29-04-2020,ITM0340,OUT022,CUS01139,1,4707.28,4.2
TXN0004077,30-11-2021,ITM0275,OUT002,CUS00020,15,1177.78,1.3
TXN0007293,22-10-2021,ITM0283,OUT011,CUS00138,5,910.95,1.3
TXN0010398,14-07-2021,ITM0181,OUT048,CUS01916,14,1930.77,2.1
TXN0009119,09-09-2020,ITM0286,OUT008,CUS00159,13,3948.67,4.8
TXN0009738,06-03-2023,ITM0107,OUT002,CUS01941,9,4435.49,1.6
TXN0000626,29-07-2023,ITM0399,OUT018,CUS01367,1,2069.55,4.7
TXN0001000,26-06-2019,ITM0495,OUT010,CUS00742,11,2382.43,4.9
TXN0006301,24-03-2023,ITM0317,OUT044,CUS00675,17,3354.28,
TXN0002952,21-12-2018,ITM0281,OUT007,CUS00726,10,185.14,3.3
TXN0008631,07-12-2022,ITM0395,OUT032,CUS00008,8,3829.32,4.2
TXN0005019,08-07-2018,ITM0181,OUT045,CUS00976,13,4568.27,2.0
TXN0001173,26-05-2019,ITM0365,OUT031,CUS00197,3,,2.3
TXN0006498,29-08-2019,ITM0008,OUT006,CUS01739,8,857.83,1.9
TXN0007108,17-11-2018,ITM0104,OUT019,CUS01217,8,4330.94,3.7
TXN0009749,26-01-2022,ITM0100,OUT028,CUS00172,8,4001.30,
TXN0005992,,ITM0212,OUT018,CUS00171,13,237.10,3.9
TXN0003039,28-04-2022,ITM0472,OUT037,CUS00412,17,2215.10,1.1
TXN0002221,06-10-2021,ITM0096,OUT012,CUS01119,1,1621.77,1.8
TXN0001947,09-04-2021,ITM0432,OUT004,CUS01320,14,3297.80,4.0
TXN0003612,04-04-2023,ITM0301,OUT048,CUS01575,9,,4.8
TXN0006160,08-09-2023,ITM0414,OUT036,CUS00781,2,,4.1
TXN0010460,14-05-2020,ITM0028,OUT031,CUS01807,7,587.16,3.7
TXN0004231,04-02-2019,ITM0303,OUT046,CUS00874,,2840.81,3.3
TXN0003278,08-07-2021,ITM0205,OUT040,CUS00043,7,1020.63,1.7
TXN0007054,19-03-2019,ITM0185,OUT016,CUS00219,3,964.47,2.4
TXN0004957,29-04-2023,ITM0045,OUT018,CUS00136,4,92.12,3.6
TXN0009848,20-11-2018,ITM0396,OUT039,CUS01206,20,4837.52,4.2
TXN0006362,07-04-2018,ITM0427,OUT035,CUS00549,20,3754.70,2.6
TXN0006618,12-02-2020,ITM0438,OUT030,CUS00600,16,4329.54,
TXN0008606,31-05-2023,ITM0454,OUT040,CUS01104,6,2205.02,1.6
TXN0004946,27-06-2018,ITM0203,OUT029,CUS01416,5,1323.14,3.4
TXN0003478,05-07-2021,ITM0328,OUT003,CUS00379,5,2873.62,3.2
TXN0006430,24-09-2018,ITM0103,OUT006,CUS00981,13,177.79,3.8
TXN0001120,23-07-2020,ITM0170,OUT023,CUS01095,15,1044.07,4.9
TXN0006692,,ITM0056,OUT012,CUS01026,,2735.34,1.3
TXN0005692,08-01-2020,ITM0364,OUT014,CUS01089,1,3211.59,1.4
TXN0004842,03-11-2023,ITM0136,OUT006,CUS00834,5,4198.41,3.0
TXN0001059,28-02-2018,ITM0465,OUT035,CUS01330,8,4215.27,1.4
TXN0010114,06-04-2020,ITM0214,OUT045,CUS00367,13,4795.72,2.8
TXN0002564,16-02-2022,ITM0283,OUT020,CUS00290,9,845.66,1.6
TXN0005654,02-06-2018,ITM0068,OUT042,CUS00290,6,3677.42,2.2
TXN0004574,14-01-2023,ITM0441,OUT020,CUS00037,18,1345.94,4.1
TXN0006141,24-04-2023,ITM0188,OUT005,CUS00456,5,,2.1
TXN0010197,22-11-2021,ITM0054,OUT002,CUS00293,15,1438.32,2.4
TXN0007829,28-07-2019,ITM0347,OUT008,CUS00823,7,4347.06,2.7
TXN0008484,10-08-2023,ITM0068,OUT043,CUS00011,6,4132.24,3.8
TXN0000801,,ITM0249,OUT020,CUS00924,8,,1.4
TXN0000951,28-04-2022,ITM0352,OUT014,CUS01419,,2509.86,2.8
TXN0003179,31-05-2019,ITM0219,OUT033,CUS00572,17,3487.50,4.0
TXN0009942,,ITM0215,OUT035,CUS01457,10,3219.90,1.7
TXN0008219,06-01-2020,ITM0221,OUT016,CUS00976,11,1442.61,4.7
TXN0004767,01-03-2019,ITM0479,OUT006,CUS00771,7,952.12,1.9
TXN0009294,28-11-2021,ITM0046,OUT006,CUS00043,7,1722.87,2.6
TXN0002448,,ITM0144,OUT017,CUS01197,3,4712.80,2.2
TXN0007700,16-06-2020,ITM0259,OUT014,CUS00537,10,2712.14,2.6
TXN0001155,,ITM0134,OUT023,CUS01052,,1147.64,3.3
TXN0003984,10-10-2018,ITM0404,OUT043,CUS01360,17,1103.82,1.7
TXN0004709,21-06-2019,ITM0302,OUT014,CUS01472,19,3810.90,4.6
TXN0009508,28-03-2018,ITM0162,OUT023,CUS01427,3,2295.91,4.4
TXN0010385,23-02-2021,ITM0253,OUT007,CUS00515,13,3085.27,
TXN0000936,20-03-2023,ITM0295,OUT003,CUS01441,2,3645.68,3.9
TXN0001077,15-02-2022,ITM0135,OUT009,CUS01141,12,3183.53,4.6
TXN0005571,,ITM0320,OUT024,CUS00433,13,4089.91,4.6
TXN0003316,22-02-2020,ITM0488,OUT014,CUS01868,1,2268.69,4.9
TXN0004010,17-06-2020,ITM0261,OUT002,CUS00567,15,,4.9
TXN0004322,13-05-2020,ITM0357,OUT037,CUS01854,,1931.02,3.3
TXN0006253,18-06-2020,ITM0141,OUT028,CUS00373,12,3513.83,1.1
TXN0007439,21-04-2023,ITM0409,OUT027,CUS00938,15,3956.68,1.3
TXN0006449,13-01-2022,ITM0157,OUT043,CUS00065,,2919.91,2.4
TXN0001570,01-05-2022,ITM0140,OUT017,CUS01238,9,3791.18,2.9
TXN0003664,30-10-2021,ITM0040,OUT035,CUS01683,14,2242.67,2.7
TXN0006149,12-03-2021,ITM0442,OUT017,CUS00906,14,1024.26,2.5
TXN0003299,28-12-2019,ITM0452,OUT045,CUS01358,19,3214.30,3.5
TXN0003374,15-09-2020,ITM0247,OUT026,CUS01032,10,,
TXN0004614,13-01-2022,ITM0424,OUT003,CUS00386,5,3548.42,4.4
TXN0001458,01-06-2023,ITM0492,OUT015,CUS01052,4,3289.77,1.9
TXN0008918,07-05-2023,ITM0155,OUT010,CUS00671,11,,3.4
TXN0003476,29-10-2022,ITM0443,OUT021,CUS00414,4,1022.53,4.0
TXN0008585,25-07-2020,ITM0029,OUT018,CUS00301,9,,3.6
TXN0006633,17-03-2021,ITM0341,OUT048,CUS01171,13,2800.76,
TXN0001274,20-01-2022,ITM0127,OUT032,CUS01176,7,3693.18,3.3
TXN0001049,13-10-2023,ITM0237,OUT039,CUS01442,19,1054.40,3.5
TXN0009048,01-01-2022,ITM0230,OUT001,CUS00637,18,1942.71,2.2
TXN0000897,09-05-2021,ITM0201,OUT020,CUS01805,15,4015.70,1.2
TXN0002066,11-07-2020,ITM0488,OUT041,CUS01017,2,3510.80,1.0
TXN0000063,09-07-2021,ITM0416,OUT045,CUS01883,2,3926.82,1.2
TXN0006507,28-12-2023,ITM0451,OUT024,CUS01403,16,4423.53,1.1
TXN0006357,06-01-2021,ITM0218,OUT006,CUS01939,3,2831.62,1.5
TXN0004797,,ITM0476,OUT036,CUS00374,9,551.35,3.9
TXN0003164,05-01-2019,ITM0375,OUT003,CUS00792,11,2219.48,1.0
TXN0008807,27-06-2021,ITM0252,OUT006,CUS00446,14,874.12,2.4
TXN0003876,10-08-2018,ITM0379,OUT010,CUS00157,4,2563.04,4.0
TXN0004977,17-01-2021,ITM0249,OUT020,CUS01847,7,160.64,4.9
TXN0002237,02-08-2020,ITM0384,OUT028,CUS00069,12,760.06,4.2
TXN0008114,29-03-2020,ITM0155,OUT031,CUS00894,19,3766.37,3.4
TXN0009044,28-02-2019,ITM0470,OUT023,CUS00215,18,35.97,4.1
TXN0000781,08-12-2019,ITM0128,OUT034,CUS01325,10,3780.29,4.2
TXN0005979,19-02-2022,ITM0071,OUT004,CUS00265,13,2017.84,2.5
TXN0010399,29-05-2019,ITM0185,OUT009,CUS00304,19,1560.06,4.4
TXN0009431,08-09-2018,ITM0167,OUT044,CUS00929,5,3412.71,2.3
TXN0002665,11-03-2018,ITM0326,OUT043,CUS01068,4,4424.00,1.9
TXN0001776,17-03-2019,ITM0132,OUT002,CUS01437,20,1608.16,4.3
TXN0001170,28-12-2022,ITM0230,OUT026,CUS01950,3,73.67,3.8
TXN0006489,04-08-2022,ITM0166,OUT017,CUS00302,1,1886.42,2.1
TXN0007547,27-05-2019,ITM0119,OUT045,CUS00056,4,576.46,1.2
TXN0006385,08-05-2021,ITM0291,OUT009,CUS00513,14,3767.71,3.5
TXN0005343,24-11-2019,ITM0436,OUT015,CUS01752,9,308.21,1.5
TXN0007325,28-04-2019,ITM0115,OUT020,CUS01681,14,2202.64,1.3
TXN0001991,09-04-2018,ITM0027,OUT025,CUS01291,,367.06,4.5
TXN0008313,13-09-2023,ITM0327,OUT025,CUS00212,2,1130.11,1.8
TXN0001502,03-01-2023,ITM0329,OUT010,CUS00879,10,1360.96,2.6
TXN0001891,09-01-2023,ITM0209,OUT035,CUS01866,18,1061.68,3.0
TXN0008147,08-03-2023,ITM0159,OUT003,CUS01771,18,2464.90,3.5
TXN0009116,20-12-2020,ITM0231,OUT046,CUS00353,6,1349.42,2.5
TXN0000345,03-12-2021,ITM0066,OUT030,CUS01436,6,3082.75,3.8
TXN0007934,19-03-2022,ITM0137,OUT033,CUS01921,17,1074.58,1.1
TXN0005570,13-10-2023,ITM0115,OUT003,CUS00505,10,256.01,1.6
TXN0009892,25-07-2019,ITM0090,OUT014,CUS00503,16,3689.05,4.8
TXN0006333,08-03-2021,ITM0400,OUT036,CUS00160,1,3030.44,4.8
TXN0008586,25-05-2022,ITM0090,OUT025,CUS01267,15,409.45,2.6
TXN0010421,28-09-2021,ITM0106,OUT047,CUS00283,7,2429.33,4.4
TXN0005739,16-11-2019,ITM0297,OUT022,CUS00606,9,3893.08,1.0
TXN0006742,18-09-2020,ITM0172,OUT014,CUS00992,18,107.38,4.1
TXN0004151,17-08-2019,ITM0252,OUT010,CUS01529,18,1198.56,1.3
TXN0010458,13-01-2020,ITM0389,OUT020,CUS00405,20,1240.76,3.7
TXN0009393,01-02-2023,ITM0380,OUT037,CUS01523,18,4538.87,3.8
TXN0003740,18-04-2019,ITM0358,OUT012,CUS01511,14,4511.99,
TXN0009198,09-07-2018,ITM0126,OUT035,CUS01248,18,1271.37,3.4
TXN0001075,19-10-2018,ITM0039,OUT042,CUS01057,,3540.14,1.1
TXN0005288,26-10-2020,ITM0006,OUT004,CUS01056,9,237.07,4.6
TXN0001110,21-11-2018,ITM0406,OUT047,CUS01546,6,3352.55,3.2
TXN0009488,05-09-2020,ITM0205,OUT040,CUS00564,11,4920.25,3.0
TXN0008788,05-02-2020,ITM0251,OUT046,CUS01166,20,1394.98,
TXN0008776,30-06-2019,ITM0436,OUT026,CUS01349,13,,3.0
TXN0000704,30-01-2021,ITM0431,OUT044,CUS00779,6,4968.86,2.8
TXN0008273,03-01-2019,ITM0248,OUT029,CUS00390,10,4889.26,3.1
TXN0010484,01-12-2019,ITM0414,OUT018,CUS00038,,4251.73,3.4
TXN0006163,16-09-2019,ITM0421,OUT035,CUS01163,8,224.78,1.6
TXN0008971,,ITM0383,OUT013,CUS00184,16,1585.27,3.5
TXN0008611,19-04-2023,ITM0053,OUT047,CUS00339,2,895.52,2.1
TXN0007423,26-05-2018,ITM0325,OUT027,CUS00680,3,4037.41,3.7
TXN0004940,28-03-2018,ITM0263,OUT041,CUS00773,12,2664.68,3.1
TXN0008914,10-01-2018,ITM0007,OUT041,CUS01946,14,179.41,2.6
TXN0000161,19-05-2019,ITM0398,OUT031,CUS01249,20,3354.93,4.3
TXN0004562,06-02-2018,ITM0362,OUT041,CUS00138,13,2069.52,1.3
TXN0000800,10-01-2020,ITM0349,OUT016,CUS01277,18,2875.52,4.4
TXN0001097,28-04-2023,ITM0025,OUT018,CUS00705,5,4933.47,1.3
TXN0005948,07-02-2020,ITM0436,OUT037,CUS00350,10,2838.27,2.1
TXN0010048,04-04-2021,ITM0237,OUT041,CUS01697,11,1981.71,1.7
TXN0006620,11-08-2019,ITM0001,OUT026,CUS01282,4,4589.11,4.2
TXN0003941,05-03-2021,ITM0050,OUT031,CUS00299,19,4502.59,2.7
TXN0008983,31-12-2019,ITM0034,OUT032,CUS00851,14,1507.97,1.8
TXN0006715,31-12-2018,ITM0440,OUT028,CUS00730,6,3187.70,
TXN0007621,14-07-2022,ITM0353,OUT025,CUS01365,8,3853.27,4.9
TXN0009067,01-03-2022,ITM0337,OUT007,CUS00848,17,3745.05,1.5
TXN0000171,28-10-2020,ITM0090,OUT010,CUS01855,16,3475.28,4.6
TXN0008458,09-09-2019,ITM0038,OUT034,CUS00071,19,,1.1
TXN0004508,20-12-2018,ITM0072,OUT011,CUS01802,8,2178.38,3.4
TXN0006317,19-05-2019,ITM0183,OUT033,CUS00726,17,2830.89,2.1
TXN0009065,28-09-2020,ITM0076,OUT035,CUS00904,15,791.82,
TXN0002036,04-03-2023,ITM0004,OUT012,CUS01933,4,1383.41,4.8
TXN0005412,04-12-2020,ITM0003,OUT031,CUS00920,20,331.00,3.5
TXN0001615,14-07-2018,ITM0200,OUT008,CUS01486,1,4939.05,1.1
TXN0003784,01-02-2021,ITM0246,OUT019,CUS01057,4,2983.88,3.5
TXN0008653,31-03-2023,ITM0408,OUT042,CUS01428,,337.48,2.0
TXN0006671,08-08-2019,ITM0073,OUT001,CUS01509,10,843.80,1.2
TXN0000169,04-05-2019,ITM0471,OUT048,CUS01258,2,2659.27,2.4
TXN0005479,23-06-2021,ITM0422,OUT019,CUS00460,5,756.01,4.8
TXN0009389,15-03-2023,ITM0042,OUT024,CUS01546,7,4145.92,2.2
TXN0006250,09-03-2019,ITM0126,OUT049,CUS01783,1,4194.27,1.5
TXN0001611,17-12-2022,ITM0254,OUT024,CUS01567,19,875.91,3.6
TXN0003236,25-05-2020,ITM0289,OUT008,CUS01673,20,1284.08,2.9
TXN0002250,30-04-2020,ITM0204,OUT032,CUS00130,14,3299.22,2.0
TXN0009397,26-06-2020,ITM0327,OUT009,CUS01173,8,3801.49,2.8
TXN0000569,08-06-2022,ITM0467,OUT025,CUS01472,10,4105.09,3.7
TXN0007077,07-07-2021,ITM0376,OUT024,CUS01770,8,2084.10,
TXN0010297,23-01-2018,ITM0296,OUT042,CUS01849,10,2259.01,2.1
TXN0002933,08-02-2022,ITM0098,OUT050,CUS00626,12,1308.28,1.8
TXN0004027,30-01-2023,ITM0347,OUT045,CUS01794,18,2782.60,1.4
TXN0005177,14-05-2020,ITM0410,OUT001,CUS00293,10,1930.59,1.4
TXN0000073,15-02-2018,ITM0236,OUT035,CUS00522,6,373.66,1.5
TXN0007033,31-03-2020,ITM0273,OUT041,CUS00827,19,4062.78,
TXN0008038,05-07-2018,ITM0405,OUT022,CUS01306,17,4269.05,1.7
TXN0001432,11-06-2018,ITM0042,OUT029,CUS00130,17,4965.30,3.5
TXN0006569,29-11-2023,ITM0234,OUT033,CUS00133,,3379.94,4.4
TXN0002047,28-08-2021,ITM0071,OUT040,CUS01993,9,4439.05,4.6
TXN0009370,18-07-2022,ITM0210,OUT009,CUS00761,1,20.65,4.3
TXN0002718,14-01-2021,ITM0014,OUT038,CUS00272,19,1288.87,4.9
TXN0009502,25-05-2023,ITM0323,OUT020,CUS00444,2,2336.93,4.9
TXN0003777,14-08-2021,ITM0105,OUT009,CUS01123,2,4547.27,1.3
TXN0001973,,ITM0415,OUT039,CUS00429,15,2127.01,
TXN0002617,15-04-2023,ITM0323,OUT043,CUS00853,3,877.57,3.5
TXN0002405,11-06-2021,ITM0091,OUT024,CUS01420,17,554.47,2.0
TXN0004106,08-02-2018,ITM0278,OUT017,CUS00067,10,2018.26,4.5
TXN0000448,18-07-2019,ITM0317,OUT037,CUS00695,8,4593.48,1.3
TXN0000978,15-05-2020,ITM0054,OUT008,CUS01934,18,1454.44,2.1
TXN0002684,10-08-2021,ITM0298,OUT027,CUS01892,9,596.88,1.2
TXN0000214,13-03-2022,ITM0313,OUT039,CUS00894,16,832.53,4.1
TXN0010217,07-08-2021,ITM0283,OUT048,CUS01167,12,2895.90,4.5
TXN0002415,05-01-2022,ITM0108,OUT040,CUS01155,15,2015.21,3.1
TXN0008891,29-12-2023,ITM0381,OUT020,CUS01287,12,4042.92,1.5
TXN0006075,08-06-2019,ITM0087,OUT004,CUS00941,,463.22,4.4
TXN0003429,04-12-2023,ITM0204,OUT040,CUS01358,3,802.16,2.1
TXN0010260,17-11-2022,ITM0206,OUT040,CUS00924,2,4919.23,3.1
TXN0007449,29-11-2022,ITM0040,OUT027,CUS00064,19,4487.74,3.4
TXN0005125,28-07-2018,ITM0012,OUT013,CUS00077,14,4226.50,
TXN0002836,24-06-2018,ITM0193,OUT029,CUS01751,16,4384.73,1.9
TXN0001804,24-08-2020,ITM0311,OUT046,CUS01542,12,423.71,2.0
TXN0010390,12-06-2019,ITM0425,OUT012,CUS01115,16,4451.03,3.4
TXN0007516,09-06-2021,ITM0306,OUT013,CUS01666,5,3235.09,2.5
TXN0008240,29-01-2023,ITM0480,OUT003,CUS01740,2,1599.62,3.0
TXN0005877,23-06-2023,ITM0086,OUT003,CUS01025,10,4460.53,3.9
TXN0001030,11-05-2021,ITM0184,OUT001,CUS00651,1,722.08,1.0
TXN0009800,20-02-2022,ITM0030,OUT009,CUS01997,2,2136.92,4.1
TXN0001074,07-10-2023,ITM0070,OUT033,CUS01632,5,2505.61,1.6
TXN0008067,07-12-2019,ITM0422,OUT043,CUS00569,18,3882.32,3.4
TXN0002013,14-01-2018,ITM0352,OUT029,CUS00329,16,3545.83,4.6
TXN0006617,03-07-2018,ITM0078,OUT001,CUS01653,,292.54,1.3
TXN0009122,28-01-2018,ITM0341,OUT043,CUS01436,4,3422.96,1.4
TXN0008430,21-01-2022,ITM0241,OUT045,CUS01521,7,2057.68,2.4
TXN0008120,01-11-2023,ITM0059,OUT004,CUS00812,20,1291.71,3.8
TXN0009253,23-02-2018,ITM0113,OUT007,CUS00773,2,765.33,4.9
TXN0007971,05-09-2023,ITM0246,OUT049,CUS00201,6,4728.38,4.1
TXN0003725,04-03-2020,ITM0272,OUT006,CUS01963,12,35.26,4.4
TXN0005772,27-12-2023,ITM0138,OUT024,CUS01622,20,1727.74,4.2
TXN0007931,29-09-2022,ITM0358,OUT031,CUS01421,11,577.08,1.6
TXN0001749,30-10-2022,ITM0205,OUT031,CUS01072,3,2099.49,1.9
TXN0000474,,ITM0286,OUT024,CUS00108,8,4775.16,1.1
TXN0001535,09-02-2020,ITM0327,OUT005,CUS01172,2,2704.73,1.5
TXN0004417,08-11-2018,ITM0220,OUT020,CUS01488,1,4980.10,3.1
TXN0007958,19-11-2021,ITM0317,OUT020,CUS00989,19,66.68,3.7
TXN0003913,22-02-2020,ITM0247,OUT019,CUS01792,9,417.89,4.9
TXN0005379,04-08-2021,ITM0099,OUT024,CUS01850,3,806.36,4.8
TXN0000189,17-06-2020,ITM0179,OUT013,CUS01532,6,4377.17,4.0
TXN0001830,16-08-2022,ITM0047,OUT030,CUS00246,6,3025.20,1.6
TXN0007638,,ITM0063,OUT018,CUS00315,4,4802.65,5.0
TXN0003237,19-02-2020,ITM0471,OUT047,CUS00657,1,2749.54,1.3
TXN0009277,05-12-2022,ITM0142,OUT030,CUS01942,15,2220.21,
TXN0003555,26-12-2021,ITM0421,OUT041,CUS01585,2,224.95,3.1
TXN0002180,18-09-2018,ITM0428,OUT020,CUS01571,4,430.94,
TXN0002351,30-03-2020,ITM0268,OUT032,CUS00908,20,1377.82,
TXN0007870,21-12-2018,ITM0440,OUT015,CUS01532,20,872.32,4.4
TXN0004390,,ITM0484,OUT040,CUS00685,3,3015.45,2.1
TXN0003939,22-10-2022,ITM0222,OUT048,CUS01337,5,4321.37,
TXN0007671,11-10-2023,ITM0075,OUT015,CUS00891,18,3338.46,3.6
TXN0008981,30-11-2023,ITM0197,OUT014,CUS01797,,1734.99,4.8
TXN0008980,07-12-2019,ITM0493,OUT020,CUS00501,14,3933.03,1.3
TXN0001211,04-07-2023,ITM0406,OUT014,CUS01411,8,4074.90,3.3
TXN0009014,29-02-2020,ITM0321,OUT050,CUS00700,,2364.09,3.6
TXN0007230,05-05-2019,ITM0108,OUT003,CUS00387,11,4743.70,4.4
TXN0006748,,ITM0187,OUT024,CUS00372,12,,3.0
TXN0004198,24-08-2023,ITM0323,OUT050,CUS01427,7,1463.76,3.5
TXN0003375,26-05-2022,ITM0268,OUT023,CUS00958,11,1873.95,2.4
TXN0007805,07-05-2021,ITM0047,OUT013,CUS00301,3,2609.75,2.2
TXN0008201,12-10-2022,ITM0219,OUT048,CUS00380,16,,1.0
TXN0003753,02-10-2019,ITM0156,OUT027,CUS00571,15,861.92,5.0
TXN0003417,31-07-2020,ITM0375,OUT048,CUS01589,7,3870.79,2.9
TXN0008493,30-12-2021,ITM0129,OUT038,CUS00679,18,4595.60,3.0
TXN0006380,05-11-2021,ITM0258,OUT004,CUS01686,9,,3.8
TXN0007634,26-04-2018,ITM0197,OUT016,CUS00637,3,1581.44,4.8
TXN0007589,,ITM0467,OUT008,CUS01508,19,550.48,
TXN0008947,17-11-2018,ITM0460,OUT040,CUS00294,17,4125.69,
TXN0002090,13-02-2023,ITM0372,OUT001,CUS01266,18,4967.09,3.2
TXN0007232,22-01-2023,ITM0048,OUT022,CUS00858,11,3375.93,4.9
TXN0010005,01-04-2019,ITM0323,OUT045,CUS01292,6,612.15,
TXN0008895,26-01-2022,ITM0220,OUT044,CUS01486,4,4447.48,1.4
TXN0003886,29-10-2020,ITM0334,OUT049,CUS00353,14,4438.85,2.8
TXN0006367,10-10-2019,ITM0123,OUT043,CUS01568,3,4925.27,4.6
TXN0001357,01-06-2020,ITM0375,OUT048,CUS01474,12,1589.48,
TXN0000043,08-07-2022,ITM0039,OUT029,CUS00110,9,4700.43,3.4
TXN0003606,14-11-2023,ITM0274,OUT006,CUS01381,16,2324.49,2.6
TXN0001555,21-03-2021,ITM0395,OUT005,CUS00685,10,4102.03,4.4
TXN0009897,14-09-2021,ITM0199,OUT021,CUS00830,9,4649.68,2.2
TXN0003765,06-04-2021,ITM0061,OUT018,CUS00455,9,,3.8
TXN0007657,23-03-2018,ITM0050,OUT038,CUS01612,15,1779.56,4.7
TXN0004437,04-04-2018,ITM0149,OUT039,CUS01808,1,4405.18,3.0
TXN0008056,23-08-2021,ITM0338,OUT050,CUS00322,16,1625.70,2.3
TXN0001958,29-12-2020,ITM0311,OUT041,CUS01827,6,2240.09,2.6
TXN0007591,19-05-2023,ITM0264,OUT033,CUS00700,7,4318.03,
TXN0000004,21-10-2020,ITM0442,OUT036,CUS01257,14,902.85,3.7
TXN0000713,06-01-2019,ITM0024,OUT044,CUS00297,18,3291.28,3.4
TXN0002875,09-12-2022,ITM0360,OUT039,CUS00988,3,2289.97,2.7
TXN0007782,31-05-2023,ITM0297,OUT046,CUS01043,10,2093.45,
TXN0008246,17-11-2020,ITM0464,OUT010,CUS00353,20,3247.89,2.9
TXN0002316,18-12-2022,ITM0016,OUT038,CUS01397,12,2736.36,3.4
TXN0003540,03-07-2021,ITM0478,OUT001,CUS00069,18,3182.00,4.1
TXN0008862,15-01-2021,ITM0354,OUT017,CUS01410,5,2755.01,4.8
TXN0007279,01-10-2019,ITM0337,OUT029,CUS00331,11,,3.7
TXN0002254,28-09-2019,ITM0128,OUT038,CUS00649,8,4828.05,3.1
TXN0006375,23-05-2023,ITM0217,OUT033,CUS01931,18,,4.8
TXN0009337,19-05-2018,ITM0444,OUT019,CUS00181,13,2258.42,3.8
TXN0005330,07-05-2020,ITM0432,OUT007,CUS00564,8,4844.68,1.2
TXN0003456,17-05-2021,ITM0081,OUT028,CUS01720,18,,
TXN0008824,19-07-2021,ITM0389,OUT029,CUS00944,1,2353.13,4.5
TXN0007537,23-08-2020,ITM0198,OUT023,CUS00050,2,,2.9
TXN0005009,27-01-2018,ITM0253,OUT045,CUS00569,,1307.09,3.9
TXN0000284,16-06-2020,ITM0268,OUT006,CUS00652,3,1252.72,2.0
TXN0008574,21-02-2023,ITM0394,OUT019,CUS01423,2,2084.50,2.3
TXN0000539,03-10-2021,ITM0416,OUT006,CUS00612,,1786.51,3.7
TXN0001393,16-05-2021,ITM0258,OUT045,CUS00157,3,1027.16,2.2
TXN0000226,09-02-2018,ITM0157,OUT027,CUS00670,7,1433.35,1.3
TXN0001214,17-12-2020,ITM0383,OUT021,CUS00119,5,1780.25,3.5
TXN0004112,31-07-2019,ITM0170,OUT029,CUS00235,19,2477.95,2.2
TXN0000503,18-09-2022,ITM0370,OUT036,CUS00772,20,804.28,
TXN0009974,07-01-2023,ITM0342,OUT010,CUS01782,3,175.71,2.7
TXN0006125,19-07-2021,ITM0469,OUT022,CUS01483,3,739.08,2.2
TXN0001624,06-08-2023,ITM0009,OUT031,CUS00639,,2394.52,4.4
TXN0002819,20-09-2022,ITM0131,OUT032,CUS00556,4,2569.35,3.9
TXN0003683,12-01-2021,ITM0114,OUT017,CUS00357,,861.61,1.5
TXN0001144,25-07-2023,ITM0423,OUT025,CUS01549,7,2274.37,4.4
TXN0008989,31-03-2020,ITM0216,OUT012,CUS00822,3,1681.36,5.0
TXN0000016,25-10-2022,ITM0451,OUT005,CUS00229,5,1279.78,2.4
TXN0005415,20-04-2020,ITM0500,OUT031,CUS00146,12,2361.04,1.1
TXN0002639,17-11-2018,ITM0123,OUT005,CUS00357,4,644.00,3.4
TXN0009793,30-11-2018,ITM0355,OUT029,CUS01687,8,2187.88,4.6
TXN0009004,,ITM0450,OUT023,CUS01051,16,4074.79,3.8
TXN0010256,23-09-2021,ITM0224,OUT009,CUS01142,1,4347.99,4.3
TXN0005127,20-03-2018,ITM0367,OUT050,CUS00266,4,379.99,2.2
TXN0007530,30-07-2021,ITM0460,OUT042,CUS01022,3,4398.11,3.9
TXN0010455,09-08-2022,ITM0366,OUT013,CUS00673,5,3745.18,2.8
TXN0005264,25-03-2019,ITM0463,OUT018,CUS01712,13,1977.39,3.7
TXN0001562,12-11-2019,ITM0202,OUT009,CUS01141,,3040.70,3.7
TXN0004515,22-11-2021,ITM0134,OUT011,CUS01831,18,524.12,5.0
TXN0010247,12-05-2023,ITM0112,OUT006,CUS01475,3,705.41,1.8
TXN0004590,22-01-2023,ITM0074,OUT015,CUS00269,12,4714.13,4.7
TXN0002099,01-07-2022,ITM0060,OUT039,CUS01259,16,,2.8
TXN0009664,31-12-2020,ITM0274,OUT033,CUS00895,8,735.26,2.4
TXN0003074,11-12-2023,ITM0126,OUT044,CUS01162,2,3424.76,3.3
TXN0008169,18-08-2018,ITM0472,OUT011,CUS00653,7,948.00,4.0
TXN0001362,22-04-2023,ITM0384,OUT044,CUS01891,14,3739.47,1.0
TXN0006281,11-11-2020,ITM0094,OUT023,CUS00916,9,632.65,1.6
TXN0009651,05-09-2021,ITM0248,OUT015,CUS01611,15,4185.09,1.6
TXN0001065,02-10-2018,ITM0314,OUT003,CUS00937,14,4781.37,1.8
TXN0009933,20-02-2020,ITM0075,OUT033,CUS00088,17,1105.37,4.4
TXN0009779,06-06-2021,ITM0125,OUT025,CUS00168,20,1539.17,2.6
TXN0002472,08-09-2022,ITM0496,OUT003,CUS00902,13,,3.4
TXN0002275,10-03-2018,ITM0269,OUT035,CUS00323,10,1928.68,2.7
TXN0002323,19-06-2018,ITM0326,OUT007,CUS01176,16,753.74,
TXN0002255,24-09-2022,ITM0154,OUT033,CUS00849,4,2954.40,
TXN0009526,11-01-2020,ITM0299,OUT004,CUS01611,9,1717.06,3.6
TXN0006982,23-11-2021,ITM0445,OUT034,CUS01227,7,1993.65,3.1
TXN0000547,16-09-2021,ITM0421,OUT038,CUS01345,7,3807.32,
TXN0004171,09-07-2018,ITM0326,OUT004,CUS00692,16,4743.05,4.5
TXN0004862,15-02-2020,ITM0172,OUT012,CUS00277,20,4259.04,1.4
TXN0000437,11-11-2021,ITM0139,OUT046,CUS01640,20,1738.12,1.4
TXN0002279,07-04-2021,ITM0366,OUT021,CUS00677,15,1478.59,1.3
TXN0004493,23-03-2020,ITM0374,OUT020,CUS01325,5,2744.81,3.8
TXN0008536,19-08-2023,ITM0326,OUT002,CUS00637,9,3988.48,4.8
TXN0009832,11-09-2022,ITM0333,OUT017,CUS01800,4,1934.66,3.3
TXN0002199,22-04-2019,ITM0005,OUT037,CUS00705,8,1911.46,2.6
TXN0004501,28-01-2019,ITM0167,OUT006,CUS01177,18,3125.23,4.5
TXN0002598,16-05-2018,ITM0464,OUT033,CUS01563,17,419.39,3.7
TXN0006724,05-12-2020,ITM0438,OUT039,CUS00107,10,3025.83,1.3
TXN0004295,27-09-2020,ITM0107,OUT037,CUS01277,6,3132.82,1.8
TXN0002230,26-06-2023,ITM0149,OUT002,CUS00215,14,,4.2
TXN0008237,08-07-2023,ITM0189,OUT025,CUS01357,16,,4.3
TXN0004711,08-01-2021,ITM0196,OUT048,CUS00073,12,2990.83,4.9
TXN0005633,10-12-2018,ITM0047,OUT017,CUS01411,,584.46,4.9
TXN0000473,07-11-2022,ITM0481,OUT005,CUS00849,17,4964.55,3.0
TXN0003824,24-12-2021,ITM0338,OUT019,CUS01486,,486.50,2.1
TXN0008537,04-09-2022,ITM0065,OUT022,CUS01774,13,4796.73,2.3
TXN0006391,11-06-2019,ITM0095,OUT044,CUS01859,2,4460.59,1.3
TXN0003893,09-09-2023,ITM0359,OUT049,CUS00072,15,2908.92,1.2
TXN0002322,12-07-2018,ITM0129,OUT031,CUS01014,7,4434.48,3.5
TXN0007322,17-10-2020,ITM0009,OUT036,CUS00211,9,352.49,4.6
TXN0006119,29-08-2019,ITM0132,OUT046,CUS00566,6,2015.51,1.9
TXN0000174,19-12-2022,ITM0170,OUT001,CUS00555,,4387.27,3.1
TXN0004457,29-10-2023,ITM0246,OUT028,CUS01482,14,564.65,1.4
TXN0010071,23-10-2020,ITM0179,OUT012,CUS01285,5,3866.30,4.5
TXN0000258,,ITM0363,OUT045,CUS01014,19,3623.56,2.1
TXN0003064,01-06-2018,ITM0040,OUT048,CUS00274,9,544.02,3.8
TXN0005968,02-11-2020,ITM0483,OUT047,CUS01776,10,4014.84,1.0
TXN0007132,,ITM0250,OUT005,CUS01654,19,3383.56,4.2
TXN0009719,29-05-2020,ITM0349,OUT021,CUS01389,9,4891.55,3.5
TXN0002867,10-09-2019,ITM0104,OUT036,CUS00312,17,3300.89,3.6
TXN0006809,13-10-2018,ITM0110,OUT039,CUS01798,,1906.79,3.2
TXN0002337,26-07-2019,ITM0179,OUT033,CUS00336,3,1714.08,
TXN0002497,12-09-2023,ITM0158,OUT010,CUS01810,,1051.59,2.2
TXN0004943,,ITM0185,OUT011,CUS01537,6,3776.70,4.7
TXN0000698,30-10-2022,ITM0410,OUT004,CUS00740,2,4984.12,1.1
TXN0004268,17-09-2022,ITM0279,OUT043,CUS00134,10,1883.41,3.9
TXN0005478,13-08-2020,ITM0394,OUT013,CUS01339,2,3045.76,1.2
TXN0005448,10-11-2023,ITM0151,OUT017,CUS01513,5,659.30,2.0
TXN0000130,03-10-2018,ITM0169,OUT028,CUS00557,1,1847.75,1.3
TXN0004326,18-06-2019,ITM0264,OUT022,CUS01035,16,737.23,3.4
TXN0002729,05-01-2020,ITM0393,OUT024,CUS01801,4,4847.02,3.1
TXN0005138,26-07-2023,ITM0098,OUT036,CUS01620,18,4669.42,3.9
TXN0004763,03-08-2020,ITM0065,OUT012,CUS01949,1,1241.83,2.3
TXN0002159,20-07-2022,ITM0291,OUT018,CUS01373,6,1549.84,2.8
TXN0010090,25-04-2022,ITM0493,OUT042,CUS01643,19,2422.99,3.6
TXN0003701,11-11-2022,ITM0404,OUT019,CUS01242,2,1609.01,3.1
TXN0009842,14-12-2022,ITM0350,OUT026,CUS00742,1,1706.26,3.2
TXN0006964,13-08-2018,ITM0029,OUT007,CUS00105,7,434.04,2.1
TXN0003500,09-01-2023,ITM0310,OUT010,CUS00761,1,1397.74,2.4
TXN0001979,11-11-2019,ITM0151,OUT007,CUS00658,8,4808.03,2.9
TXN0008502,04-10-2020,ITM0127,OUT005,CUS01243,11,3507.38,3.7
TXN0002733,02-06-2020,ITM0444,OUT002,CUS01256,3,934.37,3.5
TXN0006394,02-06-2020,ITM0145,OUT030,CUS00274,15,480.42,1.1
TXN0003730,25-03-2023,ITM0303,OUT035,CUS01626,19,3807.05,3.4
TXN0002831,02-11-2020,ITM0066,OUT022,CUS01855,11,2698.84,4.9
TXN0008380,22-10-2021,ITM0230,OUT048,CUS00881,18,436.13,3.4
TXN0002352,16-10-2020,ITM0410,OUT035,CUS01006,10,1429.03,3.8
TXN0005974,06-09-2018,ITM0332,OUT044,CUS00214,5,1671.04,3.0
TXN0004700,14-06-2020,ITM0490,OUT008,CUS00818,19,1465.14,2.3
TXN0003513,28-02-2019,ITM0379,OUT044,CUS00240,2,3711.60,3.3
TXN0005444,26-12-2022,ITM0226,OUT031,CUS01989,15,1317.14,2.4
TXN0000445,20-11-2018,ITM0284,OUT022,CUS01149,2,468.46,2.5
TXN0002108,29-01-2019,ITM0153,OUT049,CUS01333,6,2378.11,1.5
TXN0006420,27-04-2022,ITM0442,OUT029,CUS00198,9,3145.14,4.5
TXN0005928,20-12-2020,ITM0012,OUT033,CUS00446,16,1365.03,2.9
TXN0001512,28-06-2018,ITM0447,OUT029,CUS00065,2,,1.4
TXN0005916,,ITM0195,OUT028,CUS01178,9,2965.72,1.2
TXN0004570,08-05-2022,ITM0318,OUT039,CUS00176,10,4951.90,4.5
TXN0010408,23-02-2019,ITM0268,OUT049,CUS01735,12,1854.90,1.1
TXN0003461,22-06-2018,ITM0023,OUT033,CUS00616,19,1556.88,2.1
TXN0005864,15-06-2023,ITM0005,OUT044,CUS00779,4,220.37,3.0
TXN0003630,12-08-2018,ITM0082,OUT012,CUS00542,19,488.72,3.3
TXN0001644,26-07-2018,ITM0375,OUT049,CUS00278,7,707.15,1.8
TXN0006815,09-09-2021,ITM0375,OUT012,CUS01452,17,1424.87,1.2
TXN0008055,07-06-2018,ITM0235,OUT031,CUS01865,,4346.92,4.7
TXN0001194,09-10-2023,ITM0457,OUT036,CUS01282,1,1060.61,4.9
TXN0008650,02-01-2023,ITM0299,OUT016,CUS01178,6,1641.92,4.6
TXN0008170,11-02-2019,ITM0215,OUT015,CUS00495,3,1183.83,1.9
TXN0002913,13-12-2021,ITM0458,OUT036,CUS00210,14,,2.1
TXN0002927,15-02-2020,ITM0219,OUT047,CUS00160,,2717.75,4.8
TXN0001034,13-03-2019,ITM0093,OUT030,CUS00913,18,443.83,2.3
TXN0006390,10-05-2023,ITM0226,OUT039,CUS00549,3,313.05,2.7
TXN0005774,14-08-2021,ITM0187,OUT045,CUS00520,18,,4.0
TXN0003800,27-06-2018,ITM0046,OUT044,CUS01212,13,3672.06,3.8
TXN0003712,29-06-2019,ITM0375,OUT033,CUS00637,17,1872.46,2.9
TXN0005401,24-03-2020,ITM0105,OUT031,CUS00050,19,302.43,3.4
TXN0006946,23-01-2019,ITM0307,OUT038,CUS00316,17,1424.71,2.3
TXN0000768,31-07-2020,ITM0463,OUT040,CUS00522,2,4761.84,4.8
TXN0009789,30-06-2023,ITM0423,OUT049,CUS00715,1,3561.24,3.7
TXN0005303,30-03-2023,ITM0007,OUT009,CUS00250,2,2570.80,2.8
TXN0001423,13-10-2022,ITM0463,OUT030,CUS01584,8,2584.70,2.1
TXN0009939,16-05-2023,ITM0003,OUT021,CUS01603,14,3160.28,4.7
TXN0006048,03-04-2022,ITM0094,OUT019,CUS00189,11,2061.85,3.3
TXN0002614,19-08-2020,ITM0231,OUT012,CUS01022,19,4474.97,3.7
TXN0010004,12-03-2021,ITM0012,OUT016,CUS01634,14,272.37,4.6
TXN0001246,08-09-2019,ITM0061,OUT033,CUS00558,12,51.19,2.3
TXN0002239,28-12-2023,ITM0441,OUT044,CUS00987,4,235.84,2.1
TXN0006586,13-02-2023,ITM0309,OUT034,CUS01206,4,654.45,2.7
TXN0001130,28-01-2020,ITM0105,OUT003,CUS01617,5,471.73,3.8
TXN0006891,20-04-2020,ITM0090,OUT043,CUS01960,10,4296.12,3.7
TXN0009138,04-01-2021,ITM0391,OUT017,CUS01436,6,3946.48,2.8
TXN0000002,27-09-2022,ITM0161,OUT016,CUS00842,5,3417.00,4.1
TXN0000142,22-07-2018,ITM0237,OUT027,CUS01382,7,3476.66,2.5
TXN0004305,29-11-2018,ITM0126,OUT009,CUS00977,9,1506.54,1.3
TXN0009154,03-05-2019,ITM0266,OUT042,CUS00234,9,3754.51,
TXN0008337,04-04-2019,ITM0262,OUT025,CUS01837,2,43.41,4.5
TXN0010165,05-03-2023,ITM0113,OUT003,CUS01088,12,4051.77,1.4
TXN0006212,28-09-2021,ITM0011,OUT034,CUS00422,17,4086.13,
TXN0005893,30-09-2018,ITM0076,OUT014,CUS00458,18,50.97,4.6
TXN0009845,06-10-2018,ITM0172,OUT015,CUS00130,18,3480.30,2.8
TXN0005525,18-03-2019,ITM0377,OUT023,CUS00761,13,4257.82,4.3
TXN0007753,27-05-2019,ITM0327,OUT034,CUS01992,4,2959.05,4.3
TXN0005785,08-09-2023,ITM0137,OUT025,CUS00754,16,3404.96,
TXN0004406,10-01-2022,ITM0188,OUT020,CUS00365,3,775.36,2.3
TXN0009988,24-02-2022,ITM0276,OUT050,CUS01382,6,2832.88,2.0
TXN0003086,05-12-2023,ITM0178,OUT036,CUS01392,12,1440.70,1.1
TXN0002147,14-09-2022,ITM0330,OUT031,CUS00983,10,4222.34,2.8
TXN0008243,24-04-2022,ITM0088,OUT037,CUS01800,,2096.03,4.5
TXN0003767,14-09-2020,ITM0240,OUT021,CUS01833,13,1775.80,3.4
TXN0006112,24-07-2018,ITM0395,OUT011,CUS00766,7,4446.97,2.0
TXN0002998,08-05-2021,ITM0303,OUT033,CUS00163,3,4049.35,3.8
TXN0003894,02-10-2022,ITM0028,OUT021,CUS00693,11,2193.56,4.7
TXN0002466,11-09-2019,ITM0030,OUT044,CUS01152,14,2952.26,1.6
TXN0006370,22-05-2023,ITM0156,OUT011,CUS01439,16,3842.14,2.1
TXN0002692,16-04-2021,ITM0115,OUT023,CUS01889,20,2856.70,
TXN0005181,30-09-2021,ITM0040,OUT028,CUS00070,6,4628.41,2.6
TXN0004868,26-10-2021,ITM0166,OUT024,CUS01003,2,,1.5
TXN0007946,03-02-2021,ITM0021,OUT037,CUS01364,,952.20,1.1
TXN0001656,22-07-2023,ITM0153,OUT001,CUS01529,16,1214.15,2.0
TXN0002071,05-07-2020,ITM0029,OUT008,CUS00387,11,927.08,2.4
TXN0006609,02-01-2021,ITM0060,OUT035,CUS01936,14,4605.90,2.2
TXN0002380,14-12-2020,ITM0263,OUT018,CUS00691,17,4611.47,3.5
TXN0004187,02-05-2022,ITM0213,OUT007,CUS01620,11,1296.19,1.4
TXN0000105,31-10-2021,ITM0433,OUT029,CUS00373,4,934.97,4.8
TXN0009548,29-07-2022,ITM0275,OUT023,CUS00862,3,2954.34,3.0
TXN0008140,25-02-2021,ITM0351,OUT049,CUS01864,18,,3.9
TXN0006958,27-10-2022,ITM0458,OUT001,CUS00770,2,2640.35,
TXN0008392,,ITM0372,OUT012,CUS00617,,4334.07,3.0
TXN0005593,12-06-2023,ITM0235,OUT037,CUS01171,7,2676.54,3.7
TXN0001276,08-05-2020,ITM0305,OUT005,CUS01198,12,1810.79,4.1
TXN0000840,17-11-2019,ITM0026,OUT006,CUS01648,17,2403.19,3.1
TXN0006775,16-06-2021,ITM0184,OUT027,CUS00162,20,319.14,2.9
TXN0005520,12-07-2020,ITM0442,OUT017,CUS00861,17,2589.93,4.3
TXN0000549,05-10-2021,ITM0087,OUT019,CUS01518,4,4884.27,1.1
TXN0002713,27-01-2019,ITM0430,OUT022,CUS01514,16,1200.41,1.1
TXN0007641,01-11-2018,ITM0195,OUT025,CUS00570,18,2166.18,4.6
TXN0009979,05-07-2020,ITM0099,OUT003,CUS00367,,1456.09,3.8
TXN0005431,18-11-2021,ITM0215,OUT042,CUS01201,17,370.80,3.9
TXN0004850,03-04-2021,ITM0383,OUT006,CUS01360,6,4320.96,1.1
TXN0008701,18-11-2019,ITM0076,OUT036,CUS00937,,640.11,2.1
TXN0010473,20-12-2023,ITM0135,OUT016,CUS00646,2,694.74,2.1
TXN0009740,28-02-2019,ITM0316,OUT011,CUS01179,15,92.50,4.5
TXN0001140,07-06-2020,ITM0120,OUT049,CUS00883,13,969.04,3.8
TXN0003334,07-07-2019,ITM0481,OUT033,CUS01300,13,4188.65,1.3
TXN0002618,15-04-2018,ITM0320,OUT014,CUS00474,13,2951.73,3.1
TXN0004297,20-02-2019,ITM0492,OUT002,CUS00708,10,3252.78,4.4
TXN0002419,14-06-2022,ITM0022,OUT017,CUS00492,1,4338.91,1.5
TXN0005763,31-12-2023,ITM0059,OUT033,CUS00129,10,2002.69,4.3
TXN0005331,02-04-2018,ITM0344,OUT033,CUS00261,9,739.09,3.6
TXN0008468,29-03-2022,ITM0097,OUT007,CUS01679,17,2592.47,4.3
TXN0000178,08-10-2019,ITM0022,OUT010,CUS01212,11,763.04,4.5
TXN0007017,14-11-2018,ITM0166,OUT046,CUS00955,13,,1.3
TXN0004934,,ITM0275,OUT042,CUS00723,3,1226.50,1.8
TXN0004134,24-01-2021,ITM0288,OUT013,CUS00336,8,3668.53,2.9
TXN0006751,03-04-2020,ITM0263,OUT038,CUS01931,4,2218.92,4.6
TXN0009109,02-03-2023,ITM0001,OUT004,CUS01669,6,3092.56,1.1
TXN0007988,28-03-2019,ITM0492,OUT045,CUS00462,8,3325.47,2.4
TXN0007277,18-12-2018,ITM0155,OUT009,CUS01761,9,2465.95,1.4
TXN0008412,24-12-2022,ITM0141,OUT003,CUS00417,16,4551.75,2.3
TXN0003663,28-06-2023,ITM0356,OUT002,CUS01660,12,882.53,
TXN0001321,18-08-2023,ITM0300,OUT048,CUS00236,11,2272.88,3.8
TXN0004625,13-01-2020,ITM0040,OUT036,CUS00844,14,3922.92,4.1
TXN0000030,15-04-2019,ITM0367,OUT025,CUS00250,1,,4.5
TXN0007895,13-03-2019,ITM0058,OUT007,CUS00647,7,958.09,1.4
TXN0006099,27-09-2023,ITM0312,OUT033,CUS01123,2,436.00,3.2
TXN0006341,02-07-2021,ITM0186,OUT044,CUS00056,8,4715.64,
TXN0000790,,ITM0447,OUT010,CUS00047,16,4811.89,2.7
TXN0009986,27-07-2020,ITM0483,OUT034,CUS00537,16,3531.11,4.0
TXN0002446,25-12-2022,ITM0084,OUT033,CUS00848,,1415.81,3.6
TXN0008665,26-04-2021,ITM0377,OUT004,CUS00582,7,809.28,4.1
TXN0001295,20-11-2020,ITM0446,OUT035,CUS00926,19,4193.77,4.5
TXN0006470,17-06-2023,ITM0015,OUT016,CUS00959,10,1911.62,1.0
TXN0005309,09-05-2020,ITM0460,OUT018,CUS00199,5,2259.60,2.5
TXN0008388,11-04-2021,ITM0416,OUT006,CUS01904,19,2981.21,3.5
TXN0008228,11-01-2019,ITM0393,OUT012,CUS00177,14,1947.55,2.0
TXN0001459,17-12-2022,ITM0083,OUT019,CUS00957,1,3125.39,3.3
TXN0000077,22-01-2023,ITM0086,OUT026,CUS00096,8,1623.16,3.4
TXN0009613,02-12-2021,ITM0328,OUT004,CUS01014,5,836.01,4.2
TXN0009276,22-05-2023,ITM0107,OUT018,CUS01506,,4539.78,3.8
TXN0009780,18-03-2018,ITM0035,OUT032,CUS00053,20,2161.05,2.4
TXN0008054,29-07-2023,ITM0405,OUT050,CUS01224,3,1273.83,3.7
TXN0005197,27-05-2019,ITM0042,OUT039,CUS00030,9,4347.63,4.2
TXN0008245,16-11-2023,ITM0061,OUT013,CUS01329,7,4952.53,
TXN0005892,12-02-2021,ITM0350,OUT028,CUS01133,1,371.86,2.9
TXN0009572,30-12-2022,ITM0100,OUT015,CUS01649,3,2896.97,3.6
TXN0000442,15-04-2022,ITM0068,OUT013,CUS00114,7,1419.60,1.8
TXN0002056,28-06-2020,ITM0348,OUT037,CUS00210,6,989.43,2.1
TXN0004949,24-09-2018,ITM0296,OUT016,CUS00217,12,1350.33,4.9
TXN0006643,24-08-2022,ITM0307,OUT031,CUS00446,15,4348.99,4.9
TXN0001498,31-05-2022,ITM0354,OUT009,CUS00081,10,648.40,1.4
TXN0000090,,ITM0083,OUT039,CUS00184,14,1995.44,1.5
TXN0005614,10-11-2022,ITM0138,OUT031,CUS00305,4,2530.39,3.6
TXN0005891,30-08-2020,ITM0374,OUT010,CUS01451,5,,3.1
TXN0002234,07-03-2022,ITM0378,OUT027,CUS00465,6,2071.63,2.8
TXN0009652,10-01-2022,ITM0462,OUT032,CUS01997,14,4035.29,2.0
TXN0000885,15-01-2018,ITM0188,OUT018,CUS01054,1,711.57,4.0
TXN0008877,21-09-2019,ITM0127,OUT042,CUS00104,8,3875.17,3.4
TXN0005804,21-12-2023,ITM0500,OUT030,CUS01397,5,246.95,1.3
TXN0001192,25-12-2019,ITM0393,OUT047,CUS01432,,939.33,1.9
TXN0000247,06-11-2021,ITM0350,OUT027,CUS00157,2,4571.42,4.2
TXN0006298,15-11-2018,ITM0371,OUT014,CUS00357,4,3962.04,4.1
TXN0009675,19-04-2021,ITM0232,OUT009,CUS00903,4,1154.59,2.4
TXN0006340,26-10-2022,ITM0064,OUT022,CUS01734,15,2157.62,1.1
TXN0005380,21-03-2023,ITM0228,OUT010,CUS00475,13,632.12,1.3
TXN0007524,22-08-2019,ITM0370,OUT021,CUS00243,20,3849.36,2.8
TXN0000858,02-08-2022,ITM0211,OUT011,CUS00489,7,2018.24,2.0
TXN0009427,19-09-2021,ITM0143,OUT025,CUS01105,18,4036.89,1.6
TXN0008628,01-04-2021,ITM0180,OUT019,CUS01082,17,3201.80,2.0
TXN0006758,10-01-2020,ITM0121,OUT011,CUS00282,1,3235.40,4.2
TXN0005531,24-05-2020,ITM0356,OUT010,CUS01479,10,4427.00,1.9
TXN0006747,01-06-2018,ITM0035,OUT018,CUS00028,9,1846.19,3.1
TXN0007663,21-06-2018,ITM0314,OUT028,CUS01854,3,2252.76,2.8
TXN0010324,25-09-2021,ITM0319,OUT002,CUS00302,11,4572.72,4.2
TXN0003792,16-02-2022,ITM0157,OUT030,CUS00952,1,3718.35,1.2
TXN0005357,28-08-2023,ITM0411,OUT035,CUS01671,16,2533.63,4.5
TXN0003469,14-08-2023,ITM0078,OUT024,CUS01948,18,600.28,1.0
TXN0007480,29-01-2022,ITM0112,OUT005,CUS01956,13,4703.16,4.9
TXN0004580,19-01-2021,ITM0332,OUT038,CUS01411,5,3201.41,3.5
TXN0004847,30-03-2020,ITM0455,OUT040,CUS00484,15,,4.0
TXN0002345,12-03-2022,ITM0337,OUT031,CUS01515,1,451.30,3.9
TXN0004537,23-08-2018,ITM0153,OUT029,CUS00098,12,3623.22,3.6
TXN0005366,26-01-2019,ITM0024,OUT018,CUS01837,16,,1.4
TXN0009900,09-10-2022,ITM0495,OUT039,CUS00634,10,1447.01,
TXN0005060,13-08-2023,ITM0474,OUT034,CUS01139,6,2569.66,1.1
TXN0000789,20-03-2021,ITM0384,OUT030,CUS01613,9,3253.82,1.6
TXN0001813,05-11-2023,ITM0018,OUT015,CUS01457,13,2632.45,4.7
TXN0002173,,ITM0389,OUT014,CUS01249,16,4913.53,4.7
TXN0006731,23-06-2022,ITM0437,OUT041,CUS00216,9,807.91,3.0
TXN0000973,25-04-2023,ITM0008,OUT010,CUS00328,9,1960.63,4.4
TXN0000812,23-12-2023,ITM0156,OUT043,CUS01573,11,448.87,4.6
TXN0002429,20-08-2019,ITM0279,OUT047,CUS01519,6,1464.48,2.9
TXN0000014,28-10-2022,ITM0420,OUT041,CUS00346,12,1735.14,3.1
TXN0004986,20-02-2022,ITM0239,OUT048,CUS00344,,3230.48,1.3
TXN0006067,11-05-2023,ITM0365,OUT033,CUS00766,12,1291.11,4.2
TXN0002818,13-04-2022,ITM0365,OUT010,CUS00874,3,,
TXN0002143,25-07-2020,ITM0278,OUT010,CUS00716,3,3332.16,2.8
TXN0003216,05-10-2023,ITM0450,OUT022,CUS00689,16,,5.0
TXN0004170,02-05-2022,ITM0067,OUT044,CUS00541,6,2563.45,4.0
TXN0006221,13-03-2023,ITM0394,OUT048,CUS00565,19,3197.71,3.9
TXN0004725,07-12-2018,ITM0284,OUT017,CUS01595,5,3398.98,3.9
TXN0006168,27-10-2023,ITM0138,OUT021,CUS01113,12,2810.49,2.8
TXN0000489,11-09-2022,ITM0341,OUT034,CUS01940,13,1620.03,3.0
TXN0006948,21-07-2020,ITM0170,OUT024,CUS01360,7,1325.86,1.8
TXN0009361,22-06-2021,ITM0167,OUT029,CUS01572,5,1620.58,1.1
TXN0008909,04-08-2022,ITM0485,OUT050,CUS00451,11,2890.06,2.7
TXN0009064,20-12-2023,ITM0089,OUT011,CUS00152,18,3781.73,
TXN0009841,11-07-2021,ITM0227,OUT040,CUS01985,,569.25,2.9
TXN0009212,19-11-2018,ITM0450,OUT031,CUS00462,10,1792.43,
TXN0001083,,ITM0346,OUT012,CUS01270,16,3433.53,
TXN0003798,11-03-2021,ITM0042,OUT041,CUS00250,20,2603.25,1.5
TXN0005686,01-02-2018,ITM0234,OUT025,CUS00266,6,842.73,3.6
TXN0008896,28-06-2018,ITM0326,OUT041,CUS01646,18,,
TXN0009062,22-08-2022,ITM0057,OUT023,CUS00186,12,3017.85,4.3
TXN0009814,19-09-2021,ITM0407,OUT031,CUS01268,12,1409.71,3.5
TXN0002764,23-02-2023,ITM0500,OUT027,CUS01643,19,2959.39,1.9
TXN0004146,17-10-2018,ITM0174,OUT006,CUS01534,13,4129.59,4.5
TXN0004859,,ITM0352,OUT006,CUS00786,,4675.58,
TXN0004920,13-06-2020,ITM0458,OUT043,CUS00013,20,1450.40,4.1
TXN0009425,20-12-2022,ITM0190,OUT006,CUS01414,19,4343.13,3.0
TXN0009912,14-03-2018,ITM0340,OUT003,CUS01303,12,3632.92,
TXN0005276,24-08-2022,ITM0379,OUT012,CUS01996,19,4289.05,3.4
TXN0000123,14-05-2023,ITM0354,OUT010,CUS00291,6,1009.52,1.8
TXN0001526,31-12-2018,ITM0056,OUT008,CUS01641,17,2724.49,2.0
TXN0001583,29-05-2020,ITM0231,OUT025,CUS00329,12,897.96,3.7
TXN0007252,01-10-2020,ITM0327,OUT007,CUS01964,1,880.06,2.5
TXN0004889,16-02-2020,ITM0341,OUT003,CUS00352,9,,4.4
TXN0002752,10-11-2020,ITM0404,OUT004,CUS01442,17,34.11,1.9
TXN0000575,14-07-2018,ITM0214,OUT027,CUS01897,4,4243.62,1.2
TXN0002891,,ITM0378,OUT043,CUS01380,14,1199.96,
TXN0007878,25-02-2023,ITM0285,OUT029,CUS01417,18,4453.96,2.1
TXN0007084,04-03-2019,ITM0137,OUT048,CUS01385,3,,2.9
TXN0009671,11-12-2019,ITM0273,OUT040,CUS01079,14,2369.06,4.4
TXN0004018,20-07-2020,ITM0387,OUT038,CUS01692,5,3752.71,2.2
TXN0010329,20-11-2023,ITM0444,OUT039,CUS00843,4,3317.45,1.9
TXN0005504,13-01-2019,ITM0465,OUT020,CUS01190,2,,4.6
TXN0002664,23-06-2018,ITM0321,OUT035,CUS00327,3,4786.02,3.9
TXN0000611,19-04-2018,ITM0303,OUT012,CUS01843,13,1517.16,1.7
TXN0001469,24-02-2020,ITM0486,OUT043,CUS01509,11,676.50,4.3
TXN0007823,05-09-2019,ITM0006,OUT027,CUS00964,19,4153.48,4.6
TXN0008968,20-03-2018,ITM0365,OUT039,CUS01939,9,1040.23,4.8
TXN0006215,09-06-2020,ITM0344,OUT039,CUS01029,19,62.96,4.6
TXN0008515,19-09-2022,ITM0483,OUT049,CUS01298,20,3570.57,2.4
TXN0004878,01-05-2018,ITM0016,OUT011,CUS01537,18,1921.44,2.8
TXN0000676,16-11-2020,ITM0046,OUT003,CUS00715,18,3847.83,1.9
TXN0009060,05-12-2021,ITM0185,OUT036,CUS01730,7,1081.33,4.4
TXN0005116,19-02-2021,ITM0102,OUT002,CUS01490,1,2756.19,2.5
TXN0009626,03-08-2018,ITM0048,OUT013,CUS01601,,719.07,4.4
TXN0006405,15-01-2018,ITM0110,OUT028,CUS00059,12,4419.56,4.2
TXN0010236,25-03-2018,ITM0269,OUT028,CUS01869,19,286.64,1.5
TXN0007885,18-07-2020,ITM0405,OUT029,CUS00275,5,1180.18,3.9
TXN0001480,13-02-2023,ITM0148,OUT044,CUS01491,5,3667.90,1.8
TXN0002394,,ITM0342,OUT048,CUS00790,7,1437.92,3.8
TXN0009266,12-07-2022,ITM0013,OUT028,CUS00022,19,4590.78,4.8
TXN0005389,04-12-2018,ITM0414,OUT007,CUS00745,4,1554.71,1.0
TXN0002186,08-01-2023,ITM0104,OUT039,CUS01227,9,385.11,3.9
TXN0004751,,ITM0447,OUT009,CUS01019,15,3708.35,4.8
TXN0005906,23-11-2018,ITM0185,OUT031,CUS01975,18,3379.34,2.6
TXN0002163,19-07-2023,ITM0405,OUT035,CUS01222,,2803.03,1.3
TXN0002083,14-06-2018,ITM0311,OUT027,CUS01951,14,4060.79,1.6
TXN0008053,18-12-2019,ITM0069,OUT006,CUS00685,1,892.88,4.0
TXN0002700,05-07-2022,ITM0419,OUT035,CUS00538,18,472.45,1.8
TXN0007326,15-02-2018,ITM0220,OUT004,CUS00323,14,266.24,2.5
TXN0004947,14-05-2019,ITM0292,OUT025,CUS00948,6,4509.19,2.9
TXN0008220,25-07-2022,ITM0252,OUT035,CUS01928,14,3254.60,
TXN0005092,,ITM0391,OUT049,CUS00801,5,3897.51,3.2
TXN0002920,19-06-2023,ITM0460,OUT016,CUS01518,10,1742.59,
TXN0002421,,ITM0429,OUT010,CUS01122,13,3811.25,4.9
TXN0008821,24-10-2022,ITM0239,OUT009,CUS01181,11,3514.96,2.8
TXN0005135,24-07-2018,ITM0266,OUT038,CUS01982,12,220.35,2.9
TXN0003510,06-05-2022,ITM0417,OUT018,CUS00502,19,2948.08,2.7
TXN0009239,23-07-2019,ITM0278,OUT010,CUS00398,16,1597.41,2.1
TXN0001673,06-05-2020,ITM0090,OUT033,CUS00151,8,3191.36,3.6
TXN0000850,28-09-2020,ITM0400,OUT021,CUS01193,2,2591.57,2.1
TXN0009742,25-06-2018,ITM0124,OUT017,CUS00951,3,130.28,3.7
TXN0002880,27-08-2019,ITM0362,OUT020,CUS01728,8,4041.92,1.0
TXN0000256,25-10-2020,ITM0263,OUT041,CUS01789,14,480.52,4.7
TXN0003953,16-06-2018,ITM0388,OUT022,CUS01471,13,403.41,3.7
TXN0001627,13-09-2022,ITM0042,OUT011,CUS00179,2,1065.28,2.6
TXN0004071,05-08-2022,ITM0477,OUT039,CUS00134,6,330.43,4.9
TXN0002229,08-12-2023,ITM0436,OUT022,CUS00399,1,186.26,4.2
TXN0001704,,ITM0214,OUT001,CUS00775,15,1356.38,1.7
TXN0003914,12-08-2022,ITM0012,OUT024,CUS00625,13,3458.57,1.6
TXN0007905,28-05-2019,ITM0263,OUT033,CUS00957,4,1760.13,3.3
TXN0009199,27-04-2020,ITM0244,OUT008,CUS00627,1,1482.26,4.5
TXN0008251,15-10-2023,ITM0435,OUT029,CUS00735,15,3109.81,3.9
TXN0007624,19-12-2019,ITM0407,OUT039,CUS00391,13,,1.8
TXN0008159,05-10-2023,ITM0293,OUT011,CUS01783,20,1865.99,2.0
TXN0006403,10-02-2022,ITM0323,OUT038,CUS00622,15,3318.75,1.1
TXN0004817,17-09-2020,ITM0220,OUT044,CUS01564,12,1308.99,4.0
TXN0002452,05-01-2022,ITM0291,OUT023,CUS00247,9,3240.94,2.4
TXN0002310,17-11-2021,ITM0012,OUT043,CUS01285,14,3361.38,2.4
TXN0004615,22-10-2023,ITM0281,OUT034,CUS00573,6,2321.46,3.9
TXN0000269,16-06-2022,ITM0468,OUT043,CUS01496,1,86.83,2.1
TXN0008355,15-12-2021,ITM0313,OUT002,CUS01108,7,813.31,4.5
TXN0003480,19-11-2021,ITM0057,OUT041,CUS00618,19,414.54,4.3
TXN0000902,03-04-2023,ITM0225,OUT049,CUS00489,12,2950.41,1.3
TXN0000738,18-07-2020,ITM0362,OUT039,CUS00233,6,3453.58,1.7
TXN0000329,08-09-2018,ITM0152,OUT005,CUS01722,10,1090.40,3.1
TXN0005534,26-02-2023,ITM0070,OUT039,CUS00138,14,2958.30,
TXN0007428,11-02-2019,ITM0483,OUT001,CUS01482,10,1562.42,2.1
TXN0007611,03-02-2018,ITM0127,OUT050,CUS00879,2,2833.89,1.3
TXN0006354,01-02-2019,ITM0012,OUT046,CUS00163,20,3594.16,1.4
TXN0005615,09-11-2021,ITM0264,OUT024,CUS01327,17,1886.83,2.5
TXN0007764,07-03-2021,ITM0333,OUT021,CUS01209,20,2579.32,2.6
TXN0009870,29-07-2023,ITM0491,OUT017,CUS01662,16,3151.23,3.5
TXN0009166,14-10-2018,ITM0155,OUT036,CUS00710,7,4972.02,2.4
TXN0000816,18-10-2019,ITM0065,OUT010,CUS01408,3,3324.13,3.1
TXN0007598,03-01-2020,ITM0256,OUT035,CUS01787,5,1761.44,3.4
TXN0005239,15-09-2023,ITM0404,OUT020,CUS00176,20,1513.32,3.4
TXN0005386,,ITM0257,OUT046,CUS01691,13,1572.94,1.7
TXN0004450,05-05-2018,ITM0481,OUT043,CUS01909,4,1985.48,2.4
TXN0010483,30-01-2019,ITM0314,OUT027,CUS01323,3,3363.37,3.6
TXN0005749,25-01-2018,ITM0272,OUT021,CUS01113,6,,2.8
TXN0009358,15-02-2022,ITM0307,OUT046,CUS00422,10,2519.58,
TXN0005166,05-07-2019,ITM0031,OUT008,CUS00911,16,3654.00,3.3
TXN0008676,16-10-2023,ITM0436,OUT044,CUS01176,2,1394.17,3.2
TXN0008787,07-01-2020,ITM0068,OUT029,CUS01351,11,1719.47,1.3
TXN0000238,29-12-2022,ITM0114,OUT024,CUS00184,11,,4.4
TXN0002566,22-04-2022,ITM0431,OUT032,CUS01057,4,1578.65,
TXN0002599,02-03-2019,ITM0272,OUT015,CUS00746,6,328.06,3.7
TXN0009607,21-09-2023,ITM0283,OUT025,CUS01999,16,1270.50,1.1
TXN0007660,15-04-2023,ITM0438,OUT021,CUS01280,14,4027.52,2.5
TXN0002698,26-07-2022,ITM0160,OUT008,CUS00686,4,1609.48,1.7
TXN0001747,09-03-2019,ITM0068,OUT035,CUS01390,19,2720.72,3.0
TXN0000282,19-12-2023,ITM0376,OUT022,CUS00615,18,4725.90,3.5
TXN0006938,16-05-2022,ITM0229,OUT006,CUS01981,10,1834.39,4.1
TXN0004115,31-03-2022,ITM0337,OUT024,CUS01984,11,1073.80,4.6
TXN0008248,26-02-2021,ITM0337,OUT009,CUS01490,8,3891.07,1.7
TXN0007852,07-07-2018,ITM0315,OUT026,CUS00829,16,2973.29,2.5
TXN0010181,23-12-2018,ITM0192,OUT008,CUS01359,14,3928.84,3.5
TXN0003516,28-12-2022,ITM0452,OUT028,CUS01500,16,2871.48,5.0
TXN0006574,21-02-2020,ITM0097,OUT048,CUS00420,16,929.96,3.4
TXN0000115,09-03-2020,ITM0112,OUT049,CUS00816,17,,3.3
TXN0006428,23-05-2018,ITM0013,OUT025,CUS01370,12,812.21,3.6
TXN0005911,01-07-2018,ITM0413,OUT017,CUS01457,11,3930.77,3.7
TXN0004791,25-07-2020,ITM0119,OUT039,CUS00275,17,1270.96,3.4
TXN0000125,25-01-2020,ITM0173,OUT014,CUS00762,2,901.40,1.7
TXN0005162,,ITM0287,OUT006,CUS00839,14,1615.04,1.5
TXN0001756,29-07-2018,ITM0220,OUT040,CUS01309,9,2599.26,3.8
TXN0003845,27-07-2021,ITM0355,OUT029,CUS01862,15,2681.64,4.1
TXN0008012,04-09-2021,ITM0100,OUT047,CUS00976,16,4872.62,
TXN0008442,06-05-2019,ITM0419,OUT014,CUS00756,12,4472.15,2.1
TXN0006326,14-10-2020,ITM0249,OUT001,CUS00241,4,2616.92,1.5
TXN0004929,05-02-2019,ITM0304,OUT010,CUS01654,3,1513.47,4.2
TXN0001709,11-11-2021,ITM0339,OUT027,CUS01538,,382.09,
TXN0003879,21-09-2023,ITM0137,OUT016,CUS00418,11,774.73,3.9
TXN0007107,26-07-2020,ITM0433,OUT048,CUS01189,11,4047.91,
TXN0008073,17-11-2021,ITM0182,OUT050,CUS00250,20,3444.86,3.7
TXN0009179,02-07-2023,ITM0366,OUT005,CUS00034,20,4126.80,1.1
TXN0006750,27-11-2023,ITM0432,OUT031,CUS00742,11,4624.31,2.0
TXN0002692,16-04-2021,ITM0115,OUT023,CUS01889,20,2856.70,
TXN0001732,30-10-2022,ITM0178,OUT018,CUS01521,9,1752.24,4.6
TXN0005493,09-07-2022,ITM0376,OUT027,CUS01585,10,2202.11,2.3
TXN0007899,23-02-2018,ITM0324,OUT025,CUS00356,19,3112.59,1.7
TXN0001220,01-07-2018,ITM0433,OUT035,CUS00852,,221.60,3.4
TXN0003879,21-09-2023,ITM0137,OUT016,CUS00418,11,774.73,3.9
TXN0004420,14-02-2018,ITM0285,OUT002,CUS01065,10,993.88,
TXN0007930,22-02-2022,ITM0196,OUT004,CUS01322,5,,3.4
TXN0004439,02-07-2022,ITM0420,OUT039,CUS00497,4,763.16,4.4
TXN0001501,18-05-2018,ITM0443,OUT045,CUS01840,12,2213.68,3.8
TXN0000701,28-04-2018,ITM0357,OUT041,CUS00010,10,326.54,
TXN0008373,19-04-2019,ITM0463,OUT033,CUS00983,5,792.22,1.5
TXN0003682,02-12-2018,ITM0014,OUT031,CUS00882,6,3776.43,
TXN0007048,18-10-2023,ITM0279,OUT015,CUS01362,4,3230.03,3.6
TXN0007718,10-04-2018,ITM0082,OUT025,CUS01866,4,1303.44,2.1
TXN0009188,18-12-2018,ITM0120,OUT047,CUS00458,3,1746.51,4.0
TXN0008501,17-09-2019,ITM0008,OUT036,CUS00530,7,1724.72,3.4
TXN0003090,25-04-2019,ITM0177,OUT027,CUS00294,7,2820.37,1.9
TXN0007890,02-07-2021,ITM0026,OUT008,CUS00536,7,4894.45,4.4
TXN0010156,18-10-2019,ITM0116,OUT017,CUS01240,12,1689.48,4.5
TXN0002556,17-08-2020,ITM0347,OUT027,CUS01666,3,796.18,4.0
TXN0006254,23-09-2021,ITM0005,OUT022,CUS01385,11,3759.89,4.9
TXN0000021,18-02-2018,ITM0203,OUT029,CUS00972,17,188.46,4.0
TXN0009124,17-11-2023,ITM0290,OUT046,CUS01466,7,2920.06,3.8
TXN0001932,19-02-2020,ITM0239,OUT048,CUS00513,2,535.96,1.5
TXN0002485,08-06-2020,ITM0273,OUT003,CUS00361,8,4250.56,2.4
TXN0001618,23-07-2019,ITM0247,OUT011,CUS01143,20,3638.46,4.6
TXN0000765,08-11-2022,ITM0276,OUT025,CUS00192,19,2919.60,4.1
TXN0004266,26-06-2021,ITM0166,OUT006,CUS01210,3,839.24,4.1
TXN0005683,18-05-2019,ITM0492,OUT004,CUS01972,14,4650.19,4.2
TXN0002171,19-08-2020,ITM0094,OUT006,CUS00494,17,3088.84,1.8
TXN0002445,04-05-2018,ITM0084,OUT024,CUS00335,13,3099.29,4.9
TXN0008642,31-10-2019,ITM0043,OUT004,CUS00572,10,,2.8
TXN0008626,10-11-2019,ITM0286,OUT034,CUS01016,1,3000.41,2.2
TXN0006906,,ITM0011,OUT010,CUS01003,7,3136.39,3.1
TXN0002506,27-01-2018,ITM0494,OUT022,CUS00371,19,3899.98,2.4
TXN0006468,08-03-2020,ITM0162,OUT038,CUS00830,18,3804.18,2.4
TXN0005234,18-01-2020,ITM0052,OUT046,CUS00352,5,4264.42,2.4
TXN0009010,30-06-2018,ITM0137,OUT019,CUS01813,12,1307.03,1.5
TXN0007305,01-04-2018,ITM0322,OUT036,CUS01073,14,,3.5
TXN0003537,06-06-2023,ITM0355,OUT033,CUS01423,20,,3.2
TXN0009579,05-08-2020,ITM0192,OUT017,CUS01480,11,3656.84,1.7
TXN0001559,08-06-2019,ITM0102,OUT030,CUS01314,5,1637.08,4.7
TXN0001532,06-10-2022,ITM0454,OUT044,CUS01917,18,4672.01,4.8
TXN0009516,01-07-2020,ITM0465,OUT010,CUS01177,20,2544.37,3.0
TXN0003091,20-04-2018,ITM0492,OUT001,CUS00083,18,869.09,5.0
TXN0007959,29-06-2020,ITM0232,OUT034,CUS01763,11,3401.68,4.1
TXN0009359,15-11-2019,ITM0038,OUT043,CUS00949,14,4097.57,4.2
TXN0004766,12-04-2023,ITM0183,OUT015,CUS01925,20,126.94,3.5
TXN0001910,11-05-2018,ITM0008,OUT022,CUS00499,,965.03,1.8
TXN0001007,17-06-2022,ITM0015,OUT010,CUS00389,14,4111.52,3.5
TXN0003349,04-12-2018,ITM0007,OUT033,CUS01470,17,,2.6
TXN0007886,29-05-2023,ITM0038,OUT008,CUS00662,1,2054.46,3.2
TXN0005275,16-07-2021,ITM0049,OUT026,CUS00118,10,4018.75,
TXN0007015,13-01-2018,ITM0196,OUT044,CUS01909,4,4371.02,4.8
TXN0007629,07-11-2019,ITM0311,OUT048,CUS00320,15,2586.70,4.1
TXN0005777,27-05-2019,ITM0186,OUT036,CUS01667,8,,
TXN0004264,22-06-2019,ITM0336,OUT042,CUS00758,1,,2.1
TXN0002439,09-04-2022,ITM0433,OUT043,CUS00002,6,,3.3
TXN0006444,17-05-2020,ITM0123,OUT021,CUS01966,18,2763.51,1.8
TXN0009194,27-06-2021,ITM0130,OUT029,CUS00894,18,3886.62,2.4
TXN0008680,30-12-2022,ITM0282,OUT023,CUS00442,16,3558.15,1.8
TXN0003728,09-03-2021,ITM0149,OUT007,CUS01121,1,1659.88,4.2
TXN0009816,03-08-2019,ITM0053,OUT007,CUS00415,20,368.38,3.5
TXN0004462,07-01-2022,ITM0350,OUT036,CUS00942,2,1709.73,
TXN0010498,04-06-2021,ITM0009,OUT031,CUS00520,18,3923.28,4.7
TXN0007276,14-11-2018,ITM0155,OUT007,CUS01946,8,3137.06,4.0
TXN0001384,14-02-2020,ITM0484,OUT019,CUS01023,15,1821.90,3.0
TXN0008946,06-12-2023,ITM0414,OUT002,CUS01716,13,,3.3
TXN0001187,13-07-2020,ITM0475,OUT024,CUS01951,15,301.15,4.8
TXN0003426,01-06-2018,ITM0456,OUT010,CUS01111,12,157.62,
TXN0001219,31-08-2020,ITM0258,OUT046,CUS01897,3,3637.85,4.9
TXN0002026,11-12-2023,ITM0167,OUT004,CUS01506,,2509.54,2.0
TXN0003702,08-01-2021,ITM0136,OUT031,CUS01345,8,281.78,2.5
TXN0001951,23-05-2020,ITM0381,OUT016,CUS01296,4,2384.27,1.9
TXN0002529,14-09-2022,ITM0016,OUT043,CUS00827,7,3167.20,2.2
TXN0002246,13-11-2022,ITM0069,OUT049,CUS00311,19,4174.15,1.4
TXN0003068,14-06-2023,ITM0066,OUT043,CUS01447,3,1240.53,1.7
TXN0009840,05-06-2022,ITM0160,OUT035,CUS01271,20,4021.83,3.5
TXN0006792,10-12-2022,ITM0429,OUT005,CUS00155,4,4346.57,3.1
TXN0005802,27-10-2023,ITM0251,OUT045,CUS00315,9,3123.28,4.1
TXN0001840,06-05-2021,ITM0310,OUT025,CUS01248,20,2588.98,1.4
TXN0005592,02-05-2022,ITM0440,OUT044,CUS01321,6,4305.30,1.4
TXN0007594,19-07-2021,ITM0134,OUT003,CUS01111,6,2512.67,3.1
TXN0007915,09-06-2022,ITM0111,OUT027,CUS01293,15,3353.71,4.0
TXN0004141,,ITM0247,OUT002,CUS01280,20,2699.34,3.6
TXN0004369,27-12-2022,ITM0175,OUT036,CUS01943,19,1199.79,4.2
TXN0000770,16-04-2020,ITM0463,OUT034,CUS01653,20,1706.73,1.7
TXN0001233,,ITM0084,OUT006,CUS00134,5,3170.00,1.2
TXN0009517,21-12-2020,ITM0439,OUT020,CUS01406,8,227.41,2.8
TXN0002104,04-02-2020,ITM0284,OUT004,CUS01146,10,2819.35,2.4
TXN0006031,25-01-2021,ITM0423,OUT023,CUS01369,20,1797.16,1.1
TXN0007948,08-04-2021,ITM0071,OUT043,CUS01923,1,2882.52,3.8
TXN0001887,14-04-2021,ITM0020,OUT034,CUS01495,8,2441.32,4.1
TXN0006072,18-04-2022,ITM0320,OUT042,CUS00160,5,2683.33,1.2
TXN0005874,07-05-2018,ITM0390,OUT040,CUS01748,8,497.04,1.4
TXN0007509,25-01-2022,ITM0495,OUT022,CUS01964,3,3799.89,1.7
TXN0005984,03-02-2022,ITM0166,OUT007,CUS01085,16,2111.18,2.2
TXN0002182,06-12-2022,ITM0171,OUT016,CUS01037,6,4938.12,1.1
TXN0008541,31-01-2020,ITM0024,OUT037,CUS01798,10,4176.42,4.7
TXN0010453,15-10-2022,ITM0052,OUT047,CUS00869,11,3097.60,2.6
TXN0000611,19-04-2018,ITM0303,OUT012,CUS01843,13,1517.16,1.7
TXN0001341,14-11-2022,ITM0423,OUT020,CUS00559,20,2038.26,1.4
TXN0000747,05-12-2019,ITM0241,OUT040,CUS01764,17,583.45,4.7
TXN0007654,07-06-2023,ITM0328,OUT019,CUS01321,4,4855.07,4.6
TXN0005576,01-07-2023,ITM0392,OUT004,CUS00164,16,1140.36,2.4
TXN0004196,31-01-2021,ITM0333,OUT009,CUS01910,15,1340.22,4.8
TXN0007426,07-07-2019,ITM0157,OUT032,CUS00692,3,3547.98,4.6
,,,,,,,
TXN0004483,14-08-2018,ITM0454,OUT050,CUS01404,7,3165.44,2.6
TXN0010405,19-03-2018,ITM0320,OUT017,CUS00766,18,1204.43,2.5
TXN0004778,01-04-2023,ITM0177,OUT010,CUS01365,4,3874.43,4.3
TXN0006323,03-03-2022,ITM0384,OUT049,CUS01125,7,68.42,4.9
TXN0000374,02-06-2018,ITM0500,OUT028,CUS01783,5,1608.65,4.0
TXN0010253,30-12-2022,ITM0424,OUT049,CUS00327,4,3632.90,3.8
TXN0004764,21-12-2022,ITM0456,OUT040,CUS00693,19,2115.41,3.9
TXN0003420,,ITM0033,OUT035,CUS00178,4,3895.44,4.7
TXN0000771,19-01-2021,ITM0448,OUT028,CUS00581,11,4396.90,2.0
TXN0002510,15-02-2018,ITM0229,OUT004,CUS00559,8,349.63,4.1
TXN0000026,15-01-2023,ITM0383,OUT025,CUS01456,9,3408.31,1.4
TXN0002591,12-03-2022,ITM0319,OUT013,CUS01617,6,177.41,3.9
TXN0006627,16-08-2022,ITM0219,OUT038,CUS01457,4,74.24,2.1
TXN0000521,18-07-2020,ITM0385,OUT026,CUS01678,18,4889.11,3.1
TXN0000961,28-05-2021,ITM0076,OUT002,CUS01475,2,1252.23,3.5
TXN0009371,,ITM0129,OUT030,CUS00220,15,1551.59,1.3
TXN0003151,10-02-2023,ITM0463,OUT050,CUS00574,8,,1.4
TXN0003736,16-08-2018,ITM0235,OUT043,CUS00206,13,2801.89,4.6
TXN0005715,16-08-2022,ITM0481,OUT001,CUS00683,17,2952.33,4.8
TXN0002933,08-02-2022,ITM0098,OUT050,CUS00626,12,1308.28,1.8
TXN0007832,06-11-2021,ITM0280,OUT033,CUS01532,,1345.37,2.1
TXN0002029,24-03-2023,ITM0262,OUT043,CUS01079,19,726.48,3.8
TXN0005562,31-05-2021,ITM0303,OUT005,CUS01817,9,3083.26,2.4
TXN0008568,18-12-2022,ITM0274,OUT022,CUS00758,18,4149.34,4.5
TXN0009684,18-04-2019,ITM0450,OUT045,CUS01494,11,4922.91,2.3
TXN0009330,13-05-2022,ITM0379,OUT048,CUS01826,5,,1.5
TXN0006561,04-10-2020,ITM0100,OUT006,CUS01628,18,,1.4
TXN0008625,12-07-2022,ITM0227,OUT013,CUS01759,7,,2.7
TXN0006980,27-03-2023,ITM0065,OUT018,CUS01727,4,4575.27,
TXN0004239,01-05-2022,ITM0444,OUT003,CUS01553,4,3417.50,1.5
TXN0005744,14-06-2022,ITM0143,OUT030,CUS00457,16,4412.39,1.7
TXN0000081,26-06-2023,ITM0275,OUT024,CUS00681,18,3616.72,1.4
TXN0003690,,ITM0220,OUT013,CUS01174,11,,4.8
TXN0000640,03-11-2020,ITM0470,OUT027,CUS00574,19,3036.88,
TXN0000454,10-02-2022,ITM0274,OUT028,CUS00089,5,1164.01,
TXN0009193,09-03-2019,ITM0228,OUT041,CUS01215,7,3960.82,2.7
TXN0000049,30-08-2018,ITM0418,OUT043,CUS00177,11,466.42,4.4
TXN0004712,31-08-2019,ITM0212,OUT032,CUS01766,14,,1.3
TXN0004378,05-08-2022,ITM0007,OUT037,CUS01191,14,3231.43,2.0
TXN0000380,,ITM0087,OUT019,CUS01148,8,4181.11,1.7
TXN0004632,04-10-2020,ITM0420,OUT005,CUS00585,3,4608.08,3.9
TXN0002766,31-07-2018,ITM0401,OUT026,CUS00781,3,18.08,1.9
TXN0001370,24-08-2019,ITM0359,OUT040,CUS00348,18,488.50,1.2
TXN0003958,17-07-2020,ITM0096,OUT046,CUS01079,7,1562.87,3.0
TXN0003656,07-12-2023,ITM0107,OUT022,CUS01366,20,2401.69,3.2
TXN0002252,22-08-2022,ITM0046,OUT027,CUS00985,18,4567.63,1.0
TXN0004267,12-10-2022,ITM0365,OUT028,CUS01010,20,261.03,2.7
TXN0008417,26-03-2019,ITM0012,OUT031,CUS01268,4,3984.53,
TXN0003265,,ITM0337,OUT036,CUS01072,7,1371.67,1.0
TXN0004272,01-08-2018,ITM0366,OUT015,CUS00651,11,1277.21,1.6
TXN0003059,06-08-2022,ITM0471,OUT012,CUS01949,1,3340.16,2.8
TXN0006898,28-06-2019,ITM0033,OUT027,CUS01574,1,727.64,2.8
TXN0003396,25-04-2022,ITM0450,OUT022,CUS01853,8,3462.10,3.2
TXN0007799,03-07-2020,ITM0323,OUT012,CUS01243,,3052.38,2.2
TXN0001984,12-01-2021,ITM0185,OUT021,CUS00125,14,2249.34,3.2
TXN0008042,05-05-2022,ITM0271,OUT013,CUS00405,12,340.61,1.7
TXN0000974,04-09-2019,ITM0040,OUT020,CUS00752,2,1262.80,1.3
TXN0001897,06-09-2022,ITM0177,OUT044,CUS01351,17,1671.51,2.5
TXN0000427,05-12-2020,ITM0472,OUT003,CUS01330,12,2797.91,3.3
TXN0009846,03-03-2022,ITM0074,OUT040,CUS00585,14,4374.76,3.7
TXN0007859,11-11-2018,ITM0107,OUT003,CUS00235,16,700.10,2.9
TXN0001579,20-05-2020,ITM0443,OUT033,CUS01864,16,4105.94,3.1
TXN0003404,16-01-2020,ITM0252,OUT008,CUS00450,16,2241.94,3.3
TXN0002075,19-08-2019,ITM0429,OUT040,CUS00416,2,3925.12,3.3
TXN0001713,01-07-2019,ITM0347,OUT048,CUS01790,5,2018.12,1.8
TXN0002858,12-01-2023,ITM0438,OUT045,CUS01343,20,2317.82,1.3
TXN0005878,04-05-2019,ITM0007,OUT018,CUS01005,15,1178.02,4.0
TXN0006542,20-11-2021,ITM0224,OUT018,CUS01483,17,1876.06,3.0
TXN0008449,17-02-2023,ITM0164,OUT050,CUS00082,6,4126.81,2.2
TXN0001358,14-06-2018,ITM0301,OUT030,CUS00589,11,,4.6
TXN0010331,28-01-2023,ITM0032,OUT008,CUS01687,9,4288.79,4.8
TXN0010373,17-06-2022,ITM0471,OUT004,CUS00760,1,2007.05,4.8
TXN0002482,21-06-2022,ITM0452,OUT029,CUS00271,14,3590.43,3.8
TXN0007984,24-07-2018,ITM0317,OUT048,CUS00837,14,4626.13,1.9
TXN0007961,29-06-2018,ITM0049,OUT008,CUS01689,8,931.39,1.0
TXN0001744,,ITM0103,OUT046,CUS00525,12,2844.32,4.8
TXN0001040,31-12-2021,ITM0086,OUT012,CUS00239,7,4840.22,1.4
TXN0008287,16-12-2019,ITM0412,OUT015,CUS00395,17,3949.44,2.9
TXN0000937,31-01-2023,ITM0378,OUT046,CUS00666,11,2038.83,1.6
TXN0004789,,ITM0343,OUT027,CUS01598,14,856.34,1.3
TXN0004339,12-06-2018,ITM0346,OUT043,CUS00799,20,3441.38,1.3
TXN0008022,30-01-2018,ITM0382,OUT007,CUS01223,13,1777.89,3.5
TXN0004626,11-08-2019,ITM0190,OUT038,CUS00596,18,1067.31,2.3
TXN0003319,22-07-2021,ITM0409,OUT035,CUS00377,17,2102.26,2.2
TXN0003638,11-08-2019,ITM0251,OUT006,CUS00792,16,4571.73,1.7
TXN0009957,23-05-2018,ITM0448,OUT031,CUS01323,18,1499.68,
TXN0009606,08-02-2020,ITM0278,OUT027,CUS01027,19,4602.92,2.4
TXN0008210,16-02-2021,ITM0057,OUT001,CUS01189,7,334.83,4.7
TXN0008722,05-03-2020,ITM0346,OUT030,CUS01285,12,3781.11,1.8
TXN0005726,,ITM0089,OUT036,CUS00257,6,1652.68,1.0
TXN0005402,08-01-2021,ITM0048,OUT044,CUS01563,,1561.01,4.9
TXN0001490,21-07-2020,ITM0160,OUT034,CUS00697,2,536.20,4.6
TXN0000931,03-08-2020,ITM0052,OUT044,CUS00681,5,274.73,4.7
TXN0007047,02-05-2019,ITM0390,OUT022,CUS00145,15,3894.43,2.2
TXN0003944,27-06-2018,ITM0175,OUT035,CUS01655,12,3216.90,1.0
TXN0008919,27-02-2018,ITM0122,OUT025,CUS01562,17,4640.32,1.7
TXN0000216,25-11-2020,ITM0115,OUT039,CUS00896,11,2499.53,2.2
TXN0009875,31-12-2019,ITM0084,OUT025,CUS01847,7,1156.04,2.9
TXN0008797,28-04-2020,ITM0028,OUT007,CUS01611,7,2003.58,1.2
TXN0002031,21-04-2021,ITM0094,OUT048,CUS00577,4,99.88,4.5
TXN0007861,12-10-2019,ITM0383,OUT025,CUS00758,16,185.67,2.7
TXN0001033,15-01-2021,ITM0446,OUT044,CUS00407,20,3703.45,5.0
TXN0002524,22-05-2022,ITM0166,OUT001,CUS01752,8,4509.70,1.8
TXN0004475,08-03-2018,ITM0448,OUT043,CUS00966,20,2187.22,
TXN0003684,17-07-2019,ITM0263,OUT031,CUS00433,10,1492.61,3.2
TXN0004100,20-01-2020,ITM0262,OUT030,CUS00927,4,4433.39,2.3
TXN0002272,08-03-2021,ITM0209,OUT044,CUS01765,3,587.83,4.0
TXN0004093,10-10-2022,ITM0259,OUT028,CUS01813,20,3429.40,2.3
TXN0009501,31-07-2023,ITM0046,OUT001,CUS00219,19,954.65,3.8
TXN0005185,30-12-2020,ITM0192,OUT009,CUS01767,4,916.36,2.3
TXN0002152,26-07-2018,ITM0296,OUT004,CUS00552,4,2164.84,2.7
TXN0006377,29-03-2023,ITM0180,OUT020,CUS01808,17,4481.62,3.8
TXN0009013,,ITM0176,OUT021,CUS00791,3,1540.29,3.8
TXN0001674,,ITM0089,OUT043,CUS01360,20,2911.75,4.9
TXN0001559,08-06-2019,ITM0102,OUT030,CUS01314,5,1637.08,4.7
TXN0007042,05-05-2020,ITM0336,OUT017,CUS01448,1,2844.61,4.7
TXN0008158,16-10-2022,ITM0093,OUT011,CUS00004,5,107.50,4.5
TXN0009936,02-02-2018,ITM0490,OUT044,CUS00295,9,,1.2
TXN0001685,,ITM0072,OUT002,CUS01849,8,2054.72,5.0
TXN0001518,19-05-2019,ITM0473,OUT050,CUS00720,14,1065.99,2.2
TXN0008096,04-08-2022,ITM0389,OUT012,CUS00435,16,3353.45,1.4
TXN0007209,17-01-2019,ITM0029,OUT050,CUS01031,12,4076.77,3.3
TXN0004646,22-03-2018,ITM0425,OUT031,CUS01204,20,1402.77,
TXN0007602,25-08-2019,ITM0479,OUT020,CUS01637,20,4415.74,1.6
TXN0006577,08-04-2022,ITM0341,OUT032,CUS00372,17,2537.25,2.1
TXN0002179,13-02-2022,ITM0043,OUT027,CUS00943,12,1766.78,1.6
TXN0004232,27-12-2019,ITM0370,OUT030,CUS01319,18,4436.67,3.3
TXN0003563,17-01-2021,ITM0038,OUT002,CUS01390,3,1557.09,1.6
TXN0005012,31-08-2019,ITM0136,OUT028,CUS00179,11,1257.70,2.5
TXN0003377,19-06-2019,ITM0047,OUT028,CUS00790,2,3542.86,1.6
TXN0005572,23-11-2022,ITM0037,OUT046,CUS01949,5,2355.25,2.7
TXN0001987,07-08-2021,ITM0277,OUT048,CUS00539,9,65.76,4.0
TXN0000920,01-07-2018,ITM0317,OUT009,CUS00718,3,3614.61,4.4
TXN0003596,16-03-2020,ITM0239,OUT036,CUS01531,9,1420.88,2.2
TXN0003890,25-03-2022,ITM0186,OUT002,CUS01220,10,4609.23,4.6
TXN0009224,09-09-2023,ITM0280,OUT021,CUS00234,10,343.49,1.3
TXN0003011,08-01-2020,ITM0236,OUT006,CUS01117,3,2321.19,4.5
TXN0009992,03-08-2019,ITM0010,OUT043,CUS00826,,,2.8
TXN0000808,11-01-2019,ITM0133,OUT025,CUS00388,9,2743.18,5.0
TXN0001001,13-08-2018,ITM0491,OUT008,CUS01367,2,1653.04,
TXN0007639,19-04-2022,ITM0208,OUT004,CUS01309,8,1740.76,1.3
TXN0006124,08-01-2021,ITM0438,OUT013,CUS01503,10,4526.79,2.2
TXN0004702,12-08-2021,ITM0315,OUT033,CUS01072,13,1512.41,1.6
TXN0006179,27-08-2020,ITM0078,OUT019,CUS01456,1,2568.70,2.3
TXN0002456,05-02-2020,ITM0371,OUT048,CUS00363,10,736.67,3.2
TXN0008913,17-04-2021,ITM0310,OUT014,CUS01333,3,4929.37,
TXN0001525,06-04-2022,ITM0410,OUT006,CUS00527,8,4004.03,2.7
TXN0000060,21-06-2021,ITM0237,OUT050,CUS01040,13,3655.79,1.9
TXN0006496,24-06-2023,ITM0150,OUT046,CUS00388,1,,
TXN0009760,20-11-2020,ITM0033,OUT027,CUS01589,10,3569.69,4.7
TXN0009295,01-06-2020,ITM0226,OUT021,CUS01541,7,3976.19,4.7
TXN0008649,,ITM0436,OUT015,CUS00402,12,3074.89,3.4
TXN0006839,17-12-2022,ITM0426,OUT010,CUS01763,,1516.63,2.4
TXN0004781,10-12-2021,ITM0376,OUT002,CUS01145,16,3555.25,3.4
TXN0000898,09-12-2021,ITM0108,OUT019,CUS01039,11,2097.45,2.8
TXN0008903,12-06-2021,ITM0209,OUT006,CUS00867,20,4025.99,4.5
TXN0009081,23-03-2018,ITM0307,OUT019,CUS00176,8,3572.40,2.8
TXN0004461,18-02-2023,ITM0080,OUT001,CUS01955,20,,1.8
TXN0009618,13-07-2022,ITM0216,OUT041,CUS01832,3,3710.06,4.5
TXN0006709,22-11-2023,ITM0247,OUT041,CUS00346,9,4423.98,1.6
TXN0000215,09-10-2022,ITM0332,OUT043,CUS00604,15,3842.91,1.0
TXN0010426,,ITM0341,OUT039,CUS00013,13,,2.3
TXN0001392,05-12-2022,ITM0372,OUT031,CUS01600,19,1873.87,2.3
TXN0005279,17-06-2018,ITM0360,OUT035,CUS01199,7,1726.53,2.4
TXN0008745,02-12-2019,ITM0150,OUT005,CUS00785,17,1771.04,1.6
TXN0006175,12-05-2019,ITM0456,OUT018,CUS01450,17,4190.89,4.0
TXN0009869,03-03-2020,ITM0036,OUT042,CUS00208,13,1637.97,4.0
TXN0005519,30-06-2022,ITM0209,OUT038,CUS00312,,1555.54,4.4
TXN0004302,10-08-2020,ITM0395,OUT028,CUS00399,11,477.61,3.2
TXN0007220,28-12-2023,ITM0209,OUT001,CUS01105,18,111.09,2.1
TXN0001119,21-05-2022,ITM0344,OUT017,CUS01529,14,4208.63,1.0
TXN0003089,24-08-2022,ITM0320,OUT021,CUS01186,,4669.52,3.3
TXN0008754,03-02-2020,ITM0143,OUT023,CUS00517,19,1323.23,2.5
TXN0009901,15-02-2022,ITM0245,OUT025,CUS00101,8,182.09,3.3
TXN0000677,28-09-2020,ITM0072,OUT007,CUS01143,19,51.75,3.4
TXN0006998,,ITM0408,OUT036,CUS00939,19,467.01,3.8
TXN0002886,05-05-2023,ITM0439,OUT035,CUS01417,2,4213.43,4.6
TXN0000421,12-11-2022,ITM0459,OUT039,CUS01666,8,71.66,1.2
TXN0009783,15-11-2021,ITM0142,OUT023,CUS00842,2,1082.88,2.8
TXN0008839,,ITM0091,OUT043,CUS00959,18,2150.51,2.8
TXN0006339,08-12-2018,ITM0339,OUT003,CUS01370,20,2327.62,2.8
TXN0010356,02-08-2020,ITM0178,OUT043,CUS00494,17,3410.73,4.4
TXN0007976,11-06-2020,ITM0366,OUT025,CUS01131,16,3805.90,1.6
TXN0008051,04-12-2022,ITM0425,OUT033,CUS00748,2,909.02,2.9
TXN0007682,27-01-2022,ITM0359,OUT049,CUS00654,2,1724.60,1.7
TXN0008623,28-03-2023,ITM0186,OUT001,CUS00852,7,2440.87,4.2
TXN0004809,17-01-2018,ITM0397,OUT037,CUS01757,13,4042.93,
TXN0006685,03-09-2023,ITM0287,OUT018,CUS00733,7,4227.86,4.5
TXN0003004,,ITM0244,OUT027,CUS01899,6,,3.8
TXN0001444,11-12-2018,ITM0244,OUT015,CUS00080,9,2669.83,3.5
TXN0000911,26-08-2022,ITM0398,OUT031,CUS00327,17,4613.29,1.5
TXN0010179,20-03-2019,ITM0299,OUT006,CUS00038,1,2978.15,4.8
TXN0000780,18-09-2021,ITM0124,OUT035,CUS00663,16,4009.67,2.3
TXN0003110,12-08-2020,ITM0215,OUT050,CUS01893,20,,1.7
TXN0001554,20-08-2022,ITM0412,OUT027,CUS01307,7,611.77,
TXN0005144,05-12-2020,ITM0112,OUT014,CUS00383,13,234.60,2.9
TXN0006342,,ITM0287,OUT007,CUS01167,18,4132.42,1.2
TXN0004332,02-02-2021,ITM0472,OUT034,CUS01873,2,615.87,3.9
TXN0008203,11-06-2023,ITM0238,OUT032,CUS01657,2,2394.21,5.0
TXN0000372,18-03-2018,ITM0103,OUT035,CUS01269,6,3588.71,1.3
TXN0003764,21-08-2018,ITM0228,OUT049,CUS00200,14,2086.27,1.5
TXN0006436,25-01-2021,ITM0083,OUT018,CUS01291,14,3550.72,2.0
TXN0005400,20-04-2020,ITM0109,OUT009,CUS01513,14,1323.44,
TXN0001311,02-11-2021,ITM0333,OUT003,CUS01842,5,781.03,4.0
TXN0008753,21-02-2018,ITM0362,OUT010,CUS00843,18,,2.1
TXN0004241,11-03-2019,ITM0105,OUT049,CUS00872,3,370.94,3.8
TXN0000830,13-11-2020,ITM0170,OUT025,CUS01411,5,4324.01,3.1
TXN0006598,28-09-2020,ITM0346,OUT026,CUS01032,18,1494.41,1.5
TXN0010137,25-10-2018,ITM0034,OUT048,CUS01051,15,4211.54,1.7
TXN0003063,04-11-2020,ITM0180,OUT037,CUS00486,20,2189.14,
TXN0004526,13-09-2023,ITM0127,OUT024,CUS00277,20,1414.67,
TXN0005305,23-02-2020,ITM0429,OUT050,CUS00991,5,3918.32,1.4
TXN0000213,25-04-2021,ITM0176,OUT028,CUS01145,13,1522.05,4.8
TXN0006413,04-12-2018,ITM0449,OUT048,CUS00818,9,2243.93,2.8
TXN0007937,22-01-2022,ITM0386,OUT010,CUS01721,16,1061.31,3.9
TXN0007369,31-12-2020,ITM0331,OUT025,CUS00353,7,1197.33,4.2
TXN0007214,09-05-2020,ITM0282,OUT043,CUS01039,17,2054.29,2.9
TXN0006565,09-01-2022,ITM0065,OUT025,CUS00559,10,4279.35,4.2
TXN0007539,25-08-2022,ITM0329,OUT023,CUS01692,4,1080.79,
TXN0002760,14-06-2023,ITM0114,OUT044,CUS01293,1,,1.2
TXN0000630,25-07-2022,ITM0476,OUT022,CUS01759,4,3131.12,4.9
TXN0003424,21-06-2019,ITM0349,OUT022,CUS01746,17,717.88,1.3
TXN0001477,03-06-2022,ITM0398,OUT038,CUS00609,8,3871.52,4.3
TXN0005230,09-11-2018,ITM0020,OUT040,CUS00612,17,3688.47,2.4
TXN0005004,12-02-2023,ITM0177,OUT011,CUS00074,4,2974.41,3.7
TXN0003906,03-12-2022,ITM0129,OUT045,CUS00689,18,1233.45,
TXN0008974,02-07-2018,ITM0291,OUT048,CUS01388,15,311.77,3.7
TXN0009095,07-12-2019,ITM0164,OUT028,CUS00944,8,2326.36,4.7
TXN0002266,21-10-2018,ITM0083,OUT038,CUS00598,1,4566.56,1.9
TXN0000955,07-07-2018,ITM0389,OUT011,CUS00779,16,4965.13,2.3
TXN0009449,22-04-2023,ITM0098,OUT016,CUS00182,4,1685.32,4.4
TXN0003008,28-10-2021,ITM0049,OUT019,CUS00787,2,3428.87,1.3
TXN0005694,02-04-2022,ITM0415,OUT009,CUS00412,17,2028.42,2.4
TXN0003677,11-02-2023,ITM0220,OUT048,CUS00339,5,3522.29,2.0
TXN0009120,19-10-2020,ITM0220,OUT014,CUS01466,10,1624.85,5.0
TXN0005762,10-05-2020,ITM0478,OUT020,CUS00299,2,3642.94,4.4
TXN0010199,26-01-2018,ITM0318,OUT045,CUS00908,,81.44,1.3
TXN0010118,27-02-2021,ITM0401,OUT048,CUS00703,15,1268.14,2.3
TXN0003494,16-10-2023,ITM0301,OUT037,CUS00531,9,2614.61,4.1
TXN0002800,01-05-2019,ITM0379,OUT042,CUS00065,12,556.48,2.3
TXN0007910,12-10-2023,ITM0473,OUT015,CUS01735,,347.46,2.3
TXN0008972,08-02-2021,ITM0138,OUT041,CUS00634,15,3344.09,2.9
TXN0005089,16-11-2021,ITM0428,OUT007,CUS01069,4,3296.37,3.9
TXN0008934,03-03-2019,ITM0273,OUT038,CUS01906,14,3211.36,3.8
TXN0004813,11-02-2020,ITM0208,OUT045,CUS01441,16,3273.92,1.3
TXN0001031,29-07-2022,ITM0084,OUT046,CUS00679,12,3080.22,3.9
TXN0003274,21-07-2019,ITM0283,OUT046,CUS01860,9,2790.05,1.8
TXN0003340,29-04-2023,ITM0237,OUT019,CUS01834,16,978.76,5.0
TXN0000905,28-03-2022,ITM0067,OUT013,CUS00699,15,2834.33,4.7
TXN0004518,23-03-2020,ITM0251,OUT008,CUS00814,19,1125.71,4.9
TXN0003903,04-01-2023,ITM0144,OUT031,CUS01977,8,3671.52,2.6
TXN0003065,13-03-2022,ITM0496,OUT013,CUS01884,11,1680.89,3.9
TXN0000989,06-07-2021,ITM0053,OUT008,CUS01908,3,2874.87,4.3
TXN0005994,09-12-2022,ITM0261,OUT035,CUS00955,10,3934.35,4.9
TXN0002631,05-02-2022,ITM0013,OUT020,CUS00644,7,2706.84,3.9
TXN0004634,31-08-2019,ITM0019,OUT023,CUS00142,2,,3.7
TXN0005405,23-05-2021,ITM0208,OUT040,CUS01193,18,4513.35,4.7
TXN0004713,01-09-2020,ITM0193,OUT005,CUS01032,2,2519.13,
TXN0004216,27-07-2023,ITM0245,OUT010,CUS01633,16,4883.98,4.7
TXN0005477,18-12-2023,ITM0188,OUT008,CUS01675,8,,1.4
TXN0010115,22-12-2021,ITM0471,OUT035,CUS00169,8,4776.33,2.4
TXN0008850,29-01-2018,ITM0187,OUT035,CUS00560,17,3674.84,
TXN0006429,23-05-2023,ITM0149,OUT044,CUS00505,9,2449.63,4.2
TXN0006986,24-02-2021,ITM0490,OUT045,CUS01478,12,534.49,2.0
TXN0010418,19-01-2018,ITM0263,OUT007,CUS01543,14,4233.46,4.0
TXN0010284,16-04-2023,ITM0455,OUT033,CUS00723,8,432.82,
TXN0009575,28-12-2020,ITM0290,OUT025,CUS01984,10,,1.2
TXN0009283,26-03-2018,ITM0024,OUT016,CUS01085,13,3982.28,1.6
TXN0004005,02-07-2021,ITM0211,OUT012,CUS01729,9,4824.58,2.3
TXN0003651,12-09-2019,ITM0298,OUT050,CUS00413,3,579.77,2.9
TXN0004624,09-09-2021,ITM0489,OUT004,CUS00870,20,1318.11,3.9
TXN0007627,02-10-2020,ITM0203,OUT007,CUS00961,10,2846.64,3.6
TXN0006860,26-09-2019,ITM0032,OUT028,CUS01474,3,4876.37,3.8
TXN0002493,17-05-2022,ITM0071,OUT039,CUS01457,13,,2.2
TXN0005143,11-09-2022,ITM0131,OUT002,CUS00406,13,3741.61,4.5
TXN0000364,19-06-2018,ITM0302,OUT036,CUS00881,12,2162.80,1.8
TXN0007786,12-05-2019,ITM0037,OUT023,CUS00815,1,1161.26,1.3
TXN0009434,,ITM0322,OUT037,CUS00170,1,1829.88,3.7
TXN0006062,27-02-2022,ITM0168,OUT003,CUS00571,9,1982.60,3.6
TXN0003247,09-06-2020,ITM0222,OUT047,CUS00530,13,1827.58,2.4
TXN0010417,02-04-2021,ITM0247,OUT007,CUS00717,11,635.14,2.7
TXN0008453,04-03-2023,ITM0224,OUT022,CUS01926,17,2868.62,1.0
TXN0004053,05-03-2023,ITM0187,OUT043,CUS00435,3,2419.81,3.2
TXN0010023,26-07-2019,ITM0251,OUT034,CUS00616,19,3552.37,2.0
TXN0009226,10-01-2019,ITM0096,OUT036,CUS01239,20,52.45,1.6
TXN0006486,17-09-2023,ITM0223,OUT008,CUS00525,4,4754.69,4.6
TXN0010433,23-01-2023,ITM0409,OUT020,CUS01333,11,,1.5
TXN0007367,06-01-2021,ITM0288,OUT002,CUS01201,7,1835.00,1.7
TXN0009450,15-10-2022,ITM0272,OUT047,CUS00647,2,4243.88,4.8
TXN0003662,13-05-2021,ITM0284,OUT002,CUS00151,4,755.97,
TXN0008619,06-06-2022,ITM0351,OUT014,CUS00593,14,1781.12,2.5
TXN0007418,08-10-2019,ITM0308,OUT015,CUS00792,6,2990.67,2.2
TXN0002209,14-01-2019,ITM0401,OUT002,CUS00462,19,3569.71,2.1
TXN0004040,17-02-2023,ITM0413,OUT019,CUS00056,11,1604.99,2.9
TXN0005173,23-03-2019,ITM0257,OUT008,CUS00170,1,836.50,3.2
TXN0005041,20-10-2018,ITM0090,OUT009,CUS01421,1,3287.11,4.0
TXN0003771,08-03-2018,ITM0052,OUT049,CUS01266,18,1427.43,
TXN0008467,01-02-2019,ITM0070,OUT048,CUS00344,7,2170.27,4.6
TXN0000798,06-03-2023,ITM0363,OUT040,CUS00033,12,3668.06,4.1
TXN0007560,23-10-2022,ITM0429,OUT032,CUS01964,,2418.29,2.6
TXN0003049,14-03-2022,ITM0012,OUT011,CUS00233,15,3638.08,1.6
TXN0007250,14-09-2021,ITM0051,OUT015,CUS00345,14,1016.31,2.9
TXN0009363,16-12-2019,ITM0129,OUT008,CUS00892,8,,2.5
TXN0005419,01-12-2018,ITM0192,OUT010,CUS01662,1,2242.20,3.7
TXN0002572,06-01-2023,ITM0055,OUT040,CUS01769,10,3535.67,
TXN0006764,20-01-2021,ITM0263,OUT026,CUS01569,11,27.64,1.1
TXN0003695,05-05-2021,ITM0203,OUT024,CUS00385,10,3764.21,4.8
TXN0000592,12-01-2020,ITM0184,OUT039,CUS01211,20,883.20,2.9
TXN0005801,19-07-2020,ITM0111,OUT028,CUS01236,4,267.45,1.2
TXN0004374,15-02-2022,ITM0369,OUT021,CUS01423,8,1877.58,1.6
TXN0001741,30-12-2021,ITM0148,OUT036,CUS00843,8,,3.1
TXN0010482,02-11-2018,ITM0403,OUT049,CUS00833,11,2517.68,4.9
TXN0000441,15-02-2021,ITM0081,OUT039,CUS01430,11,3145.43,
TXN0009510,,ITM0227,OUT038,CUS00465,12,1298.59,3.5
TXN0001453,07-02-2018,ITM0401,OUT012,CUS00605,13,,3.0
TXN0004382,22-02-2023,ITM0181,OUT040,CUS01339,6,797.76,4.6
TXN0002762,13-07-2023,ITM0396,OUT047,CUS01074,19,1647.26,3.9
TXN0006273,05-10-2018,ITM0110,OUT048,CUS01305,17,4111.77,4.3
TXN0009823,12-01-2020,ITM0317,OUT047,CUS00490,19,3873.97,3.7
TXN0005070,20-09-2021,ITM0273,OUT012,CUS01990,15,4782.91,5.0
TXN0004878,01-05-2018,ITM0016,OUT011,CUS01537,18,1921.44,2.8
TXN0009221,05-07-2021,ITM0422,OUT019,CUS01114,8,2688.48,4.4
TXN0010257,26-02-2021,ITM0059,OUT024,CUS00048,19,4494.99,2.4
TXN0005472,28-02-2021,ITM0103,OUT036,CUS00577,5,2507.79,3.0
TXN0002059,06-06-2018,ITM0368,OUT004,CUS01506,13,752.12,1.3
TXN0000098,06-02-2019,ITM0337,OUT039,CUS01170,13,3702.13,3.9
TXN0009847,10-01-2022,ITM0381,OUT030,CUS00685,15,4601.94,2.5
TXN0008277,15-09-2023,ITM0335,OUT032,CUS00969,14,2692.52,4.8
TXN0010479,01-06-2018,ITM0353,OUT014,CUS01845,3,1186.14,
TXN0004273,18-02-2019,ITM0361,OUT005,CUS00309,11,1415.64,1.3
TXN0001232,24-06-2020,ITM0310,OUT007,CUS01733,1,583.96,2.7
TXN0009717,10-07-2018,ITM0298,OUT006,CUS01313,3,4230.30,2.6
TXN0006754,27-10-2020,ITM0164,OUT008,CUS00021,13,3237.63,
TXN0006928,18-05-2023,ITM0367,OUT046,CUS01116,13,947.74,2.9
TXN0000785,06-03-2020,ITM0400,OUT039,CUS00774,8,3739.32,1.8
TXN0006707,21-04-2020,ITM0282,OUT049,CUS01646,5,186.23,1.2
TXN0004361,,ITM0053,OUT026,CUS00188,18,2800.38,3.0
TXN0001200,19-09-2022,ITM0203,OUT028,CUS00890,17,4820.12,
TXN0009591,25-10-2021,ITM0160,OUT027,CUS00828,3,3469.30,2.3
TXN0001777,15-04-2023,ITM0197,OUT029,CUS00892,13,1139.91,3.7
TXN0000184,10-05-2022,ITM0168,OUT050,CUS01509,13,896.53,3.1
TXN0001154,27-10-2023,ITM0202,OUT015,CUS01006,3,1562.89,4.0
TXN0000563,26-08-2019,ITM0337,OUT005,CUS00851,4,1487.22,3.4
TXN0002183,05-11-2018,ITM0411,OUT022,CUS00928,12,3992.49,1.9
TXN0006615,14-11-2022,ITM0115,OUT018,CUS00077,11,2737.37,1.8
TXN0005241,28-12-2021,ITM0318,OUT028,CUS00204,16,1720.72,1.6
TXN0002078,22-03-2021,ITM0157,OUT048,CUS01984,11,4349.47,2.4
TXN0006559,02-03-2018,ITM0179,OUT009,CUS01189,11,1471.11,3.4
TXN0009151,24-07-2018,ITM0373,OUT047,CUS00918,12,293.26,
TXN0009998,,ITM0272,OUT033,CUS00076,7,810.78,3.1
TXN0001109,25-11-2023,ITM0230,OUT003,CUS00673,,3808.29,5.0
TXN0003115,14-04-2022,ITM0390,OUT037,CUS01361,5,4682.09,2.7
TXN0003422,12-04-2019,ITM0140,OUT005,CUS01184,3,1720.74,2.1
TXN0002343,12-06-2021,ITM0172,OUT013,CUS01303,15,513.24,3.4
TXN0009656,19-05-2020,ITM0357,OUT049,CUS01551,19,,3.6
TXN0000891,26-05-2022,ITM0198,OUT036,CUS00531,4,1274.32,3.2
TXN_OUT1,15-06-2021,ITM0001,OUT001,CUS00001,1,-500,4.5
TXN0008003,03-04-2020,ITM0473,OUT044,CUS01193,16,1580.30,2.8
TXN0005211,18-10-2018,ITM0283,OUT028,CUS01634,8,311.31,2.2
TXN0005904,16-03-2019,ITM0165,OUT033,CUS01122,13,2445.15,1.5
TXN0008795,25-09-2022,ITM0397,OUT020,CUS01546,20,19.15,3.9
TXN0002185,21-04-2020,ITM0376,OUT025,CUS00250,7,3926.78,4.2
TXN0000266,19-01-2019,ITM0200,OUT032,CUS00292,6,554.69,4.0
TXN0007378,17-11-2018,ITM0088,OUT014,CUS01302,14,1132.54,
TXN0006736,22-10-2020,ITM0010,OUT022,CUS01416,9,486.94,2.9
TXN0002653,08-08-2019,ITM0382,OUT043,CUS01417,16,2755.73,2.2
TXN0004089,20-04-2019,ITM0133,OUT034,CUS00764,,3379.32,3.1
TXN0006051,25-08-2023,ITM0418,OUT013,CUS00441,12,,1.2
TXN0008097,11-07-2023,ITM0483,OUT011,CUS01307,9,1320.11,3.1
TXN0006330,17-02-2023,ITM0305,OUT017,CUS00503,8,4442.65,1.6
TXN0008966,13-03-2019,ITM0415,OUT026,CUS01748,17,1454.29,
TXN0007949,13-01-2021,ITM0114,OUT050,CUS01019,19,,1.3
TXN0001598,23-01-2019,ITM0021,OUT009,CUS01812,5,2254.75,2.9
TXN0000283,,ITM0012,OUT039,CUS01672,19,4714.59,5.0
TXN0003492,30-07-2019,ITM0135,OUT024,CUS01147,2,2389.80,2.4
TXN0004240,03-06-2023,ITM0478,OUT045,CUS00328,16,520.72,3.2
TXN0001264,,ITM0471,OUT014,CUS00440,4,2191.15,4.6
TXN0008315,02-08-2020,ITM0096,OUT032,CUS00961,17,47.16,2.1
TXN0000665,09-10-2021,ITM0252,OUT006,CUS01230,6,2993.39,2.2
TXN0000670,09-04-2018,ITM0104,OUT047,CUS00117,7,2801.80,3.0
TXN0000682,07-06-2022,ITM0496,OUT039,CUS00002,15,4947.66,3.6
TXN0008897,23-06-2020,ITM0421,OUT009,CUS00355,6,3990.34,1.8
TXN0009549,23-11-2021,ITM0347,OUT005,CUS01231,16,163.50,3.1
TXN0002473,27-04-2019,ITM0253,OUT034,CUS00540,,3813.99,2.2
TXN0010376,29-08-2022,ITM0184,OUT045,CUS00115,7,4187.80,3.3
TXN0006477,04-04-2023,ITM0161,OUT001,CUS00655,,2160.51,4.8
TXN0003264,23-10-2023,ITM0155,OUT032,CUS01122,6,1851.58,4.6
TXN0008889,19-02-2023,ITM0361,OUT018,CUS00042,12,486.41,4.8
TXN0000852,22-02-2019,ITM0394,OUT040,CUS01759,2,1688.07,
TXN0002877,01-06-2020,ITM0364,OUT016,CUS00495,5,3463.83,4.9
TXN0006732,11-12-2022,ITM0248,OUT014,CUS00716,5,366.58,2.2
TXN0000196,17-09-2018,ITM0253,OUT025,CUS00195,2,2646.49,3.8
TXN0003611,02-06-2019,ITM0190,OUT028,CUS01198,3,,3.5
TXN0005465,30-01-2023,ITM0479,OUT010,CUS01135,11,3139.90,1.9
TXN0001885,17-06-2019,ITM0405,OUT020,CUS01278,8,,1.1
TXN0004287,11-02-2020,ITM0378,OUT019,CUS01710,11,2880.33,2.6
TXN0006283,30-10-2019,ITM0370,OUT009,CUS01560,,,4.7
TXN0003865,10-09-2023,ITM0221,OUT021,CUS00396,14,4287.03,1.8
TXN0004970,07-11-2023,ITM0339,OUT040,CUS01271,12,2584.04,
TXN0000649,20-06-2018,ITM0330,OUT035,CUS00138,19,3599.89,3.1
TXN0006033,,ITM0475,OUT031,CUS01827,16,,2.8
TXN0003608,18-07-2021,ITM0302,OUT007,CUS01816,13,2101.67,
TXN0005799,12-07-2022,ITM0109,OUT020,CUS00367,6,2194.62,
TXN0000138,12-02-2023,ITM0203,OUT020,CUS00634,18,3999.71,1.0
TXN0001586,10-07-2019,ITM0087,OUT028,CUS00907,8,,1.8
TXN0000629,01-12-2020,ITM0363,OUT024,CUS01701,,2649.38,1.7
TXN0001354,18-04-2020,ITM0281,OUT007,CUS00004,,938.97,1.2
TXN0000759,19-08-2020,ITM0138,OUT011,CUS00608,18,2175.06,3.2
TXN0004104,16-06-2020,ITM0366,OUT040,CUS01093,14,1558.37,2.5
TXN0007994,25-01-2022,ITM0204,OUT040,CUS00843,6,1615.98,3.4
TXN0005580,16-10-2018,ITM0469,OUT009,CUS00505,9,4885.99,2.9
TXN0009599,09-03-2019,ITM0072,OUT014,CUS00026,,1937.39,1.1
TXN0003881,20-11-2022,ITM0140,OUT011,CUS01901,7,2506.22,1.2
TXN0004938,11-01-2019,ITM0443,OUT008,CUS00045,5,4037.63,3.1
TXN0004978,14-08-2019,ITM0193,OUT034,CUS01800,2,2145.86,2.4
TXN0002502,03-09-2022,ITM0243,OUT013,CUS00124,13,1515.65,3.8
TXN0000699,20-12-2023,ITM0389,OUT039,CUS01554,7,1353.01,1.2
TXN0003947,22-12-2018,ITM0146,OUT038,CUS00602,9,921.06,4.2
TXN0009545,25-04-2020,ITM0036,OUT032,CUS01248,12,4256.52,4.5
TXN0003357,21-02-2021,ITM0098,OUT040,CUS01471,15,2810.03,3.7
TXN0007502,22-10-2020,ITM0035,OUT009,CUS01220,2,2970.31,1.7
TXN0006234,16-06-2022,ITM0177,OUT035,CUS00931,19,,1.7
TXN0000362,04-03-2023,ITM0079,OUT006,CUS01028,18,3192.18,2.5
TXN0008762,05-10-2022,ITM0030,OUT015,CUS00628,13,,4.2
TXN0007917,,ITM0351,OUT040,CUS00960,17,4787.33,4.3
TXN0009565,16-06-2022,ITM0249,OUT002,CUS01449,12,814.23,4.9
TXN0010209,21-06-2018,ITM0103,OUT046,CUS00270,1,3670.79,2.1
TXN0008775,15-07-2020,ITM0113,OUT015,CUS00239,,,4.4
TXN0005483,02-10-2022,ITM0243,OUT037,CUS00863,,598.58,
TXN0010371,17-03-2019,ITM0429,OUT034,CUS01027,11,2139.74,3.5
TXN0001567,23-08-2019,ITM0485,OUT020,CUS01471,14,1061.47,3.9
TXN0006029,15-10-2023,ITM0258,OUT022,CUS00758,4,1761.74,1.9
TXN0004528,13-10-2021,ITM0240,OUT017,CUS01173,19,4077.67,2.7
TXN0002714,22-09-2021,ITM0210,OUT033,CUS00335,,3538.98,2.0
TXN0005902,04-05-2023,ITM0209,OUT008,CUS01311,13,3116.15,2.8
TXN0001442,15-12-2018,ITM0482,OUT038,CUS01136,16,2450.72,4.2
TXN0003931,25-02-2019,ITM0041,OUT043,CUS00599,4,549.05,4.3
TXN0003734,09-05-2021,ITM0482,OUT002,CUS00818,17,4043.50,2.2
TXN0007512,15-06-2023,ITM0075,OUT002,CUS01162,20,1775.47,
TXN0008866,03-07-2021,ITM0315,OUT001,CUS00237,11,2277.04,
TXN0007503,07-02-2019,ITM0269,OUT014,CUS00872,3,,2.8
TXN0009640,01-03-2020,ITM0237,OUT042,CUS00055,2,3558.74,2.5
TXN0002438,05-05-2021,ITM0138,OUT036,CUS00512,12,1975.14,4.0
TXN0001801,01-05-2019,ITM0019,OUT034,CUS00450,12,,1.8
TXN0009807,28-07-2018,ITM0461,OUT021,CUS01126,15,2198.47,4.2
TXN0009744,01-02-2018,ITM0205,OUT005,CUS00808,12,3748.39,2.9
TXN0000494,06-07-2018,ITM0024,OUT045,CUS00682,2,4410.67,1.8
TXN0008864,05-11-2020,ITM0294,OUT049,CUS00310,15,974.73,2.3
TXN0001379,,ITM0476,OUT043,CUS01366,17,254.30,2.6
TXN0009073,19-12-2018,ITM0094,OUT019,CUS01095,15,2447.59,2.4
TXN0006059,23-04-2023,ITM0384,OUT045,CUS01206,19,2663.79,4.9
TXN0010315,03-02-2019,ITM0307,OUT033,CUS01338,11,3206.21,4.3
TXN0009934,27-10-2020,ITM0487,OUT050,CUS00920,14,605.67,2.5
TXN0003277,08-03-2018,ITM0283,OUT009,CUS01282,9,78.81,1.0
TXN0004283,01-04-2021,ITM0362,OUT006,CUS00873,2,1425.93,1.1
TXN0009053,02-04-2019,ITM0173,OUT024,CUS01552,6,532.19,1.9
TXN0001543,03-05-2023,ITM0466,OUT025,CUS00833,14,4735.60,1.4
TXN0002516,16-05-2020,ITM0011,OUT045,CUS01311,7,1896.65,3.1
TXN0003637,08-01-2018,ITM0465,OUT005,CUS01837,3,3501.60,4.0
TXN0010396,27-12-2022,ITM0002,OUT046,CUS00888,3,4743.13,4.9
TXN0001537,08-06-2020,ITM0375,OUT009,CUS00785,5,3164.53,2.4
TXN0000836,03-10-2019,ITM0218,OUT017,CUS00686,8,2148.43,3.6
TXN0003977,21-02-2023,ITM0404,OUT035,CUS01855,,2844.71,4.5
TXN0007519,22-08-2021,ITM0259,OUT023,CUS00505,10,1018.94,3.7
TXN0003312,01-02-2020,ITM0499,OUT017,CUS01329,10,1595.41,1.9
TXN0000168,27-08-2019,ITM0052,OUT009,CUS00174,3,4736.30,3.3
TXN0009313,09-06-2019,ITM0265,OUT027,CUS00973,15,283.02,2.0
TXN0009764,07-10-2019,ITM0146,OUT042,CUS01053,10,3858.39,1.4
TXN0000076,23-04-2019,ITM0172,OUT030,CUS00685,19,451.05,
TXN0002454,15-11-2022,ITM0019,OUT026,CUS00216,14,879.09,4.0
TXN0002992,19-10-2018,ITM0448,OUT034,CUS01281,12,,4.3
TXN0003603,19-12-2021,ITM0325,OUT028,CUS01469,15,4992.75,2.8
TXN0004021,14-08-2020,ITM0220,OUT017,CUS01444,9,1789.11,1.4
TXN0004257,26-04-2018,ITM0399,OUT003,CUS01484,5,3207.74,3.8
TXN0007767,18-05-2021,ITM0007,OUT045,CUS01130,8,2490.79,1.0
TXN0006282,07-07-2021,ITM0430,OUT019,CUS01522,13,3208.31,2.7
TXN0000172,08-11-2020,ITM0193,OUT012,CUS00772,11,1256.37,2.4
TXN0004221,10-04-2019,ITM0228,OUT015,CUS00801,7,3103.20,
TXN0004975,06-10-2021,ITM0378,OUT027,CUS00590,19,1226.85,1.7
TXN0004319,14-10-2020,ITM0029,OUT029,CUS00581,20,1100.26,4.2
TXN0004158,27-05-2020,ITM0402,OUT046,CUS00786,8,,2.7
TXN0000202,08-08-2019,ITM0203,OUT032,CUS00045,,3826.51,2.2
TXN0008186,,ITM0234,OUT032,CUS00904,15,2147.65,2.8
TXN0001495,21-08-2018,ITM0408,OUT047,CUS00573,4,3973.88,1.3
TXN0006399,14-11-2019,ITM0245,OUT049,CUS00011,,3887.03,1.4
TXN0007306,29-08-2018,ITM0379,OUT037,CUS01575,20,2994.52,3.3
TXN0010459,12-01-2020,ITM0326,OUT042,CUS00720,16,409.87,3.2
TXN0002009,30-08-2022,ITM0057,OUT018,CUS00070,12,2429.83,2.9
TXN0006139,13-10-2022,ITM0345,OUT048,CUS01035,17,444.63,1.4
TXN0002020,08-08-2018,ITM0378,OUT038,CUS00038,5,,1.9
TXN0000288,11-01-2019,ITM0496,OUT001,CUS00306,13,3446.70,3.1
TXN0007546,21-10-2023,ITM0351,OUT005,CUS00032,13,3818.86,4.5
TXN0004853,,ITM0358,OUT042,CUS01896,11,2111.16,4.5
TXN0010224,17-11-2018,ITM0355,OUT041,CUS01855,,3286.08,1.8
TXN0005151,07-05-2021,ITM0246,OUT039,CUS01820,17,2956.50,1.8
TXN0002973,23-08-2020,ITM0253,OUT009,CUS00073,4,2343.88,1.7
TXN0006229,07-01-2019,ITM0418,OUT006,CUS01926,,878.91,
TXN0008130,24-02-2019,ITM0442,OUT031,CUS01770,4,2948.63,2.5
TXN0008930,22-07-2023,ITM0460,OUT030,CUS00452,10,2403.84,1.6
TXN0010470,20-10-2020,ITM0325,OUT045,CUS00893,3,271.33,2.3
TXN0008411,21-12-2021,ITM0356,OUT008,CUS01496,10,1937.59,1.8
TXN0004138,02-07-2020,ITM0191,OUT022,CUS00036,4,4542.25,2.6
TXN0007518,04-04-2021,ITM0319,OUT017,CUS00544,10,3660.54,4.3
TXN0008557,27-09-2020,ITM0189,OUT014,CUS00554,16,3882.74,
TXN0006979,24-08-2022,ITM0415,OUT041,CUS01720,16,,1.1
TXN0002795,01-02-2020,ITM0132,OUT047,CUS00782,4,2165.05,1.1
TXN0005831,16-01-2022,ITM0486,OUT027,CUS01298,20,1427.43,2.8
TXN0004123,02-02-2018,ITM0148,OUT006,CUS00310,16,370.13,3.7
TXN0001314,16-04-2018,ITM0003,OUT002,CUS00599,5,596.20,1.9
TXN0003990,28-04-2018,ITM0270,OUT048,CUS00019,9,1044.22,1.6
TXN0001002,31-08-2021,ITM0383,OUT040,CUS01284,17,2126.42,3.2
TXN0008104,19-09-2019,ITM0046,OUT031,CUS00368,13,,4.5
TXN0002833,31-08-2022,ITM0137,OUT019,CUS00982,16,1622.85,3.8
TXN0008447,25-11-2022,ITM0444,OUT022,CUS01746,18,61.12,2.1
TXN0008686,31-12-2021,ITM0289,OUT018,CUS00966,17,3780.01,4.5
TXN0000351,,ITM0086,OUT016,CUS00733,,2928.06,1.8
TXN0000559,28-02-2022,ITM0163,OUT043,CUS00478,11,804.68,2.1
TXN0000305,23-09-2018,ITM0010,OUT023,CUS01735,4,2645.89,5.0
TXN0008627,12-10-2022,ITM0149,OUT045,CUS00131,20,2510.67,3.0
TXN0003309,04-04-2021,ITM0099,OUT025,CUS01574,1,3785.63,3.3
TXN0007626,15-02-2023,ITM0090,OUT020,CUS00302,14,813.33,2.9
TXN0009899,02-04-2023,ITM0235,OUT034,CUS00043,5,2285.69,2.4
TXN0010220,01-12-2023,ITM0441,OUT011,CUS01754,17,3311.89,3.6
TXN0008036,06-04-2018,ITM0006,OUT009,CUS00206,6,1440.74,2.3
TXN0006669,09-02-2023,ITM0153,OUT014,CUS01630,9,486.67,2.0
TXN0006224,08-09-2020,ITM0290,OUT048,CUS01749,14,3141.17,3.7
TXN0004922,05-02-2018,ITM0474,OUT038,CUS01941,19,36.32,4.2
TXN0004449,18-12-2021,ITM0030,OUT017,CUS01269,12,4924.54,4.4
TXN0002212,29-01-2018,ITM0176,OUT008,CUS01883,19,,2.9
TXN0001766,05-06-2021,ITM0380,OUT039,CUS00306,12,777.81,5.0
TXN0005573,08-01-2021,ITM0283,OUT028,CUS01234,1,1365.70,
TXN0004871,04-07-2021,ITM0217,OUT032,CUS00580,9,1426.69,2.0
TXN0008160,10-01-2022,ITM0053,OUT044,CUS01652,16,1184.56,1.6
TXN0004902,22-11-2023,ITM0027,OUT005,CUS01090,,2157.91,3.9
TXN0008887,07-05-2020,ITM0056,OUT008,CUS00681,17,58.38,2.3
TXN0001142,17-04-2019,ITM0370,OUT014,CUS01601,,4440.40,2.3
TXN0000079,13-03-2023,ITM0083,OUT015,CUS01462,,4450.74,2.8
TXN0005894,06-10-2020,ITM0375,OUT050,CUS00398,15,336.57,4.9
TXN0009743,25-05-2022,ITM0328,OUT011,CUS00290,17,4556.68,2.3
TXN0008894,03-04-2020,ITM0363,OUT014,CUS00610,11,2353.77,3.7
TXN0003449,27-03-2021,ITM0381,OUT033,CUS01187,11,3310.70,
TXN0003348,02-06-2022,ITM0291,OUT002,CUS00044,5,2153.89,2.8
TXN0004219,18-02-2020,ITM0048,OUT011,CUS00119,9,4414.87,4.5
TXN0010043,15-10-2018,ITM0332,OUT050,CUS00444,6,4571.61,4.8
TXN0005350,06-06-2023,ITM0145,OUT014,CUS01224,17,4400.16,3.9
TXN0000491,27-08-2022,ITM0167,OUT007,CUS00316,6,4043.70,2.4
TXN0009642,08-06-2019,ITM0115,OUT012,CUS00798,13,3699.53,2.8
TXN0008272,06-03-2021,ITM0006,OUT029,CUS00227,20,2644.78,1.6
TXN0010082,03-09-2023,ITM0075,OUT028,CUS01996,4,,3.8
TXN0003935,23-01-2019,ITM0316,OUT020,CUS01647,9,4402.96,1.6
TXN0001407,26-10-2021,ITM0060,OUT029,CUS01325,20,4902.81,2.7
TXN0001636,04-08-2021,ITM0247,OUT025,CUS01445,8,1114.67,5.0
TXN0004548,15-02-2020,ITM0294,OUT010,CUS01321,14,528.48,3.6
TXN0008121,01-12-2019,ITM0481,OUT007,CUS01167,2,2293.79,4.8
TXN0005965,27-04-2020,ITM0207,OUT025,CUS01885,13,499.26,
TXN0006903,27-04-2023,ITM0438,OUT004,CUS00342,20,2047.81,3.5
TXN0007128,19-11-2020,ITM0141,OUT006,CUS01108,4,726.32,1.8
TXN0006696,08-09-2018,ITM0202,OUT016,CUS01487,5,795.06,2.8
TXN0004743,24-09-2018,ITM0212,OUT008,CUS00711,10,,4.8
TXN0008644,02-08-2019,ITM0383,OUT005,CUS00651,19,4295.01,3.8
TXN0009536,22-09-2018,ITM0499,OUT006,CUS01938,6,3252.87,3.6
TXN0001247,10-03-2018,ITM0368,OUT046,CUS00254,1,1653.64,3.7
TXN0001281,04-11-2021,ITM0196,OUT030,CUS01365,8,4906.39,1.1
TXN0002239,28-12-2023,ITM0441,OUT044,CUS00987,4,235.84,2.1
TXN0003321,28-04-2019,ITM0263,OUT014,CUS00054,7,775.87,2.7
TXN0009790,26-11-2020,ITM0231,OUT036,CUS00719,6,1108.76,3.7
TXN0006819,17-03-2019,ITM0368,OUT029,CUS00153,11,4480.50,1.7
TXN0005954,09-03-2018,ITM0186,OUT036,CUS01277,11,1904.72,4.2
TXN0008129,21-01-2022,ITM0489,OUT029,CUS00321,,3841.72,3.3
TXN0008695,30-03-2023,ITM0289,OUT009,CUS00172,16,1350.72,4.3
TXN0005899,15-11-2022,ITM0213,OUT035,CUS00080,18,4124.40,3.8
TXN0009499,27-02-2023,ITM0314,OUT014,CUS00862,19,2297.44,
TXN0009088,15-12-2021,ITM0326,OUT038,CUS00090,16,1252.74,1.9
TXN0004205,02-01-2020,ITM0450,OUT032,CUS00125,14,,1.2
TXN0005186,24-12-2020,ITM0345,OUT020,CUS01700,10,,3.3
TXN0008809,20-07-2020,ITM0411,OUT006,CUS01262,13,519.64,2.7
TXN0009889,28-01-2020,ITM0053,OUT029,CUS01678,13,2886.84,2.5
TXN0010448,26-07-2021,ITM0290,OUT035,CUS00271,17,463.96,2.1
TXN0000275,03-08-2020,ITM0434,OUT037,CUS00268,3,2197.23,
TXN0006373,19-03-2023,ITM0442,OUT009,CUS01026,18,,1.5
TXN0005515,09-04-2018,ITM0019,OUT021,CUS00983,19,2232.62,5.0
TXN0007568,28-04-2019,ITM0015,OUT040,CUS00889,10,2789.04,5.0
TXN0000815,05-03-2019,ITM0455,OUT045,CUS01489,17,4589.41,
TXN0009390,03-10-2021,ITM0381,OUT038,CUS00654,19,1865.22,2.8
TXN0002226,26-08-2018,ITM0080,OUT023,CUS00960,1,3725.95,4.9
TXN0003225,10-12-2020,ITM0199,OUT027,CUS01096,13,,4.7
TXN0006668,05-07-2020,ITM0291,OUT027,CUS00555,12,4990.66,3.1
TXN0005107,,ITM0128,OUT001,CUS00061,10,1288.97,
TXN0008321,18-06-2020,ITM0258,OUT030,CUS00551,13,4922.25,3.0
TXN0004697,09-10-2023,ITM0193,OUT006,CUS02000,2,1590.81,4.4
TXN0004345,19-08-2020,ITM0340,OUT017,CUS00244,20,2266.95,
TXN0009130,14-10-2020,ITM0450,OUT006,CUS00941,18,4143.74,
TXN0010204,31-05-2022,ITM0279,OUT019,CUS01052,19,2180.82,2.5
TXN0008670,08-07-2021,ITM0482,OUT049,CUS01393,4,2734.88,2.5
TXN0007422,11-09-2020,ITM0246,OUT045,CUS01800,12,,3.2
TXN0009170,01-12-2022,ITM0409,OUT031,CUS00575,7,367.33,1.1
TXN0003716,,ITM0239,OUT016,CUS01789,7,2262.59,3.6
TXN0010242,01-07-2018,ITM0208,OUT031,CUS00393,6,1048.08,1.7
TXN0003367,04-08-2019,ITM0288,OUT041,CUS01855,19,3577.52,5.0
TXN0002882,01-01-2021,ITM0015,OUT020,CUS01031,15,3227.92,
TXN0004440,06-02-2022,ITM0190,OUT015,CUS01232,12,4000.05,3.6
TXN0007381,03-02-2020,ITM0455,OUT017,CUS00483,17,3003.65,1.8
TXN0002211,09-03-2019,ITM0054,OUT039,CUS01070,18,3816.26,1.7
TXN0002006,09-06-2021,ITM0042,OUT038,CUS00247,20,2213.28,4.8
TXN0002710,28-10-2023,ITM0399,OUT036,CUS00201,14,1475.76,1.4
TXN0009070,16-10-2020,ITM0079,OUT020,CUS01424,11,2998.61,2.0
TXN0000968,18-08-2022,ITM0052,OUT034,CUS01241,13,1577.32,3.0
TXN0001882,13-04-2019,ITM0297,OUT016,CUS00240,13,91.92,2.9
TXN0003979,29-12-2022,ITM0025,OUT023,CUS00227,5,3204.01,3.6
TXN0004742,09-03-2018,ITM0274,OUT026,CUS00241,17,1666.19,2.9
TXN0006913,18-12-2018,ITM0299,OUT003,CUS00255,18,812.73,1.1
TXN0002751,18-08-2020,ITM0486,OUT044,CUS00652,9,4441.04,1.4
TXN0009268,10-07-2021,ITM0421,OUT020,CUS01654,12,,3.8
TXN0000894,18-09-2022,ITM0445,OUT022,CUS00239,1,3744.60,4.0
TXN0009775,21-12-2023,ITM0279,OUT036,CUS01862,6,3703.77,1.2
TXN0004724,23-06-2019,ITM0063,OUT005,CUS00448,20,2032.87,3.6
TXN0004967,04-07-2020,ITM0326,OUT026,CUS01096,3,2112.12,2.5
TXN0001620,04-03-2022,ITM0232,OUT033,CUS01793,9,193.06,3.5
TXN0006400,15-07-2023,ITM0473,OUT047,CUS00562,13,2348.06,2.7
TXN0005990,23-01-2018,ITM0437,OUT037,CUS01277,18,,1.9
TXN0001026,07-12-2023,ITM0102,OUT030,CUS00678,7,1162.26,3.7
TXN0003623,24-12-2022,ITM0146,OUT008,CUS01374,15,1516.92,4.4
TXN0007135,21-03-2021,ITM0302,OUT038,CUS00746,15,4923.28,1.6
TXN0005225,30-08-2018,ITM0315,OUT022,CUS01278,6,361.47,1.6
TXN0001963,18-12-2019,ITM0254,OUT013,CUS00295,7,3448.44,2.1
TXN0008030,01-08-2023,ITM0046,OUT031,CUS01240,19,4064.11,4.9
TXN0000368,25-11-2018,ITM0274,OUT012,CUS00723,13,3930.82,1.7
TXN0007223,27-07-2018,ITM0413,OUT039,CUS00235,6,,4.2
TXN0004013,15-12-2022,ITM0026,OUT039,CUS01627,13,2213.37,3.8
TXN0000279,11-01-2022,ITM0193,OUT016,CUS01625,10,,
TXN0002032,14-06-2023,ITM0005,OUT030,CUS01651,4,1109.80,2.1
TXN0004265,08-07-2023,ITM0156,OUT036,CUS01634,4,4859.41,2.0
TXN0004498,05-04-2018,ITM0241,OUT011,CUS00810,9,495.05,1.2
TXN0008779,07-09-2021,ITM0083,OUT034,CUS01655,1,1879.71,3.2
TXN0002134,01-01-2023,ITM0460,OUT025,CUS01802,3,2874.92,1.9
TXN0003326,11-02-2019,ITM0085,OUT009,CUS01769,11,244.58,3.8
TXN0001793,05-06-2018,ITM0156,OUT027,CUS00046,5,3177.47,1.3
TXN0007247,06-10-2018,ITM0197,OUT006,CUS01204,3,1126.41,2.8
TXN0010288,27-01-2019,ITM0441,OUT020,CUS01042,8,3268.01,2.0
TXN0005999,,ITM0492,OUT017,CUS01328,4,3576.96,1.5
TXN0002668,15-02-2020,ITM0360,OUT026,CUS00333,10,1749.91,3.1
TXN0003900,18-07-2020,ITM0226,OUT047,CUS00525,4,,1.4
TXN0002181,15-03-2021,ITM0216,OUT014,CUS01508,16,4686.68,4.4
TXN0006974,20-04-2023,ITM0375,OUT010,CUS01706,3,1503.16,4.9
TXN0001221,04-07-2020,ITM0247,OUT013,CUS01618,,2582.97,1.1
TXN0010213,17-06-2020,ITM0117,OUT042,CUS00896,15,881.77,3.1
TXN0006645,11-06-2020,ITM0198,OUT011,CUS00838,7,3541.72,3.7
TXN0000999,,ITM0448,OUT015,CUS01228,8,87.72,3.6
TXN0006137,28-11-2022,ITM0374,OUT007,CUS00015,2,4160.33,4.1
TXN0004939,08-08-2023,ITM0010,OUT003,CUS01509,8,,1.9
TXN0000469,16-10-2019,ITM0295,OUT007,CUS00515,1,1126.93,1.2
TXN0008106,22-09-2021,ITM0143,OUT020,CUS01456,20,3107.28,1.9
TXN0003928,,ITM0313,OUT031,CUS01029,10,3455.23,3.7
TXN0007262,26-09-2018,ITM0410,OUT007,CUS01865,14,2317.56,1.2
TXN0001336,19-03-2019,ITM0352,OUT044,CUS01503,8,1853.43,
TXN0004289,08-09-2018,ITM0422,OUT009,CUS01491,11,,2.6
TXN0006879,13-01-2020,ITM0248,OUT002,CUS00623,8,2601.73,1.8
TXN0004076,07-03-2023,ITM0017,OUT016,CUS00043,16,365.88,4.8
TXN0008182,,ITM0423,OUT050,CUS01918,17,2373.79,2.1
TXN0003488,23-12-2021,ITM0202,OUT006,CUS00478,15,115.06,3.1
TXN0008861,09-04-2021,ITM0012,OUT013,CUS00930,6,1469.91,2.0
TXN0007608,24-06-2022,ITM0315,OUT005,CUS01904,4,758.72,2.5
TXN0004832,30-11-2019,ITM0261,OUT001,CUS00212,6,4746.99,3.1
TXN0000550,21-09-2019,ITM0073,OUT002,CUS00196,13,146.27,1.3
TXN0008408,26-06-2018,ITM0115,OUT045,CUS00878,7,181.30,2.9
TXN0005426,25-04-2022,ITM0378,OUT012,CUS01254,19,917.35,2.9
TXN0007009,04-04-2022,ITM0444,OUT041,CUS01595,11,1387.09,3.3
TXN0008167,17-04-2023,ITM0036,OUT030,CUS00105,12,2182.58,2.1
TXN0003574,08-10-2020,ITM0148,OUT026,CUS00042,12,1160.26,1.3
TXN0002149,12-10-2022,ITM0429,OUT025,CUS01948,11,3806.18,3.5
TXN0005428,16-08-2023,ITM0363,OUT040,CUS01124,19,708.22,3.4
TXN0008032,18-06-2018,ITM0418,OUT005,CUS00091,,4594.61,2.8
TXN0004392,12-02-2021,ITM0475,OUT043,CUS01108,20,4025.69,3.1
TXN0004793,03-03-2019,ITM0346,OUT029,CUS01756,,4478.61,2.7
TXN0000957,02-03-2020,ITM0015,OUT035,CUS00455,2,2295.93,3.1
TXN0001769,14-08-2018,ITM0394,OUT041,CUS00219,16,3982.51,3.2
TXN0002911,29-10-2021,ITM0073,OUT026,CUS00801,14,1270.16,4.3
TXN0009182,30-01-2018,ITM0059,OUT040,CUS00088,17,4048.20,4.9
TXN0009861,10-01-2021,ITM0286,OUT012,CUS01741,4,34.38,2.7
TXN0006582,07-10-2023,ITM0214,OUT045,CUS01440,4,,4.1
TXN0004260,26-08-2019,ITM0108,OUT010,CUS01956,6,2155.54,2.3
TXN0001207,31-08-2023,ITM0298,OUT008,CUS00069,,2265.57,2.7
TXN0007939,20-02-2021,ITM0397,OUT048,CUS00232,1,754.30,1.3
TXN0001591,01-11-2019,ITM0290,OUT002,CUS00242,18,2214.91,2.0
TXN0000802,05-01-2019,ITM0066,OUT001,CUS00385,11,1274.12,2.0
TXN0000636,09-01-2021,ITM0209,OUT041,CUS00450,5,1590.11,4.1
TXN0002294,12-07-2022,ITM0481,OUT013,CUS00292,14,4511.16,1.8
TXN0004675,24-06-2023,ITM0202,OUT011,CUS01559,12,1345.17,
TXN0001334,21-05-2022,ITM0349,OUT027,CUS00074,17,2784.38,3.7
TXN0007622,11-11-2020,ITM0086,OUT030,CUS01023,2,1333.20,3.5
TXN0004206,18-03-2020,ITM0011,OUT006,CUS01590,14,747.38,1.5
TXN0004745,03-07-2020,ITM0415,OUT050,CUS01106,1,2179.31,3.7
TXN0005698,27-06-2021,ITM0241,OUT050,CUS01636,12,,5.0
TXN0005579,19-05-2018,ITM0239,OUT009,CUS01568,14,3983.23,1.8
TXN0004306,09-11-2020,ITM0320,OUT012,CUS01997,1,2171.42,1.6
TXN0007552,05-06-2020,ITM0450,OUT038,CUS01422,1,4642.59,4.0
TXN0006691,12-09-2021,ITM0201,OUT042,CUS00329,10,,2.4
TXN0007081,06-04-2022,ITM0486,OUT031,CUS01243,15,3681.31,4.4
TXN0008394,11-06-2021,ITM0301,OUT047,CUS01120,1,1762.88,1.7
TXN0001447,20-09-2023,ITM0201,OUT047,CUS00288,2,1663.94,4.9
TXN0002401,19-07-2021,ITM0372,OUT005,CUS01854,15,,4.2
TXN0001773,19-04-2021,ITM0443,OUT011,CUS01738,,1061.19,3.9
TXN0010466,24-05-2019,ITM0223,OUT043,CUS00501,10,229.58,2.5
TXN0009341,24-10-2021,ITM0306,OUT047,CUS01258,18,4277.50,1.3
TXN0002743,,ITM0446,OUT014,CUS01956,3,4860.92,3.4
TXN0010230,,ITM0433,OUT012,CUS01012,12,11.33,4.3
TXN0002341,04-01-2018,ITM0468,OUT024,CUS00264,3,2827.69,5.0
TXN0002137,28-05-2019,ITM0359,OUT001,CUS00678,7,4712.06,3.6
TXN0001757,10-05-2018,ITM0234,OUT043,CUS00930,3,2374.27,4.6
TXN0007549,25-06-2021,ITM0010,OUT017,CUS01302,6,3307.93,3.9
TXN0009700,29-07-2022,ITM0108,OUT016,CUS00869,13,4661.19,3.7
TXN0007533,20-03-2020,ITM0385,OUT006,CUS01800,4,3566.00,3.7
TXN0005065,03-12-2023,ITM0129,OUT030,CUS01415,14,,3.4
TXN0004611,04-12-2023,ITM0369,OUT030,CUS00212,17,2808.99,3.4
TXN0006398,29-08-2022,ITM0381,OUT037,CUS00159,,327.38,4.9
TXN0004956,01-03-2020,ITM0364,OUT017,CUS00147,7,,2.6
TXN0002193,08-04-2019,ITM0287,OUT015,CUS01589,3,4203.66,5.0
TXN0009964,26-07-2018,ITM0101,OUT021,CUS00288,8,1378.62,
TXN0003859,07-04-2021,ITM0074,OUT029,CUS00134,20,3452.00,4.2
TXN0010200,09-11-2018,ITM0383,OUT026,CUS00885,10,2400.46,1.5
TXN0000064,31-03-2019,ITM0302,OUT017,CUS00902,20,1692.93,2.4
TXN0005644,30-08-2020,ITM0336,OUT022,CUS00973,20,1058.98,1.3
TXN0009703,06-11-2019,ITM0377,OUT027,CUS00050,16,1942.35,2.5
TXN0003577,30-01-2020,ITM0153,OUT004,CUS00609,5,1607.02,2.1
TXN0009228,03-07-2019,ITM0307,OUT010,CUS00502,19,4965.55,1.9
TXN0001136,11-02-2022,ITM0219,OUT035,CUS00852,3,2370.23,3.5
TXN0008020,09-08-2018,ITM0233,OUT035,CUS00537,6,329.41,
TXN0003991,14-09-2021,ITM0300,OUT011,CUS00150,3,4070.51,2.7
TXN0004494,08-03-2018,ITM0070,OUT013,CUS01476,16,3639.10,1.4
TXN0003982,19-05-2018,ITM0373,OUT021,CUS00830,6,4208.99,4.4
TXN0004563,31-10-2022,ITM0475,OUT014,CUS00896,3,2516.51,4.7
TXN0003830,01-03-2019,ITM0397,OUT039,CUS00523,20,910.33,4.5
TXN0007478,18-07-2021,ITM0113,OUT011,CUS01856,8,575.34,3.8
TXN0002666,22-04-2018,ITM0455,OUT026,CUS01183,16,2724.70,4.5
TXN0008643,03-02-2018,ITM0070,OUT022,CUS01830,17,3036.95,1.3
TXN0006142,30-06-2019,ITM0426,OUT047,CUS01480,2,2113.04,
TXN0002160,06-06-2020,ITM0115,OUT008,CUS01807,20,3306.71,1.9
TXN0002804,25-04-2019,ITM0457,OUT019,CUS01705,19,321.93,1.8
TXN0009576,,ITM0483,OUT002,CUS01054,16,3001.11,
TXN0003171,30-12-2021,ITM0177,OUT044,CUS00531,16,892.91,3.4
TXN0001675,07-05-2018,ITM0103,OUT010,CUS01456,9,4164.69,3.8
TXN0001155,,ITM0134,OUT023,CUS01052,,1147.64,3.3
TXN0005923,01-12-2019,ITM0368,OUT017,CUS01087,16,999.48,4.3
TXN0002373,28-11-2021,ITM0459,OUT009,CUS00931,5,4257.59,
TXN0008846,05-03-2018,ITM0214,OUT046,CUS01116,2,,3.7
TXN0001927,09-10-2021,ITM0017,OUT040,CUS01191,2,2725.33,4.5
TXN0009725,30-01-2018,ITM0406,OUT048,CUS01963,17,3340.49,2.6
TXN0006817,06-03-2018,ITM0223,OUT011,CUS00192,12,2328.20,3.9
TXN0006965,01-08-2018,ITM0285,OUT046,CUS01904,16,944.66,1.2
TXN0000301,03-06-2023,ITM0158,OUT047,CUS00859,13,4967.17,4.5
TXN0001010,06-07-2022,ITM0434,OUT040,CUS01163,11,4027.17,3.4
TXN0003987,14-07-2020,ITM0186,OUT042,CUS01318,14,1396.00,2.6
TXN0002865,01-09-2023,ITM0084,OUT027,CUS00806,10,567.01,
TXN0003405,22-10-2021,ITM0043,OUT044,CUS01820,6,2644.01,3.9
TXN0008979,03-12-2022,ITM0471,OUT046,CUS01397,12,2361.50,3.2
TXN0004290,13-08-2018,ITM0435,OUT011,CUS00566,14,1171.85,
TXN0005733,25-06-2022,ITM0252,OUT016,CUS01295,19,3969.44,3.5
TXN0006714,10-05-2019,ITM0218,OUT028,CUS01396,4,4535.74,3.3
TXN0003018,09-07-2019,ITM0427,OUT005,CUS01049,4,3981.61,1.5
TXN0004371,21-09-2023,ITM0293,OUT002,CUS01866,18,1854.77,2.0
TXN0002640,06-12-2023,ITM0305,OUT028,CUS00915,5,4078.36,2.6
TXN0004749,05-01-2021,ITM0103,OUT016,CUS01623,11,3964.17,2.5
TXN0000566,20-03-2018,ITM0147,OUT026,CUS01606,7,2784.10,1.8
TXN0005369,10-11-2020,ITM0415,OUT010,CUS00982,12,4920.03,1.1
TXN0002746,13-01-2019,ITM0383,OUT019,CUS00325,7,1491.50,1.2
TXN0005235,10-12-2023,ITM0411,OUT037,CUS00513,6,1591.88,
TXN0007388,29-07-2020,ITM0249,OUT030,CUS00991,20,3556.36,1.5
TXN0004441,25-05-2020,ITM0300,OUT004,CUS01209,7,2909.14,1.7
TXN0005057,20-01-2023,ITM0152,OUT012,CUS01298,15,4054.81,4.5
TXN0010255,24-09-2019,ITM0366,OUT041,CUS01579,7,3720.63,2.7
TXN0008869,30-07-2019,ITM0301,OUT031,CUS01386,17,3617.45,2.0
TXN0006008,05-04-2021,ITM0232,OUT039,CUS00902,16,665.69,1.7
TXN0001418,15-07-2023,ITM0359,OUT032,CUS00997,5,3202.56,4.6
TXN0003265,,ITM0337,OUT036,CUS01072,7,1371.67,1.0
TXN0007345,19-11-2018,ITM0483,OUT021,CUS00112,16,4036.96,3.5
TXN0004316,29-10-2020,ITM0389,OUT050,CUS01671,4,1374.79,4.9
TXN0001855,,ITM0273,OUT049,CUS01519,11,1355.71,4.9
TXN0006053,10-02-2022,ITM0167,OUT040,CUS01722,,2280.31,1.4
TXN0009666,22-07-2019,ITM0120,OUT043,CUS01512,2,334.65,4.8
TXN0008068,06-07-2019,ITM0354,OUT002,CUS01435,17,3484.26,4.5
TXN0002353,26-07-2022,ITM0268,OUT031,CUS00050,20,1437.39,1.6
TXN0007283,,ITM0153,OUT009,CUS00928,9,2667.96,1.1
TXN0008235,15-02-2021,ITM0432,OUT028,CUS00475,19,1294.40,
TXN0008420,20-08-2021,ITM0468,OUT035,CUS00987,2,1892.43,2.4
TXN0004226,14-11-2021,ITM0472,OUT047,CUS01807,11,1021.69,2.1
TXN0008079,27-08-2021,ITM0148,OUT011,CUS01095,7,1172.48,3.8
TXN0009216,30-09-2023,ITM0106,OUT017,CUS01939,12,2534.88,4.5
TXN0002961,22-07-2023,ITM0294,OUT027,CUS00085,18,,5.0
TXN0000674,27-07-2018,ITM0395,OUT027,CUS00807,6,3111.97,3.5
TXN0005976,27-06-2019,ITM0437,OUT003,CUS01227,15,2642.18,1.4
TXN0008164,,ITM0491,OUT025,CUS01031,8,2986.01,1.8
TXN0003514,09-03-2023,ITM0230,OUT040,CUS01386,9,1068.88,
TXN0000113,11-09-2018,ITM0275,OUT005,CUS00051,12,,2.4
TXN0003992,06-10-2020,ITM0500,OUT017,CUS00792,13,3169.35,1.9
TXN0005814,29-07-2019,ITM0171,OUT043,CUS01423,15,1034.14,3.3
TXN0003724,30-11-2022,ITM0481,OUT029,CUS01556,8,4750.47,4.3
TXN0008778,12-10-2023,ITM0366,OUT047,CUS00339,12,4818.73,4.1
TXN0009629,26-05-2021,ITM0358,OUT007,CUS01688,5,1923.09,3.7
TXN0005605,04-05-2019,ITM0250,OUT033,CUS00544,17,2573.67,2.3
TXN0007083,15-08-2021,ITM0136,OUT016,CUS01150,7,443.87,4.3
TXN0003707,13-01-2018,ITM0092,OUT042,CUS01776,13,4137.90,
TXN0006704,11-05-2019,ITM0001,OUT040,CUS01797,,2006.53,1.1
TXN0007446,28-10-2021,ITM0238,OUT026,CUS00427,7,2160.24,3.6
TXN0007741,31-05-2022,ITM0432,OUT012,CUS01781,1,3532.63,3.1
TXN0004036,27-10-2020,ITM0068,OUT033,CUS00225,3,3579.63,1.6
TXN0002619,28-11-2022,ITM0070,OUT025,CUS01001,8,741.49,1.5
TXN0009373,21-10-2023,ITM0190,OUT014,CUS01900,12,1318.38,4.1
TXN0005155,20-08-2019,ITM0030,OUT023,CUS00789,11,3840.06,1.3
TXN0009854,29-07-2019,ITM0453,OUT034,CUS00748,14,4605.68,1.6
TXN0001348,15-01-2023,ITM0198,OUT036,CUS01387,1,3316.34,4.9
TXN0002318,08-01-2020,ITM0288,OUT039,CUS01152,14,3632.95,
TXN0005973,08-12-2023,ITM0011,OUT037,CUS00760,17,2562.13,2.4
TXN0000457,14-05-2022,ITM0208,OUT011,CUS01776,6,1745.83,4.4
TXN0002479,16-04-2018,ITM0258,OUT010,CUS01735,8,1045.37,2.0
TXN0006270,22-09-2022,ITM0317,OUT001,CUS01611,15,2404.89,1.5
TXN0005944,30-12-2018,ITM0205,OUT002,CUS01942,6,1486.06,3.5
TXN0002021,22-05-2023,ITM0145,OUT007,CUS01131,1,1505.26,3.9
TXN0004195,12-04-2021,ITM0038,OUT039,CUS00562,,2500.68,4.5
TXN0004120,15-03-2018,ITM0016,OUT049,CUS01416,13,2119.03,4.2
TXN0000635,19-01-2019,ITM0356,OUT004,CUS01898,19,1470.10,1.8
TXN0005351,06-04-2023,ITM0214,OUT004,CUS01473,12,3434.94,
TXN0004331,14-09-2019,ITM0243,OUT032,CUS00902,10,1886.50,2.2
TXN0005349,07-03-2021,ITM0187,OUT009,CUS01664,3,,4.4
TXN0002642,27-04-2022,ITM0327,OUT024,CUS00706,8,3454.34,4.1
TXN0002745,17-09-2019,ITM0193,OUT015,CUS01663,3,2883.04,4.3
TXN0008366,13-04-2022,ITM0132,OUT024,CUS00630,11,1022.14,2.7
TXN0002319,11-11-2023,ITM0445,OUT027,CUS00323,11,1469.13,1.1
TXN0008612,08-10-2019,ITM0282,OUT012,CUS00261,15,4445.40,
TXN0000165,10-03-2023,ITM0055,OUT040,CUS01612,20,3650.94,3.8
TXN0000590,25-02-2019,ITM0140,OUT049,CUS00206,16,,2.6
TXN0007581,21-02-2021,ITM0204,OUT010,CUS01027,6,4387.77,3.5
TXN0006057,22-04-2018,ITM0221,OUT039,CUS00090,12,1759.62,4.2
TXN0009259,02-02-2019,ITM0047,OUT008,CUS00539,9,771.08,2.2
TXN0003381,15-11-2022,ITM0473,OUT041,CUS01629,13,1608.20,4.5
TXN0008583,09-02-2018,ITM0416,OUT014,CUS00013,19,3075.75,4.0
TXN0006050,06-05-2022,ITM0406,OUT047,CUS00040,20,2865.70,2.7
TXN0007737,19-11-2022,ITM0298,OUT048,CUS00639,18,160.23,2.9
TXN0004174,19-06-2021,ITM0249,OUT008,CUS01142,4,321.02,1.0
TXN0000714,30-08-2020,ITM0313,OUT005,CUS00226,11,544.26,2.5
TXN0003629,11-08-2022,ITM0359,OUT016,CUS01968,17,2461.49,3.0
TXN0004830,31-07-2021,ITM0135,OUT034,CUS01888,14,4771.02,
TXN0006145,20-06-2021,ITM0199,OUT040,CUS00989,9,1114.91,3.9
TXN0007012,01-12-2018,ITM0230,OUT034,CUS00937,11,1575.67,3.5
TXN0003586,,ITM0248,OUT033,CUS00863,10,357.12,2.4
TXN0005370,,ITM0395,OUT039,CUS01621,9,2940.06,
TXN0002238,22-12-2018,ITM0124,OUT029,CUS00513,7,2919.24,2.1
TXN0005361,04-02-2022,ITM0324,OUT022,CUS01443,4,3928.63,2.1
TXN0001560,13-06-2022,ITM0434,OUT031,CUS00095,18,2071.93,2.7
TXN0004864,19-10-2020,ITM0400,OUT021,CUS01066,13,4929.24,4.9
TXN0007614,23-12-2021,ITM0242,OUT004,CUS01568,15,1624.04,2.9
TXN0001240,16-03-2021,ITM0456,OUT034,CUS00656,19,2481.89,2.9
TXN0004583,22-06-2022,ITM0279,OUT044,CUS00115,2,1775.71,2.5
TXN0006969,30-08-2020,ITM0284,OUT036,CUS01722,15,1860.90,3.8
TXN0001982,19-02-2020,ITM0111,OUT032,CUS01172,,,1.3
TXN0003553,30-09-2021,ITM0138,OUT005,CUS00233,5,1917.88,2.3
TXN0008070,27-09-2021,ITM0307,OUT032,CUS01487,7,3935.37,2.4
TXN0008165,10-02-2019,ITM0246,OUT037,CUS00428,18,686.37,1.5
TXN0001411,06-05-2018,ITM0158,OUT028,CUS01267,17,549.28,3.5
TXN0009833,06-09-2020,ITM0124,OUT006,CUS01895,9,344.30,4.0
TXN0006292,,ITM0312,OUT004,CUS01098,18,3028.39,1.7
TXN0002122,08-01-2020,ITM0186,OUT050,CUS01738,17,1428.09,2.5
TXN0001425,31-03-2023,ITM0004,OUT047,CUS01144,18,3602.38,
TXN0010176,02-04-2021,ITM0031,OUT039,CUS00044,13,302.09,2.8
TXN0000403,16-04-2023,ITM0059,OUT022,CUS01809,17,2514.97,4.8
TXN0003974,15-01-2018,ITM0386,OUT001,CUS00596,17,1992.89,3.3
TXN0006324,02-10-2021,ITM0217,OUT028,CUS01034,4,1163.30,4.3
TXN0008618,23-03-2021,ITM0209,OUT046,CUS01003,19,3827.68,2.9
TXN0006289,26-07-2023,ITM0065,OUT039,CUS00052,6,2630.86,3.3
TXN0010015,10-11-2019,ITM0199,OUT040,CUS00312,9,1741.19,3.5
TXN0001742,11-07-2018,ITM0438,OUT032,CUS01354,4,2581.56,4.0
TXN0000071,16-09-2020,ITM0292,OUT019,CUS00629,19,4980.62,3.9
TXN0003719,24-05-2023,ITM0399,OUT024,CUS00261,6,1294.90,2.0
TXN0010055,20-11-2022,ITM0084,OUT005,CUS00323,12,3146.92,1.0
TXN0010337,17-11-2021,ITM0008,OUT009,CUS01382,3,878.22,2.4
TXN0005542,13-12-2019,ITM0465,OUT030,CUS01794,19,2699.28,1.8
TXN0000622,23-03-2020,ITM0265,OUT047,CUS00583,17,3422.94,1.3
TXN0003304,23-08-2023,ITM0411,OUT012,CUS00993,12,1514.11,3.6
TXN0008857,31-01-2021,ITM0080,OUT020,CUS00553,5,4967.56,1.4
TXN0000075,24-09-2022,ITM0262,OUT017,CUS00498,1,,4.1
TXN0005850,22-01-2018,ITM0485,OUT004,CUS01934,15,1496.62,
TXN0006293,18-04-2018,ITM0101,OUT044,CUS00647,10,1000.75,2.5
TXN0004863,18-06-2022,ITM0380,OUT042,CUS01403,15,842.77,2.9
TXN0006232,14-05-2023,ITM0138,OUT037,CUS01991,10,325.71,3.1
TXN0001304,03-05-2021,ITM0257,OUT029,CUS00019,11,4800.17,4.6
TXN0005265,12-08-2021,ITM0006,OUT012,CUS01361,1,4220.90,3.7
TXN0000637,,ITM0486,OUT004,CUS01826,17,,4.5
TXN0002540,31-10-2023,ITM0010,OUT040,CUS00789,10,77.82,4.3
TXN0004301,14-10-2019,ITM0444,OUT040,CUS01270,12,4098.27,3.3
TXN0010383,31-08-2018,ITM0334,OUT006,CUS01170,16,2516.70,1.5
TXN0003655,16-03-2023,ITM0250,OUT013,CUS01409,,605.53,4.9
TXN0000727,,ITM0182,OUT009,CUS00166,9,3747.94,2.7
TXN0006575,12-07-2021,ITM0405,OUT022,CUS01329,14,3243.71,3.9
TXN0004609,27-09-2020,ITM0297,OUT007,CUS00562,5,3040.02,2.0
TXN0000970,02-04-2023,ITM0023,OUT017,CUS00210,17,2263.52,1.3
TXN0005141,25-03-2020,ITM0192,OUT009,CUS01208,12,4393.12,3.1
TXN0006900,16-04-2023,ITM0095,OUT007,CUS01564,16,3079.04,5.0
TXN0006036,19-01-2021,ITM0227,OUT005,CUS01724,2,3334.41,4.6
TXN0000145,26-10-2018,ITM0125,OUT046,CUS01935,9,3960.62,4.7
TXN0000353,17-07-2022,ITM0126,OUT013,CUS01793,6,2908.67,4.1
TXN0005790,15-10-2020,ITM0263,OUT020,CUS01780,8,3735.29,4.4
TXN0004915,26-04-2019,ITM0087,OUT038,CUS00194,9,4864.55,3.9
TXN0007975,07-03-2019,ITM0426,OUT047,CUS00624,1,3134.77,1.2
TXN0006631,01-02-2021,ITM0252,OUT011,CUS01530,3,4703.72,4.9
TXN0003782,27-01-2020,ITM0492,OUT013,CUS01889,13,1558.44,3.8
TXN0003161,12-03-2021,ITM0084,OUT014,CUS01856,5,3222.85,2.8
TXN0008845,17-12-2020,ITM0083,OUT005,CUS00863,6,980.75,4.7
TXN0002334,09-06-2020,ITM0395,OUT003,CUS01102,1,3714.00,3.9
TXN0001993,14-04-2021,ITM0375,OUT035,CUS01659,15,3568.92,2.8
TXN0001371,06-07-2020,ITM0434,OUT035,CUS00767,13,4314.42,4.0
TXN0000231,15-12-2018,ITM0377,OUT033,CUS01591,17,2706.11,2.1
TXN0007587,15-06-2021,ITM0203,OUT012,CUS00767,,3883.15,2.3
TXN0004627,17-01-2023,ITM0457,OUT006,CUS01578,17,2789.54,2.3
TXN0008694,09-03-2018,ITM0445,OUT025,CUS00716,2,4202.35,1.4
TXN0004080,16-12-2019,ITM0117,OUT035,CUS01803,8,2076.17,4.9
TXN0008407,01-04-2020,ITM0149,OUT020,CUS01186,6,175.97,1.1
TXN0004892,07-01-2019,ITM0326,OUT033,CUS01588,6,1088.33,1.9
TXN0004288,13-03-2022,ITM0473,OUT002,CUS01202,11,3100.75,3.3
TXN0000480,13-11-2018,ITM0161,OUT001,CUS01776,10,1295.86,3.4
TXN0000189,17-06-2020,ITM0179,OUT013,CUS01532,6,4377.17,4.0
TXN0007130,12-02-2018,ITM0366,OUT004,CUS01807,13,2803.65,2.0
TXN0000533,02-05-2018,ITM0194,OUT029,CUS00942,4,2879.94,1.7
TXN0005120,12-11-2020,ITM0124,OUT050,CUS00276,13,744.53,4.9
TXN0008200,,ITM0322,OUT002,CUS01513,18,2035.91,1.6
TXN0009993,,ITM0243,OUT029,CUS01080,12,,3.3
TXN0003155,19-03-2019,ITM0389,OUT035,CUS00231,17,708.59,4.5
TXN0001273,19-03-2018,ITM0353,OUT027,CUS01489,11,1541.58,2.0
TXN0004478,07-05-2023,ITM0092,OUT008,CUS00808,8,1078.01,4.4
TXN0008707,25-01-2020,ITM0004,OUT005,CUS01064,16,2488.71,2.9
TXN0002588,05-03-2019,ITM0468,OUT010,CUS01556,9,2495.36,2.3
TXN0002263,19-11-2023,ITM0499,OUT044,CUS01903,17,1817.34,2.4
TXN0002592,05-01-2018,ITM0394,OUT022,CUS01875,18,2118.15,2.6
TXN0003323,22-11-2020,ITM0440,OUT007,CUS01140,10,2656.93,3.4
TXN0002806,02-06-2020,ITM0421,OUT018,CUS01103,6,1749.22,
TXN0005015,06-03-2019,ITM0245,OUT031,CUS00905,6,4951.30,4.7
TXN0001127,28-02-2022,ITM0289,OUT046,CUS01294,3,,3.6
TXN0009825,01-04-2020,ITM0221,OUT050,CUS00958,19,4045.88,4.5
TXN0003106,18-05-2020,ITM0341,OUT048,CUS01101,9,557.14,3.2
TXN0007058,26-12-2019,ITM0298,OUT037,CUS01086,7,701.62,2.0
TXN0006279,09-02-2022,ITM0152,OUT035,CUS00101,12,758.06,3.1
TXN0007628,23-10-2022,ITM0044,OUT047,CUS00691,10,2384.78,3.8
TXN0000431,01-08-2018,ITM0215,OUT006,CUS01552,19,2486.04,3.0
TXN0002559,04-02-2020,ITM0202,OUT011,CUS00359,,1114.77,2.2
TXN0010140,,ITM0201,OUT030,CUS01822,6,4006.14,1.1
TXN0007174,26-03-2022,ITM0497,OUT026,CUS00318,9,2451.06,2.1
TXN0000832,30-03-2019,ITM0275,OUT047,CUS00611,14,2639.44,2.7
TXN0000526,03-05-2020,ITM0084,OUT015,CUS00465,6,3556.25,2.5
TXN0005359,15-02-2019,ITM0310,OUT045,CUS00682,19,4708.16,4.5
TXN0008975,10-02-2019,ITM0323,OUT046,CUS01960,16,1550.43,3.7
TXN0004444,24-11-2019,ITM0405,OUT032,CUS00399,10,2760.78,2.7
TXN0008890,03-11-2022,ITM0189,OUT043,CUS00691,7,4125.47,3.0
TXN0009748,02-05-2019,ITM0327,OUT033,CUS00792,5,2693.18,4.2
TXN0005773,05-08-2019,ITM0187,OUT042,CUS00566,1,,2.9
TXN0004972,09-05-2022,ITM0282,OUT001,CUS01498,19,1793.92,3.6
TXN0001316,14-05-2018,ITM0112,OUT034,CUS00736,15,2837.41,2.4
TXN0001954,31-12-2020,ITM0309,OUT031,CUS00071,4,3513.65,4.4
TXN0000532,,ITM0078,OUT028,CUS01970,12,2684.71,4.9
TXN0007709,17-07-2023,ITM0024,OUT033,CUS01753,11,,4.2
TXN0004379,02-02-2022,ITM0347,OUT023,CUS01381,12,77.46,1.6
TXN0004471,30-07-2022,ITM0270,OUT031,CUS01132,13,2187.98,1.9
TXN0003261,23-06-2021,ITM0096,OUT050,CUS01955,17,2360.03,4.6
TXN0003619,12-11-2022,ITM0204,OUT024,CUS01237,20,2422.22,3.8
TXN0007406,11-08-2020,ITM0219,OUT032,CUS01613,13,3059.87,4.2
TXN0009252,30-07-2021,ITM0006,OUT032,CUS01365,14,539.33,3.2
TXN0009791,15-08-2020,ITM0098,OUT003,CUS01906,5,1015.05,3.4
TXN0001284,24-12-2022,ITM0317,OUT007,CUS01708,15,3094.13,1.5
TXN0008550,30-06-2022,ITM0196,OUT041,CUS00106,10,2067.45,3.3
TXN0000656,06-04-2023,ITM0066,OUT045,CUS01501,16,2284.84,4.5
TXN0009218,19-06-2018,ITM0108,OUT003,CUS00447,12,414.20,4.7
TXN0006495,11-04-2021,ITM0199,OUT030,CUS01578,2,2056.68,1.2
TXN0005152,02-05-2023,ITM0096,OUT003,CUS01201,17,2980.29,4.1
TXN0007152,22-11-2018,ITM0169,OUT027,CUS01003,12,2674.93,
TXN0002737,24-02-2021,ITM0040,OUT023,CUS00294,18,1461.49,2.8
TXN0009404,01-07-2021,ITM0260,OUT032,CUS01636,3,3038.86,4.4
TXN0004760,13-11-2019,ITM0254,OUT027,CUS01660,2,1983.83,4.3
TXN0005485,07-06-2023,ITM0336,OUT047,CUS01523,16,2064.92,1.4
TXN0003547,24-06-2019,ITM0238,OUT002,CUS00519,11,666.15,1.6
TXN0010298,09-02-2022,ITM0266,OUT002,CUS00716,18,975.01,4.0
TXN0008399,,ITM0466,OUT017,CUS01103,,3317.43,4.7
TXN0004640,27-03-2021,ITM0180,OUT011,CUS00240,3,4535.26,4.6
TXN0010189,20-07-2020,ITM0447,OUT047,CUS00376,15,2886.42,
TXN0006537,03-02-2020,ITM0175,OUT003,CUS00878,13,1911.16,2.3
TXN0005925,03-12-2020,ITM0443,OUT033,CUS00103,5,2017.70,1.0
TXN0004271,24-04-2023,ITM0290,OUT019,CUS01351,3,,4.7
TXN0007109,11-05-2023,ITM0109,OUT042,CUS01710,14,4605.02,3.3
TXN0009331,20-10-2019,ITM0262,OUT026,CUS01721,3,3219.61,2.8
TXN0006950,05-03-2022,ITM0298,OUT023,CUS01331,17,1454.11,2.9
TXN0004243,13-02-2023,ITM0216,OUT025,CUS00185,20,2819.35,4.2
TXN0009351,04-12-2020,ITM0153,OUT050,CUS00741,20,,2.9
TXN0008936,04-06-2021,ITM0021,OUT005,CUS01839,18,2288.87,
TXN0001590,19-07-2020,ITM0119,OUT021,CUS00672,1,4980.98,
TXN0009208,10-06-2019,ITM0049,OUT042,CUS01516,10,4897.97,3.4
TXN0004255,18-12-2022,ITM0346,OUT018,CUS00491,,1066.46,2.4
TXN0005399,22-12-2023,ITM0454,OUT039,CUS01737,20,3487.41,
TXN0007661,17-11-2018,ITM0120,OUT007,CUS00685,15,2475.42,4.7
TXN0000220,02-12-2019,ITM0208,OUT008,CUS01029,11,912.91,2.4
TXN0000141,14-10-2022,ITM0292,OUT045,CUS00779,8,3086.13,4.5
TXN0003777,14-08-2021,ITM0105,OUT009,CUS01123,2,4547.27,1.3
TXN0003220,19-05-2023,ITM0484,OUT012,CUS00427,,3462.87,2.4
TXN0007757,05-06-2021,ITM0394,OUT026,CUS01704,17,2707.04,4.9
TXN0000370,25-01-2021,ITM0202,OUT011,CUS01703,,445.08,4.2
TXN0003506,15-03-2020,ITM0077,OUT046,CUS01645,14,1825.58,1.7
TXN0008494,16-03-2018,ITM0242,OUT001,CUS00339,6,3065.59,3.1
TXN0002587,21-03-2019,ITM0188,OUT022,CUS01615,6,3195.19,2.8
TXN0002458,03-03-2018,ITM0051,OUT050,CUS01445,9,4614.55,2.0
TXN0007879,25-02-2022,ITM0024,OUT028,CUS01467,9,2514.48,3.8
TXN0007203,09-05-2018,ITM0106,OUT033,CUS00843,7,681.64,
TXN0009996,06-12-2022,ITM0328,OUT013,CUS00500,11,1247.40,2.8
TXN0007412,16-08-2020,ITM0385,OUT016,CUS00888,18,988.70,
TXN0000846,09-06-2020,ITM0469,OUT011,CUS00792,6,2789.84,2.4
TXN0005818,31-01-2018,ITM0337,OUT028,CUS01731,14,1354.46,4.5
TXN0010346,14-11-2021,ITM0219,OUT043,CUS01245,4,551.73,2.5
TXN0002085,26-06-2018,ITM0026,OUT041,CUS01408,15,,3.3
TXN0001215,27-09-2023,ITM0136,OUT015,CUS00611,8,4304.26,2.6
TXN0003507,22-08-2022,ITM0377,OUT031,CUS00126,3,2278.26,4.3
TXN0004423,26-09-2020,ITM0311,OUT039,CUS00730,11,2539.97,4.7
TXN0002193,08-04-2019,ITM0287,OUT015,CUS01589,3,4203.66,5.0
TXN0000683,17-09-2020,ITM0223,OUT021,CUS01996,20,4044.03,2.4
TXN0005110,08-09-2019,ITM0057,OUT032,CUS01112,19,570.66,1.2
TXN0005741,15-07-2018,ITM0357,OUT031,CUS00849,3,4873.29,4.5
TXN0008267,01-03-2023,ITM0241,OUT009,CUS01603,9,,2.7
TXN0002569,24-04-2018,ITM0243,OUT002,CUS01931,5,4822.97,1.6
TXN0002435,17-08-2020,ITM0464,OUT040,CUS00045,11,1044.04,3.3
TXN0010472,17-10-2021,ITM0058,OUT011,CUS01900,11,1196.80,1.8
TXN0005765,02-01-2019,ITM0175,OUT036,CUS01994,18,3095.29,4.0
TXN0002884,09-09-2018,ITM0358,OUT028,CUS00630,13,2441.74,2.8
TXN0007417,12-12-2020,ITM0111,OUT016,CUS01228,1,4402.22,2.6
TXN0002196,12-11-2019,ITM0317,OUT045,CUS00903,10,2995.95,1.4
TXN0001702,26-04-2019,ITM0425,OUT029,CUS00832,15,1120.09,2.9
TXN0007577,27-06-2018,ITM0341,OUT014,CUS01118,20,2185.26,1.1
TXN0002708,17-12-2022,ITM0214,OUT016,CUS00504,17,72.14,1.6
TXN0003434,29-09-2020,ITM0258,OUT022,CUS01135,14,4920.01,3.9
TXN0006288,13-01-2019,ITM0286,OUT005,CUS01954,10,1658.40,1.6
TXN0001730,14-03-2018,ITM0466,OUT047,CUS00778,5,3189.34,1.8
TXN0004776,08-08-2020,ITM0290,OUT024,CUS00422,6,1329.17,1.1
TXN0003276,14-11-2019,ITM0128,OUT044,CUS01060,,2009.98,4.6
TXN0007087,21-11-2020,ITM0066,OUT003,CUS00269,5,2847.83,4.1
TXN0003738,,ITM0217,OUT036,CUS00599,12,2314.84,4.3
TXN0007770,16-11-2018,ITM0456,OUT016,CUS00671,18,3226.31,3.1
TXN0008587,13-10-2022,ITM0500,OUT034,CUS00563,7,3659.95,4.9
TXN0005339,12-02-2021,ITM0075,OUT008,CUS01508,18,4046.18,2.8
TXN0003104,24-04-2020,ITM0346,OUT025,CUS01974,8,4785.76,1.2
TXN0008062,09-09-2023,ITM0391,OUT047,CUS00587,3,3470.37,
TXN0008421,26-09-2023,ITM0339,OUT028,CUS00640,3,1582.23,1.9
TXN0007802,16-06-2021,ITM0455,OUT050,CUS00870,4,589.60,3.4
TXN0003529,08-06-2020,ITM0134,OUT022,CUS01341,13,2563.01,1.6
TXN0002383,11-05-2020,ITM0170,OUT023,CUS01678,12,4822.47,3.7
TXN0009402,18-12-2022,ITM0258,OUT032,CUS01425,14,3529.81,4.9
TXN0006830,16-01-2020,ITM0163,OUT031,CUS01730,17,1075.64,2.6
TXN0009906,09-04-2020,ITM0490,OUT042,CUS00988,2,4497.54,1.6
TXN0010149,17-12-2020,ITM0165,OUT046,CUS01164,,,1.4
TXN0001183,24-05-2018,ITM0355,OUT028,CUS01008,10,2857.49,3.0
TXN0008543,18-07-2020,ITM0307,OUT012,CUS00717,3,2788.04,2.6
TXN0000001,10-01-2020,ITM0023,OUT023,CUS00233,3,302.35,2.0
TXN0001825,,ITM0177,OUT008,CUS00936,4,2123.46,4.3
TXN0002954,10-03-2021,ITM0311,OUT006,CUS01229,,119.29,3.4
TXN0007708,08-06-2020,ITM0222,OUT026,CUS00320,19,3774.74,1.6
TXN0004932,26-10-2018,ITM0153,OUT008,CUS01300,14,1747.93,4.2
TXN0006869,29-03-2019,ITM0468,OUT009,CUS01362,5,1903.47,2.6
TXN0010300,09-07-2020,ITM0240,OUT012,CUS00363,2,1175.72,2.3
TXN0004427,,ITM0326,OUT023,CUS00285,2,3042.19,5.0
TXN0009335,01-05-2019,ITM0257,OUT046,CUS00171,9,1321.10,1.8
TXN0010066,19-02-2020,ITM0196,OUT009,CUS01992,8,1841.44,2.6
TXN0002852,15-07-2022,ITM0419,OUT041,CUS00306,10,3584.79,3.9
TXN0005574,27-09-2023,ITM0139,OUT019,CUS00842,8,2494.50,3.0
TXN0009448,,ITM0173,OUT011,CUS00794,2,4274.64,2.4
TXN0000786,22-10-2018,ITM0381,OUT004,CUS00919,8,3374.58,3.7
TXN0006774,05-12-2018,ITM0026,OUT037,CUS01813,9,4646.07,2.9
TXN0003460,04-05-2022,ITM0455,OUT010,CUS01828,17,1729.18,4.4
TXN0006886,26-08-2019,ITM0331,OUT017,CUS01790,6,4584.08,2.3
TXN0005745,15-01-2023,ITM0301,OUT003,CUS01106,2,,2.5
TXN0000407,14-12-2019,ITM0010,OUT030,CUS00302,17,3259.90,2.3
TXN0009682,21-09-2018,ITM0246,OUT023,CUS01122,8,1520.11,3.4
TXN0005320,08-04-2019,ITM0374,OUT044,CUS01034,2,249.05,2.8
TXN0007505,25-08-2022,ITM0256,OUT027,CUS00016,12,3548.17,2.4
TXN0002060,18-02-2023,ITM0201,OUT029,CUS01842,13,320.72,4.5
TXN0007170,17-08-2023,ITM0220,OUT010,CUS00575,9,560.92,2.1
TXN0007212,,ITM0139,OUT006,CUS00223,,552.56,2.8
TXN0002519,17-07-2023,ITM0432,OUT029,CUS00189,9,2030.05,1.2
TXN0000061,20-03-2018,ITM0087,OUT041,CUS00049,13,720.20,
TXN0007256,23-07-2019,ITM0032,OUT028,CUS00081,,3989.96,2.1
TXN0000234,,ITM0169,OUT049,CUS01190,17,2648.79,2.8
TXN0003756,05-08-2022,ITM0468,OUT047,CUS00334,14,273.37,3.3
TXN0006601,15-04-2020,ITM0066,OUT009,CUS01080,5,432.73,1.5
TXN0010386,31-08-2021,ITM0240,OUT012,CUS01482,6,4052.21,1.9
TXN0002989,12-09-2022,ITM0158,OUT050,CUS00174,1,2582.02,2.8
TXN0003315,15-01-2023,ITM0242,OUT028,CUS01248,18,2846.57,1.0
TXN0005445,16-03-2020,ITM0076,OUT025,CUS00648,14,848.38,2.8
TXN0008259,16-07-2023,ITM0256,OUT044,CUS01370,18,378.89,4.7
TXN0007690,26-10-2022,ITM0179,OUT007,CUS00805,12,4454.64,1.4
TXN0004879,09-03-2020,ITM0434,OUT034,CUS00128,,3893.16,1.1
TXN0003597,09-06-2022,ITM0040,OUT027,CUS01885,1,2176.88,2.3
TXN0008994,26-02-2023,ITM0134,OUT030,CUS00220,12,1004.54,3.1
TXN0008048,25-03-2019,ITM0337,OUT027,CUS01735,6,2394.60,3.3
TXN0006833,06-10-2020,ITM0127,OUT003,CUS01894,18,3200.70,3.2
TXN0001327,09-03-2019,ITM0079,OUT022,CUS00746,19,2187.52,4.2
TXN0007777,25-07-2019,ITM0474,OUT022,CUS00002,5,242.31,2.4
TXN0002098,09-06-2018,ITM0472,OUT029,CUS01067,9,1765.77,1.5
TXN0005947,15-07-2018,ITM0027,OUT031,CUS00515,18,1836.79,4.8
TXN0005668,07-09-2023,ITM0141,OUT032,CUS00873,13,4987.77,3.7
TXN0001351,09-09-2018,ITM0189,OUT009,CUS00104,8,1466.28,2.8
TXN0003952,21-03-2022,ITM0025,OUT044,CUS00605,7,1852.27,4.6
TXN0007843,19-07-2022,ITM0394,OUT035,CUS00906,20,3423.90,2.8
TXN0005104,21-03-2020,ITM0384,OUT031,CUS01269,17,2099.72,1.0
TXN0008878,16-04-2019,ITM0058,OUT033,CUS00735,15,2614.68,3.5
TXN0006320,05-07-2019,ITM0290,OUT003,CUS01041,2,2128.05,3.9
TXN0005433,10-06-2018,ITM0324,OUT050,CUS00969,12,448.07,1.9
TXN0004829,27-09-2019,ITM0328,OUT039,CUS00679,1,319.22,2.5
TXN0007848,30-09-2022,ITM0295,OUT027,CUS00153,,3250.77,2.6
TXN0007729,03-01-2020,ITM0473,OUT035,CUS00962,18,939.48,4.7
TXN0005938,27-07-2020,ITM0121,OUT024,CUS00295,8,2931.97,
TXN0001736,13-04-2021,ITM0282,OUT005,CUS00731,,3771.18,4.1
TXN0001613,28-12-2019,ITM0167,OUT048,CUS00403,,4587.83,2.9
TXN0005360,02-12-2019,ITM0315,OUT003,CUS00668,7,4274.19,3.3
TXN0006043,09-05-2019,ITM0261,OUT037,CUS00893,13,2174.65,2.2
TXN0007678,,ITM0111,OUT030,CUS00601,12,3856.39,2.3
TXN0009113,20-01-2023,ITM0143,OUT022,CUS01769,2,2077.60,2.7
TXN0008195,08-09-2019,ITM0399,OUT044,CUS01225,6,4436.83,1.9
TXN0005237,26-04-2018,ITM0191,OUT019,CUS01435,16,1462.69,1.7
TXN0002345,12-03-2022,ITM0337,OUT031,CUS01515,1,451.30,3.9
TXN0004655,19-07-2019,ITM0431,OUT039,CUS00573,15,593.86,3.3
TXN0005324,17-07-2019,ITM0151,OUT044,CUS01805,6,,2.3
TXN0007304,14-06-2021,ITM0180,OUT036,CUS01615,12,1532.66,3.7
TXN0007006,12-05-2021,ITM0346,OUT016,CUS00308,10,3196.63,2.9
TXN0000853,14-09-2020,ITM0025,OUT008,CUS00253,11,1499.31,2.9
TXN0002928,19-11-2020,ITM0366,OUT011,CUS00401,1,1213.81,3.2
TXN0000688,12-08-2020,ITM0325,OUT001,CUS00131,17,3216.38,1.5
TXN0006262,07-11-2022,ITM0433,OUT018,CUS01634,15,2365.49,3.2
TXN0000908,02-11-2023,ITM0166,OUT016,CUS01996,15,3918.68,2.2
TXN0004435,17-10-2022,ITM0306,OUT032,CUS00303,19,3282.90,2.3
TXN0001967,07-07-2023,ITM0108,OUT030,CUS01199,12,2476.91,2.6
TXN0010457,23-05-2022,ITM0077,OUT009,CUS00199,11,2671.83,4.0
TXN0000987,31-03-2022,ITM0460,OUT042,CUS00505,13,3876.74,3.0
TXN0000826,07-02-2018,ITM0296,OUT040,CUS00032,7,4611.30,4.0
TXN0004342,10-02-2019,ITM0164,OUT033,CUS01827,20,867.25,1.5
TXN0006426,21-07-2018,ITM0390,OUT005,CUS00488,19,1234.72,2.6
TXN0003260,19-05-2018,ITM0354,OUT016,CUS00471,1,3146.48,1.1
TXN0002004,07-05-2023,ITM0293,OUT031,CUS01895,7,3762.20,4.2
TXN0000966,27-03-2022,ITM0344,OUT004,CUS00057,1,496.01,4.1
TXN0007295,08-06-2019,ITM0019,OUT003,CUS00510,4,4892.21,1.5
TXN0002558,28-04-2020,ITM0321,OUT025,CUS01333,15,1104.06,3.3
TXN0004678,13-04-2020,ITM0103,OUT030,CUS00580,18,2376.35,4.6
TXN0008328,14-02-2020,ITM0040,OUT002,CUS00870,14,419.54,1.9
TXN0004192,09-04-2019,ITM0331,OUT029,CUS00015,10,3400.31,4.1
TXN0004363,19-01-2018,ITM0137,OUT027,CUS01762,20,2131.32,3.9
TXN0007545,26-08-2018,ITM0319,OUT046,CUS01490,9,53.99,2.6
TXN0006147,06-11-2019,ITM0218,OUT049,CUS01103,5,124.46,4.1
TXN0000018,19-06-2022,ITM0099,OUT036,CUS01104,13,3823.14,3.7
TXN0006078,16-05-2022,ITM0491,OUT028,CUS01201,,3507.98,3.0
TXN0008751,12-05-2019,ITM0473,OUT033,CUS00425,9,764.03,4.1
TXN0009476,08-02-2020,ITM0041,OUT050,CUS00556,20,653.57,
TXN0000666,09-07-2022,ITM0325,OUT025,CUS01748,10,2365.25,4.9
TXN0004401,28-09-2018,ITM0184,OUT005,CUS01780,8,3846.86,4.2
TXN0005169,16-01-2023,ITM0027,OUT002,CUS01959,7,3089.71,
TXN0004050,14-05-2021,ITM0053,OUT022,CUS01199,9,3886.22,4.2
TXN0009602,02-09-2020,ITM0147,OUT024,CUS01574,5,643.82,4.4
TXN0007063,,ITM0059,OUT007,CUS01012,16,4514.18,1.7
TXN0000057,16-06-2020,ITM0163,OUT015,CUS00784,10,4948.73,3.0
TXN0001471,22-01-2023,ITM0253,OUT032,CUS00989,9,4043.39,2.4
TXN0002346,11-03-2018,ITM0180,OUT042,CUS01573,4,4410.41,3.7
TXN0004290,13-08-2018,ITM0435,OUT011,CUS00566,14,1171.85,
TXN0003102,01-05-2019,ITM0358,OUT042,CUS00104,,2358.87,2.7
TXN0007461,10-08-2021,ITM0240,OUT001,CUS00240,2,919.96,1.0
TXN0002644,24-03-2023,ITM0298,OUT019,CUS00183,9,637.24,2.8
TXN0006278,14-04-2021,ITM0404,OUT004,CUS00371,9,754.56,2.9
TXN0002887,20-03-2019,ITM0265,OUT005,CUS00318,2,1268.20,
TXN0003181,25-01-2020,ITM0305,OUT049,CUS01838,11,4049.17,4.6
TXN0003303,09-12-2022,ITM0383,OUT003,CUS01077,16,3893.22,1.9
TXN0002705,18-11-2021,ITM0138,OUT038,CUS01419,3,4637.19,2.4
TXN0004262,26-01-2023,ITM0074,OUT014,CUS01540,1,4071.84,3.1
TXN0008440,04-05-2020,ITM0199,OUT039,CUS01803,16,2469.02,3.9
TXN0006037,17-04-2018,ITM0078,OUT006,CUS00420,18,4198.69,1.9
TXN0005126,16-06-2023,ITM0450,OUT019,CUS01037,1,4448.35,2.4
TXN0007567,17-11-2023,ITM0371,OUT020,CUS00346,7,2048.67,
TXN0000170,30-10-2018,ITM0078,OUT023,CUS00213,19,,1.1
TXN0000504,10-11-2019,ITM0359,OUT001,CUS00787,13,2301.64,1.8
TXN0001870,06-03-2018,ITM0164,OUT014,CUS01197,18,1669.51,2.7
TXN0003185,25-03-2023,ITM0461,OUT045,CUS01069,17,291.79,4.4
TXN0005227,06-11-2018,ITM0049,OUT014,CUS01056,5,2139.57,4.3
TXN0006248,17-12-2021,ITM0465,OUT029,CUS00503,17,419.86,3.1
TXN0006771,23-01-2018,ITM0446,OUT026,CUS00795,6,532.66,3.5
TXN0006593,05-12-2022,ITM0377,OUT008,CUS01288,20,966.41,
TXN0010411,30-08-2022,ITM0410,OUT002,CUS00618,1,2493.67,
TXN0003499,23-10-2022,ITM0263,OUT049,CUS01728,6,2076.26,1.4
TXN0009311,14-11-2021,ITM0478,OUT039,CUS00936,10,176.65,1.1
TXN0007746,08-06-2023,ITM0028,OUT040,CUS01870,15,4823.30,3.1
TXN0008229,,ITM0266,OUT034,CUS00545,12,1085.89,2.4
TXN0005978,14-10-2020,ITM0275,OUT029,CUS01913,6,4266.76,3.2
TXN0006914,03-11-2019,ITM0186,OUT025,CUS01120,7,4755.22,1.9
TXN0005245,16-07-2019,ITM0172,OUT032,CUS01401,6,,
TXN0005409,18-02-2022,ITM0384,OUT016,CUS01616,9,1741.03,3.9
TXN0001484,08-05-2023,ITM0368,OUT009,CUS00906,14,3876.98,2.4
TXN0009553,04-11-2020,ITM0077,OUT015,CUS00223,7,,2.0
TXN0004184,21-08-2021,ITM0325,OUT003,CUS01068,,1688.26,1.4
TXN0003869,27-04-2020,ITM0302,OUT029,CUS01234,12,95.74,3.6
TXN0009474,30-05-2022,ITM0364,OUT031,CUS01947,10,,4.6
TXN0009585,21-09-2021,ITM0485,OUT017,CUS01527,19,4473.11,4.0
TXN0008990,11-12-2020,ITM0360,OUT037,CUS00103,13,3098.88,2.3
TXN0001366,20-03-2019,ITM0402,OUT022,CUS01287,11,3534.26,2.6
TXN0009874,,ITM0094,OUT018,CUS00378,17,4701.85,5.0
TXN0000349,11-09-2022,ITM0341,OUT046,CUS01890,4,3743.44,4.5
TXN0000949,05-08-2022,ITM0343,OUT035,CUS01346,12,1237.70,2.6
TXN0009484,09-03-2018,ITM0363,OUT024,CUS01378,6,673.85,1.4
TXN0008360,16-09-2019,ITM0037,OUT045,CUS01809,6,2272.78,1.4
TXN0004585,24-01-2021,ITM0369,OUT039,CUS01235,8,3669.64,1.1
TXN0009002,15-09-2022,ITM0130,OUT037,CUS01517,13,4250.33,1.3
TXN0008842,06-12-2020,ITM0428,OUT042,CUS01023,8,3461.89,2.2
TXN0009722,19-10-2021,ITM0206,OUT039,CUS01329,19,4022.99,3.8
TXN0004143,21-09-2021,ITM0333,OUT014,CUS01078,7,2875.03,1.5
TXN0000658,24-04-2021,ITM0355,OUT043,CUS00916,16,3378.93,2.4
TXN0004834,11-06-2021,ITM0043,OUT011,CUS00769,13,718.25,3.1
TXN0007792,24-02-2023,ITM0183,OUT045,CUS01133,6,3277.76,4.2
TXN0007677,10-11-2019,ITM0481,OUT017,CUS01803,14,1654.74,4.1
TXN0004657,26-05-2018,ITM0283,OUT041,CUS01449,6,1112.38,4.1
TXN0002508,21-09-2023,ITM0337,OUT020,CUS01287,6,3782.37,2.4
TXN0006945,28-07-2021,ITM0265,OUT042,CUS01650,13,670.57,3.5
TXN0005471,22-09-2022,ITM0463,OUT016,CUS01003,12,3653.69,2.7
TXN0001060,19-04-2018,ITM0190,OUT024,CUS00664,11,1829.74,2.4
TXN0003380,27-07-2020,ITM0153,OUT031,CUS00959,14,4973.43,1.8
TXN0004376,24-02-2019,ITM0334,OUT017,CUS01495,3,2701.74,1.7
TXN0001641,26-03-2020,ITM0298,OUT016,CUS01905,14,444.94,3.9
TXN0005703,23-12-2022,ITM0236,OUT036,CUS00435,6,3258.54,2.7
TXN0001277,07-04-2018,ITM0312,OUT039,CUS00027,16,4800.07,4.1
TXN0002367,14-11-2019,ITM0285,OUT048,CUS00606,2,,1.4
TXN0003116,06-11-2021,ITM0363,OUT036,CUS01592,15,2648.26,4.3
TXN0003813,21-04-2023,ITM0009,OUT014,CUS00848,13,1357.05,2.1
TXN0007563,24-07-2023,ITM0490,OUT020,CUS01863,3,2012.92,2.7
TXN0007779,14-03-2021,ITM0216,OUT037,CUS00747,7,1783.28,4.3
TXN0007762,11-01-2018,ITM0087,OUT001,CUS01762,8,1228.00,4.8
TXN0002312,,ITM0300,OUT011,CUS01597,7,1364.61,3.8
TXN0009530,26-04-2023,ITM0238,OUT043,CUS01004,14,2183.59,
TXN0000265,28-09-2021,ITM0386,OUT050,CUS00071,15,4777.02,2.8
TXN0003096,27-11-2021,ITM0238,OUT004,CUS01912,12,275.48,4.3
TXN0006560,,ITM0179,OUT029,CUS00966,13,1971.58,4.7
TXN0008685,21-01-2023,ITM0287,OUT008,CUS00034,18,1114.97,1.2
TXN0005918,13-06-2022,ITM0202,OUT003,CUS00351,1,820.24,1.4
TXN0004137,30-03-2022,ITM0186,OUT040,CUS01323,3,2229.62,2.9
TXN0003853,02-06-2020,ITM0250,OUT004,CUS00109,2,467.76,2.5
TXN0001876,12-12-2018,ITM0425,OUT034,CUS00762,17,1121.25,4.5
TXN0007702,10-04-2019,ITM0383,OUT037,CUS01736,16,80.75,1.4
TXN0000722,15-08-2018,ITM0140,OUT001,CUS01239,7,858.80,2.6
TXN0009739,16-11-2022,ITM0324,OUT049,CUS00524,7,2175.43,4.1
TXN0002842,21-12-2018,ITM0302,OUT046,CUS01860,6,2295.94,3.6
TXN0002544,23-07-2023,ITM0350,OUT026,CUS01168,7,225.63,2.3
TXN0009860,12-12-2023,ITM0118,OUT026,CUS01299,4,1753.64,1.3
TXN0000912,09-11-2018,ITM0243,OUT043,CUS01183,13,1265.48,4.2
TXN0007972,18-03-2021,ITM0095,OUT030,CUS00153,11,1174.30,2.1
TXN0008176,13-12-2023,ITM0058,OUT041,CUS01626,15,3269.03,1.5
TXN0002923,09-04-2022,ITM0179,OUT012,CUS00042,4,1267.08,1.8
TXN0001929,,ITM0160,OUT026,CUS00064,3,558.86,
TXN0006448,25-05-2018,ITM0107,OUT012,CUS00312,15,3054.80,4.4
TXN0002946,07-08-2021,ITM0011,OUT011,CUS00368,4,2081.94,
TXN0001753,01-06-2021,ITM0019,OUT018,CUS01559,19,2281.93,3.7
TXN0006788,28-05-2022,ITM0064,OUT011,CUS00185,6,1196.29,3.1
TXN0003324,07-10-2018,ITM0405,OUT033,CUS00689,3,,5.0
TXN0006194,,ITM0435,OUT033,CUS01926,14,1827.28,3.2
TXN0001508,30-10-2021,ITM0157,OUT012,CUS00698,13,2294.60,3.3
TXN0000639,18-09-2023,ITM0106,OUT025,CUS00018,11,840.26,3.0
TXN0009303,,ITM0309,OUT010,CUS00054,6,3687.71,1.4
TXN0000091,31-10-2018,ITM0112,OUT008,CUS01934,1,2353.69,4.8
TXN0001619,26-09-2023,ITM0383,OUT045,CUS01264,18,4810.00,1.2
TXN0002671,03-01-2019,ITM0497,OUT021,CUS01680,7,132.55,1.9
TXN0005858,21-06-2023,ITM0494,OUT018,CUS00206,,4824.92,
TXN0003675,16-01-2018,ITM0254,OUT047,CUS01345,10,551.97,3.0
TXN0004438,27-04-2023,ITM0102,OUT002,CUS01419,11,3066.33,1.9
TXN0006427,30-06-2019,ITM0214,OUT021,CUS00142,4,2933.83,4.0
TXN0009087,30-07-2022,ITM0112,OUT013,CUS00771,15,1427.90,4.4
TXN0006655,24-06-2018,ITM0250,OUT026,CUS00688,15,,4.4
TXN0004670,13-06-2021,ITM0182,OUT041,CUS00155,6,4449.87,1.9
TXN0001149,21-03-2020,ITM0399,OUT032,CUS00601,10,1255.74,4.2
TXN0000588,21-01-2022,ITM0440,OUT042,CUS01887,9,,2.9
TXN0007432,18-12-2021,ITM0375,OUT024,CUS00788,6,3079.09,
TXN0003210,03-09-2022,ITM0407,OUT017,CUS01921,5,1723.13,4.9
TXN0009852,26-06-2021,ITM0466,OUT013,CUS00211,8,1955.56,4.5
TXN0002777,09-10-2022,ITM0251,OUT036,CUS00023,16,4160.19,3.1
TXN0003814,17-10-2023,ITM0171,OUT033,CUS00529,1,2143.04,3.0
TXN0007833,11-06-2023,ITM0232,OUT007,CUS00518,20,359.59,
TXN0004698,29-09-2019,ITM0191,OUT021,CUS00135,,573.65,2.3
TXN0005398,10-07-2023,ITM0185,OUT025,CUS01349,13,3898.34,1.1
TXN0006756,26-05-2019,ITM0164,OUT006,CUS00554,11,4792.24,4.8
TXN0010233,26-12-2023,ITM0087,OUT030,CUS00832,3,1064.14,4.4
TXN0001536,12-12-2021,ITM0019,OUT007,CUS00801,11,3657.74,3.9
TXN0000293,11-08-2019,ITM0291,OUT048,CUS01895,14,,4.6
TXN0005410,21-08-2019,ITM0163,OUT008,CUS01261,12,1537.40,3.9
TXN0001686,29-05-2020,ITM0437,OUT031,CUS00878,8,2757.40,4.0
TXN0001254,31-01-2020,ITM0388,OUT012,CUS01134,1,650.02,4.6
TXN0000310,27-08-2022,ITM0182,OUT044,CUS01465,20,237.48,4.5
TXN0007390,20-10-2021,ITM0164,OUT030,CUS00240,4,24.97,4.6
TXN0007774,10-01-2022,ITM0131,OUT040,CUS01642,10,4443.02,4.0
TXN0003317,22-10-2023,ITM0043,OUT011,CUS01840,13,4299.17,1.7
TXN0006418,07-05-2023,ITM0130,OUT030,CUS00338,3,4943.72,1.6
TXN0004332,02-02-2021,ITM0472,OUT034,CUS01873,2,615.87,3.9
TXN0010081,08-10-2023,ITM0413,OUT042,CUS00672,6,2092.88,1.3
TXN0009923,07-09-2021,ITM0203,OUT035,CUS00895,1,2162.93,1.9
TXN0002774,26-07-2018,ITM0151,OUT010,CUS01984,9,1663.36,
TXN0002834,15-06-2021,ITM0328,OUT016,CUS00540,,443.03,3.1
TXN0009559,30-07-2022,ITM0144,OUT002,CUS00747,20,3762.35,3.3
TXN0007361,17-11-2023,ITM0454,OUT014,CUS01069,4,4182.51,3.9
TXN0004818,12-03-2022,ITM0045,OUT037,CUS00621,4,4515.65,2.0
TXN0006231,02-01-2020,ITM0218,OUT030,CUS01430,20,2815.46,2.5
TXN0002706,24-04-2023,ITM0438,OUT046,CUS01395,3,4454.09,3.1
TXN0001009,03-03-2018,ITM0176,OUT009,CUS01615,18,4184.64,3.9
TXN0002661,25-08-2022,ITM0071,OUT019,CUS00183,,1719.82,2.2
TXN0006851,13-02-2019,ITM0147,OUT046,CUS01414,11,2493.65,
TXN0006912,06-05-2023,ITM0316,OUT034,CUS00084,15,292.45,4.5
TXN0010269,10-10-2020,ITM0429,OUT050,CUS00991,12,3412.26,3.4
TXN0003729,,ITM0340,OUT039,CUS00560,,,3.1
TXN0001970,16-02-2021,ITM0374,OUT009,CUS00372,8,4773.85,4.5
TXN0002655,14-12-2022,ITM0336,OUT023,CUS01570,4,2855.99,3.6
TXN0003322,01-07-2023,ITM0110,OUT032,CUS00852,18,855.76,1.9
TXN0005606,16-04-2023,ITM0209,OUT041,CUS01227,6,1457.12,3.9
TXN0004484,29-09-2018,ITM0047,OUT036,CUS01211,9,2296.73,1.6
TXN0007216,20-10-2019,ITM0222,OUT027,CUS00138,17,3196.62,2.0
TXN0010018,17-09-2019,ITM0003,OUT001,CUS01425,15,2649.36,2.7
TXN0001433,31-07-2020,ITM0489,OUT008,CUS00145,6,1772.99,3.7
TXN0008841,30-03-2021,ITM0347,OUT033,CUS00958,7,4671.85,2.5
TXN0003731,23-11-2018,ITM0380,OUT005,CUS00683,15,1138.53,4.4
TXN0002715,02-10-2021,ITM0090,OUT006,CUS00190,13,4284.78,2.7
TXN0005952,24-12-2019,ITM0125,OUT035,CUS01253,20,4247.24,2.3
TXN0009802,27-05-2022,ITM0340,OUT008,CUS00765,1,1255.11,3.2
TXN0010267,17-06-2023,ITM0459,OUT044,CUS01527,17,2398.10,
TXN0001681,21-06-2019,ITM0132,OUT048,CUS01758,11,2817.99,2.2
TXN0003351,29-08-2019,ITM0069,OUT037,CUS00239,12,4319.40,
TXN0004847,30-03-2020,ITM0455,OUT040,CUS00484,15,,4.0
TXN0004690,16-10-2019,ITM0307,OUT035,CUS00920,1,3660.46,1.6
TXN0005010,25-11-2018,ITM0499,OUT048,CUS01633,,3774.73,4.4
TXN0002738,04-01-2019,ITM0469,OUT004,CUS01908,4,4670.59,2.4
TXN0001454,22-12-2022,ITM0488,OUT045,CUS00637,18,1841.63,4.8
TXN0003270,06-09-2018,ITM0224,OUT039,CUS01282,5,4737.16,4.3
TXN0005108,30-11-2019,ITM0263,OUT035,CUS01956,17,,2.3
TXN0008059,07-03-2018,ITM0128,OUT004,CUS01329,11,4132.64,4.2
TXN0002256,17-12-2018,ITM0419,OUT045,CUS00797,16,1709.90,4.1
TXN0008725,,ITM0110,OUT006,CUS00755,8,952.49,4.6
TXN0006171,19-11-2020,ITM0191,OUT038,CUS00468,7,687.39,3.6
TXN0006020,26-06-2022,ITM0108,OUT024,CUS00953,15,4866.99,2.7
TXN0001286,17-09-2022,ITM0257,OUT025,CUS01983,16,,3.7
TXN0007693,31-08-2019,ITM0369,OUT017,CUS00655,18,1485.56,2.6
TXN0003088,25-01-2020,ITM0489,OUT036,CUS00064,16,,2.8
TXN0009305,16-09-2022,ITM0480,OUT020,CUS01864,13,2801.24,3.8
TXN0005248,15-11-2023,ITM0418,OUT012,CUS00631,11,1370.17,1.6
TXN0009349,02-11-2019,ITM0027,OUT048,CUS00078,1,3059.87,
TXN0002507,22-03-2022,ITM0120,OUT050,CUS00625,19,2398.60,2.0
TXN0001203,14-12-2021,ITM0306,OUT039,CUS00527,20,2834.24,1.8
TXN0006550,20-02-2019,ITM0232,OUT030,CUS01606,18,3977.71,3.4
TXN0000871,12-11-2019,ITM0300,OUT032,CUS01618,18,387.04,1.6
TXN0000061,20-03-2018,ITM0087,OUT041,CUS00049,13,720.20,
TXN0006878,18-08-2020,ITM0012,OUT020,CUS01553,8,617.13,2.5
TXN0004937,20-01-2021,ITM0081,OUT050,CUS01078,15,2012.98,3.1
TXN0004524,02-10-2018,ITM0254,OUT043,CUS01694,3,1566.37,3.7
TXN0004623,20-09-2023,ITM0278,OUT041,CUS01238,10,4685.66,4.4
TXN0004223,16-07-2020,ITM0136,OUT050,CUS01710,12,1078.98,2.2
TXN0000992,23-03-2019,ITM0388,OUT004,CUS00638,20,2405.42,2.4
TXN0002443,01-10-2019,ITM0113,OUT020,CUS01779,2,127.08,1.6
TXN0006524,03-05-2018,ITM0374,OUT026,CUS01633,19,2139.31,1.9
TXN0006532,17-08-2023,ITM0139,OUT041,CUS01388,5,215.29,4.3
TXN0006801,15-04-2018,ITM0043,OUT029,CUS01840,9,214.95,4.5
TXN0001462,18-09-2020,ITM0241,OUT019,CUS00059,11,4518.61,1.6
TXN0003139,12-07-2018,ITM0494,OUT030,CUS00366,,4849.91,3.5
TXN0004909,17-01-2020,ITM0263,OUT043,CUS00751,13,2205.96,1.3
TXN0000044,09-02-2022,ITM0164,OUT028,CUS01597,17,1339.34,2.2
TXN0003503,27-05-2022,ITM0145,OUT031,CUS00542,10,1092.60,2.4
TXN0002288,19-07-2019,ITM0130,OUT030,CUS01695,6,1817.88,
TXN0008705,26-11-2020,ITM0150,OUT040,CUS00700,8,199.94,2.7
TXN0009907,21-10-2020,ITM0402,OUT019,CUS00201,15,2581.19,3.4
TXN0007245,08-11-2022,ITM0287,OUT041,CUS01209,5,2320.84,4.4
TXN0005285,,ITM0306,OUT042,CUS00805,1,450.15,3.0
TXN0010275,09-04-2020,ITM0108,OUT040,CUS01903,6,4040.59,1.2
TXN0004082,22-02-2022,ITM0105,OUT007,CUS00239,8,2671.62,4.7
TXN0004552,12-02-2020,ITM0350,OUT017,CUS01708,12,2603.27,2.2
TXN0010280,03-08-2023,ITM0074,OUT025,CUS01736,7,1806.83,
TXN0004276,18-09-2021,ITM0080,OUT025,CUS01798,3,3978.80,
TXN0004334,06-10-2021,ITM0469,OUT021,CUS00058,1,4176.29,4.1
TXN0010328,07-03-2020,ITM0013,OUT026,CUS01845,5,134.04,3.1
TXN0002604,05-12-2018,ITM0213,OUT030,CUS01894,2,,
TXN0003628,16-05-2018,ITM0392,OUT036,CUS00899,13,446.79,2.4
TXN0008283,20-03-2019,ITM0314,OUT020,CUS01771,13,2287.20,2.3
TXN0004063,25-08-2021,ITM0328,OUT007,CUS01820,6,3456.17,
TXN0006708,20-08-2020,ITM0369,OUT010,CUS01693,5,1011.72,4.8
TXN0009008,16-10-2020,ITM0422,OUT006,CUS01590,18,3653.02,3.8
TXN0007929,24-03-2022,ITM0026,OUT003,CUS01152,,613.57,2.0
TXN0000415,13-02-2022,ITM0450,OUT033,CUS01120,5,3896.63,4.5
TXN0001088,20-01-2018,ITM0024,OUT024,CUS01067,10,4189.04,4.2
TXN0007528,08-01-2019,ITM0432,OUT047,CUS01816,18,2261.48,2.7
TXN0008582,12-01-2018,ITM0112,OUT006,CUS00183,17,1430.84,3.2
TXN0000069,11-01-2022,ITM0018,OUT004,CUS00835,16,1737.08,
TXN0006533,27-11-2020,ITM0355,OUT036,CUS00483,10,1432.12,3.2
TXN0002170,03-07-2019,ITM0157,OUT044,CUS00339,14,4916.72,
TXN0008637,17-08-2018,ITM0455,OUT048,CUS00239,20,577.89,
TXN0002079,20-02-2021,ITM0056,OUT019,CUS00782,8,1870.43,1.1
TXN0003815,01-10-2018,ITM0200,OUT047,CUS00253,15,2661.83,1.7
TXN0006786,23-01-2018,ITM0265,OUT030,CUS00156,1,4558.16,4.6
TXN0009315,02-11-2019,ITM0382,OUT013,CUS01588,18,2800.61,4.8
TXN0002648,30-09-2021,ITM0258,OUT032,CUS00199,3,3566.00,3.8
TXN0004496,05-12-2019,ITM0348,OUT046,CUS01105,1,1986.03,1.7
TXN0009072,08-05-2019,ITM0275,OUT012,CUS00733,3,4490.28,4.6
TXN0000328,13-04-2020,ITM0329,OUT049,CUS00471,16,315.12,4.2
TXN0005382,09-05-2021,ITM0131,OUT027,CUS00909,1,4629.20,2.0
TXN0007892,27-06-2019,ITM0299,OUT014,CUS01864,16,1398.53,1.5
TXN0008254,27-08-2021,ITM0237,OUT038,CUS00570,15,175.44,
TXN0000542,14-09-2020,ITM0247,OUT019,CUS01189,7,4783.94,3.9
TXN0006211,17-08-2019,ITM0432,OUT007,CUS00753,10,2823.15,2.5
TXN0007599,07-09-2018,ITM0417,OUT029,CUS01823,9,1027.94,3.4
TXN0000911,26-08-2022,ITM0398,OUT031,CUS00327,17,4613.29,1.5
TXN0000919,21-09-2019,ITM0318,OUT041,CUS00943,1,1153.31,3.7
TXN0002846,12-03-2022,ITM0244,OUT028,CUS00109,8,4221.09,1.7
TXN0001383,14-12-2023,ITM0137,OUT047,CUS01076,14,3914.35,3.0
TXN0009480,12-02-2023,ITM0372,OUT036,CUS01830,14,2864.02,2.9
TXN0004551,03-05-2021,ITM0028,OUT027,CUS00655,16,3719.03,
TXN0009069,02-12-2023,ITM0424,OUT022,CUS01521,9,2645.91,2.8
TXN0009578,25-12-2020,ITM0482,OUT050,CUS01140,20,1901.90,3.9
TXN0000134,14-11-2023,ITM0395,OUT012,CUS00271,15,2378.09,2.9
TXN0010192,04-10-2023,ITM0477,OUT036,CUS01685,15,812.11,1.6
TXN0000485,24-11-2023,ITM0268,OUT004,CUS00788,3,3218.37,3.2
TXN0004718,14-06-2022,ITM0133,OUT020,CUS00222,12,2189.88,3.9
TXN0000785,06-03-2020,ITM0400,OUT039,CUS00774,8,3739.32,1.8
TXN0008181,03-12-2023,ITM0273,OUT029,CUS00283,14,1482.42,1.5
TXN0008529,03-06-2022,ITM0258,OUT007,CUS00773,19,1290.47,4.0
TXN0010099,,ITM0250,OUT036,CUS00843,2,1100.27,2.0
TXN0006287,27-05-2021,ITM0260,OUT002,CUS01002,8,2883.32,
TXN0006795,28-10-2019,ITM0072,OUT020,CUS01207,11,1478.95,4.1
TXN0001176,30-08-2023,ITM0471,OUT032,CUS00436,17,1213.18,2.2
TXN0001324,04-01-2023,ITM0191,OUT037,CUS01790,6,2198.81,2.8
TXN0001823,24-06-2023,ITM0204,OUT029,CUS00202,1,1623.58,4.1
TXN0007798,14-08-2019,ITM0203,OUT027,CUS01068,3,3702.13,2.5
TXN0001708,18-07-2018,ITM0377,OUT028,CUS00976,8,3538.91,4.0
TXN0005750,27-02-2023,ITM0159,OUT013,CUS00538,20,2941.84,2.3
TXN0009217,08-02-2021,ITM0004,OUT015,CUS01598,20,2642.22,2.5
TXN0007742,23-07-2023,ITM0415,OUT008,CUS00206,13,4510.23,2.2
TXN0009451,24-04-2018,ITM0253,OUT022,CUS01819,1,80.60,2.7
TXN0002586,09-03-2022,ITM0078,OUT031,CUS00353,12,1693.58,1.8
TXN0002101,16-12-2019,ITM0316,OUT018,CUS00090,14,3054.56,1.6
TXN0005518,04-01-2018,ITM0337,OUT006,CUS00166,10,3096.61,3.1
TXN0009886,28-11-2023,ITM0062,OUT017,CUS00571,12,3351.45,4.8
TXN0002055,26-04-2019,ITM0091,OUT048,CUS00745,20,,1.6
TXN0003624,23-03-2022,ITM0299,OUT012,CUS01271,,2151.93,1.4
TXN0003118,16-12-2018,ITM0415,OUT029,CUS01037,7,4469.34,5.0
TXN0007980,,ITM0049,OUT044,CUS00031,20,3432.26,3.0
TXN0000190,03-03-2020,ITM0126,OUT034,CUS01842,8,2724.42,3.5
TXN0001717,23-02-2021,ITM0001,OUT049,CUS01752,13,460.48,3.8
TXN0006307,11-10-2022,ITM0395,OUT050,CUS00034,14,1402.48,2.6
TXN0001639,11-09-2023,ITM0126,OUT013,CUS01697,8,214.92,1.3
TXN0005231,,ITM0393,OUT032,CUS01823,13,4420.66,1.3
TXN0009566,18-06-2022,ITM0252,OUT027,CUS00538,13,2155.83,3.9
TXN0003187,17-05-2022,ITM0392,OUT048,CUS00002,3,2121.01,1.9
TXN0004386,12-09-2018,ITM0449,OUT006,CUS01163,7,4344.43,1.0
TXN0006781,,ITM0273,OUT050,CUS00399,19,2514.12,2.2
TXN0000706,02-11-2022,ITM0462,OUT020,CUS00705,12,4884.23,1.9
TXN0009078,19-11-2022,ITM0206,OUT038,CUS00074,18,3352.95,2.2
TXN0008487,04-08-2021,ITM0336,OUT038,CUS00975,18,2975.23,
TXN0005752,13-01-2019,ITM0332,OUT003,CUS00742,,528.10,1.9
TXN0003986,16-08-2018,ITM0136,OUT015,CUS01320,11,,1.2
TXN0003532,18-08-2021,ITM0347,OUT032,CUS00313,2,140.32,3.0
TXN0001863,06-07-2019,ITM0450,OUT013,CUS01796,12,950.33,4.1
TXN0008142,10-04-2018,ITM0484,OUT042,CUS00355,17,4778.05,4.7
TXN0004041,15-06-2023,ITM0021,OUT031,CUS00071,6,1621.58,4.7
TXN0006456,20-05-2018,ITM0442,OUT006,CUS01965,10,,4.3
TXN0000212,15-12-2023,ITM0191,OUT045,CUS00252,2,2365.80,1.1
TXN0006487,13-08-2018,ITM0212,OUT032,CUS00195,10,453.01,2.4
TXN0004091,12-06-2020,ITM0114,OUT033,CUS00306,14,4106.36,1.1
TXN0004364,26-09-2023,ITM0357,OUT020,CUS01114,8,135.93,4.2
TXN0006097,20-06-2019,ITM0361,OUT017,CUS00806,16,2567.56,3.9
TXN0004732,20-02-2019,ITM0241,OUT015,CUS00975,10,2454.63,3.0
TXN0008840,,ITM0296,OUT004,CUS01907,4,888.78,4.3
TXN0002690,28-01-2019,ITM0050,OUT009,CUS01379,20,4435.44,4.4
TXN0006534,14-04-2021,ITM0166,OUT024,CUS00821,12,852.82,1.1
TXN0001339,14-10-2020,ITM0096,OUT019,CUS00382,13,3741.18,3.2
TXN0006183,01-09-2018,ITM0299,OUT004,CUS01732,3,418.37,4.5
TXN0002042,11-09-2019,ITM0388,OUT032,CUS00993,20,2414.78,3.8
TXN0004815,22-11-2018,ITM0125,OUT048,CUS00907,2,1350.61,
TXN0006594,15-03-2022,ITM0456,OUT039,CUS00219,14,24.02,2.7
TXN0005016,23-10-2022,ITM0492,OUT017,CUS00737,9,1917.01,4.9
TXN0007801,18-10-2022,ITM0288,OUT037,CUS00587,9,3869.14,4.8
TXN0004037,07-04-2020,ITM0179,OUT033,CUS00383,14,607.19,1.8
TXN0008432,08-07-2021,ITM0295,OUT013,CUS00156,11,2066.93,3.6
TXN0002554,19-01-2022,ITM0376,OUT037,CUS01111,15,2162.50,3.7
TXN0005670,19-07-2020,ITM0088,OUT026,CUS01962,20,1130.79,1.8
TXN0000185,28-02-2021,ITM0152,OUT043,CUS00370,4,4729.20,1.5
TXN0009200,15-08-2020,ITM0365,OUT020,CUS00893,20,578.02,1.9
TXN0008216,03-11-2022,ITM0486,OUT022,CUS01250,8,4420.55,4.3
TXN0007527,27-05-2023,ITM0017,OUT016,CUS00384,9,1387.57,2.8
TXN0004779,20-07-2018,ITM0254,OUT020,CUS01884,13,712.30,4.2
TXN0000015,07-10-2023,ITM0186,OUT049,CUS01946,,882.39,4.0
TXN0001844,22-04-2023,ITM0186,OUT009,CUS01415,18,2184.31,3.4
TXN0010381,10-05-2020,ITM0472,OUT041,CUS00546,8,3049.48,4.7
TXN0007299,25-03-2020,ITM0357,OUT045,CUS01940,2,3542.93,1.1
TXN0007631,16-03-2020,ITM0393,OUT012,CUS00396,12,3162.63,3.8
TXN0005411,09-02-2021,ITM0295,OUT047,CUS01276,13,1792.99,2.6
TXN0001090,04-07-2018,ITM0094,OUT017,CUS00766,8,3372.46,3.3
TXN0002413,,ITM0188,OUT042,CUS01088,20,236.84,5.0
TXN0007301,05-12-2021,ITM0305,OUT013,CUS01168,2,791.63,2.1
TXN0007510,15-08-2022,ITM0009,OUT013,CUS00102,9,2060.51,1.8
TXN0009712,08-10-2020,ITM0247,OUT004,CUS00319,7,4412.02,1.8
TXN0001596,05-11-2023,ITM0172,OUT045,CUS00834,16,611.15,4.0
TXN0006237,07-09-2020,ITM0243,OUT043,CUS00409,16,3338.48,2.0
TXN0001522,01-11-2021,ITM0187,OUT004,CUS00589,19,4250.84,4.5
TXN0003444,01-03-2018,ITM0026,OUT047,CUS01919,16,3723.51,3.9
TXN0005625,18-09-2022,ITM0296,OUT034,CUS01878,17,2393.93,1.6
TXN0005460,20-02-2019,ITM0445,OUT007,CUS00890,6,4398.52,1.4
TXN0003617,,ITM0428,OUT047,CUS00879,14,4997.86,1.7
TXN0000218,17-10-2020,ITM0473,OUT050,CUS01311,5,1977.99,1.3
TXN0006032,,ITM0088,OUT035,CUS00688,18,3893.37,1.4
TXN0010002,13-09-2020,ITM0046,OUT026,CUS00846,15,1935.44,1.6
TXN0007486,28-06-2020,ITM0237,OUT019,CUS01325,14,3172.97,4.4
TXN0000895,24-02-2021,ITM0432,OUT008,CUS01109,3,4485.56,4.5
TXN0001678,13-08-2023,ITM0003,OUT046,CUS00152,11,1784.14,2.0
TXN0009528,12-06-2019,ITM0406,OUT004,CUS01041,16,285.50,4.5
TXN0008014,27-05-2021,ITM0034,OUT006,CUS00920,,4975.65,4.1
TXN0005621,19-01-2018,ITM0095,OUT047,CUS01383,,587.42,3.6
TXN0005007,21-12-2021,ITM0205,OUT036,CUS01098,6,4098.46,3.6
TXN0008935,13-10-2020,ITM0216,OUT049,CUS01644,13,305.60,4.7
TXN0006824,05-11-2018,ITM0185,OUT005,CUS00451,12,1743.35,4.8
TXN0005337,20-04-2023,ITM0242,OUT002,CUS00545,13,4223.51,4.4
TXN0000483,19-01-2023,ITM0469,OUT020,CUS01924,16,2190.32,1.8
TXN0006702,01-01-2019,ITM0328,OUT045,CUS01184,17,3939.78,4.7
TXN0001241,06-07-2019,ITM0389,OUT025,CUS00793,5,4830.77,4.2
TXN0000594,22-11-2021,ITM0075,OUT011,CUS01570,17,3338.40,2.3
TXN0007240,22-01-2018,ITM0443,OUT005,CUS01308,19,4845.70,2.8
TXN0010238,23-12-2019,ITM0318,OUT020,CUS01667,,4654.92,4.1
TXN0006543,31-01-2021,ITM0442,OUT009,CUS00254,18,823.73,1.1
TXN0003099,13-03-2018,ITM0135,OUT013,CUS00917,17,35.18,1.4
TXN0009396,22-03-2023,ITM0184,OUT019,CUS01373,13,3300.14,1.0
TXN0004038,28-02-2021,ITM0064,OUT039,CUS01067,16,2238.63,1.6
TXN0001157,25-10-2018,ITM0039,OUT006,CUS01058,20,2076.22,4.7
TXN0004251,06-02-2019,ITM0289,OUT005,CUS01211,16,4863.18,1.9
TXN0008746,25-01-2023,ITM0090,OUT046,CUS01311,12,,4.9
TXN0001023,12-10-2018,ITM0168,OUT005,CUS00322,20,2189.90,2.7
TXN0008826,11-01-2018,ITM0032,OUT016,CUS00426,,4007.81,2.3
TXN0002534,14-02-2022,ITM0371,OUT041,CUS00796,,3112.18,1.3
TXN0005018,24-10-2022,ITM0009,OUT007,CUS00627,18,542.69,3.2
TXN0006491,12-10-2023,ITM0280,OUT010,CUS01037,17,4870.38,2.7
TXN0007168,,ITM0287,OUT030,CUS00352,8,4135.94,3.9
TXN0007241,09-06-2021,ITM0307,OUT008,CUS01466,17,1978.14,3.3
TXN0008900,17-09-2023,ITM0136,OUT036,CUS01997,16,2385.70,2.2
TXN0006006,25-02-2022,ITM0053,OUT010,CUS00236,11,4012.31,1.6
TXN0004292,29-09-2018,ITM0270,OUT022,CUS00720,4,48.31,2.7
TXN0007818,23-04-2018,ITM0331,OUT022,CUS00101,9,4072.61,2.5
TXN0009940,22-09-2019,ITM0193,OUT046,CUS00665,18,4125.41,3.1
TXN0005821,26-12-2022,ITM0302,OUT032,CUS01046,12,2207.73,1.8
TXN0003861,21-04-2018,ITM0127,OUT015,CUS00275,11,4990.84,4.5
TXN0003646,04-10-2021,ITM0134,OUT017,CUS00085,6,4045.16,2.1
TXN0008636,18-12-2018,ITM0294,OUT042,CUS01875,1,,4.1
TXN0005427,20-01-2019,ITM0311,OUT035,CUS01469,10,4216.29,3.8
TXN0003017,13-05-2022,ITM0285,OUT047,CUS00549,14,4296.03,4.7
TXN0002357,13-06-2019,ITM0092,OUT005,CUS00977,12,1523.72,2.3
TXN0004891,08-07-2023,ITM0105,OUT033,CUS00329,7,2971.62,4.4
TXN0007740,22-10-2020,ITM0476,OUT018,CUS01693,3,4635.09,1.4
TXN0009492,05-05-2019,ITM0093,OUT017,CUS00737,18,4240.62,1.5
TXN0007652,25-06-2020,ITM0397,OUT036,CUS01399,12,3374.78,5.0
TXN0007158,10-07-2022,ITM0371,OUT010,CUS00174,,1254.30,2.6
TXN0010195,07-06-2020,ITM0377,OUT013,CUS01044,4,805.65,3.6
TXN0009688,04-03-2023,ITM0422,OUT043,CUS01398,14,3764.17,3.0
TXN0004011,02-10-2020,ITM0162,OUT035,CUS01523,4,770.17,1.8
TXN0009587,23-04-2019,ITM0220,OUT005,CUS00627,10,3863.77,1.6
TXN0008127,03-08-2019,ITM0284,OUT032,CUS00253,5,,3.4
TXN0001910,11-05-2018,ITM0008,OUT022,CUS00499,,965.03,1.8
TXN0008145,13-06-2018,ITM0491,OUT048,CUS01635,20,2067.88,4.3
TXN0009538,10-05-2019,ITM0305,OUT033,CUS00948,,4685.33,2.9
TXN0006213,02-12-2019,ITM0408,OUT024,CUS00515,4,498.86,1.1
TXN0006864,14-08-2018,ITM0279,OUT022,CUS00400,6,2762.88,1.0
TXN0006443,21-08-2021,ITM0396,OUT030,CUS00233,8,333.77,3.4
TXN0006087,05-01-2019,ITM0472,OUT045,CUS01885,6,510.42,2.3
TXN0003170,12-07-2018,ITM0094,OUT011,CUS00074,19,,4.4
TXN0000160,14-09-2021,ITM0210,OUT030,CUS00904,3,2012.35,
TXN0005438,18-11-2018,ITM0189,OUT044,CUS00139,3,2272.87,1.4
TXN0006180,26-04-2020,ITM0141,OUT048,CUS01312,6,138.82,3.2
TXN0004608,22-06-2023,ITM0396,OUT041,CUS00382,11,,4.8
TXN0005106,17-03-2019,ITM0053,OUT025,CUS01648,4,1658.52,3.8
TXN0005991,12-08-2023,ITM0110,OUT050,CUS01779,13,,3.1
TXN0004926,26-07-2018,ITM0493,OUT023,CUS01405,17,3940.05,2.1
TXN0005587,22-02-2019,ITM0496,OUT003,CUS00210,17,4608.83,1.4
TXN0002459,16-04-2018,ITM0363,OUT008,CUS01621,19,4058.57,4.3
TXN0004650,23-12-2020,ITM0277,OUT042,CUS00371,8,1491.56,3.1
TXN0007088,02-03-2021,ITM0141,OUT043,CUS01306,17,4182.58,4.8
TXN0003741,20-10-2019,ITM0061,OUT001,CUS01484,19,761.60,3.8
TXN0007903,28-01-2020,ITM0047,OUT033,CUS00868,9,4200.66,2.1
TXN0009284,27-02-2023,ITM0160,OUT044,CUS01104,14,2901.11,3.5
TXN0005823,12-04-2019,ITM0345,OUT006,CUS00824,6,4772.72,2.1
TXN0007324,27-03-2022,ITM0278,OUT050,CUS01726,19,4024.62,2.4
TXN0004964,09-12-2020,ITM0330,OUT033,CUS01601,7,4759.38,1.6
TXN0008213,14-06-2021,ITM0280,OUT014,CUS00153,5,4686.32,1.6
TXN0005806,14-03-2019,ITM0490,OUT003,CUS00923,17,15.32,1.5
TXN0003160,11-06-2019,ITM0250,OUT001,CUS00435,17,1458.22,1.4
TXN0007372,06-03-2022,ITM0080,OUT027,CUS00853,19,601.60,4.2
TXN0005640,12-10-2022,ITM0479,OUT015,CUS00069,5,2311.98,1.2
TXN0005027,22-06-2022,ITM0475,OUT004,CUS00064,19,4896.58,3.2
TXN0005013,22-04-2018,ITM0379,OUT001,CUS00561,7,578.99,3.6
TXN0003365,19-01-2020,ITM0046,OUT002,CUS00712,13,,4.2
TXN0007908,07-10-2023,ITM0297,OUT037,CUS00492,11,,2.0
TXN0006462,19-08-2018,ITM0374,OUT029,CUS00718,14,3261.54,3.5
TXN0001015,,ITM0075,OUT013,CUS00664,17,2345.13,4.9
TXN0004209,26-02-2022,ITM0211,OUT005,CUS00932,5,1174.36,1.6
TXN0003962,17-07-2023,ITM0410,OUT002,CUS00418,13,1888.23,4.4
TXN0004856,07-02-2018,ITM0088,OUT043,CUS01112,4,4874.22,1.1
TXN0000434,14-07-2023,ITM0473,OUT001,CUS01417,16,2161.95,1.5
TXN0005758,29-10-2018,ITM0473,OUT047,CUS00243,3,3604.28,4.5
TXN0008383,16-11-2020,ITM0242,OUT007,CUS01679,9,943.43,4.5
TXN0006519,09-03-2022,ITM0409,OUT042,CUS01853,14,1711.01,1.5
TXN0001807,06-02-2023,ITM0127,OUT040,CUS00150,1,1123.82,5.0
TXN0007437,11-09-2021,ITM0418,OUT030,CUS00506,16,4469.09,1.3
TXN0005212,12-08-2023,ITM0225,OUT040,CUS01353,1,4804.85,2.7
TXN0004635,03-11-2018,ITM0097,OUT019,CUS01188,10,1805.51,3.6
TXN0003112,05-02-2020,ITM0113,OUT024,CUS01152,,2757.75,4.9
TXN0004447,05-06-2022,ITM0238,OUT029,CUS01710,13,3782.01,2.2
TXN0005054,12-10-2018,ITM0433,OUT043,CUS01497,15,877.61,3.4
TXN0001781,01-01-2022,ITM0179,OUT043,CUS00749,,1667.92,1.5
TXN0002681,02-12-2019,ITM0039,OUT049,CUS00612,16,2993.66,4.6
TXN0000272,10-01-2022,ITM0490,OUT035,CUS01191,3,2925.89,1.4
TXN0005384,17-01-2021,ITM0270,OUT033,CUS00305,7,4995.88,1.3
TXN0006025,18-09-2018,ITM0121,OUT015,CUS01832,19,686.55,3.9
TXN0008687,18-03-2019,ITM0195,OUT036,CUS01487,17,4606.10,4.0
TXN0000182,05-03-2022,ITM0275,OUT032,CUS00823,10,3748.42,3.2
TXN0010499,11-01-2018,ITM0100,OUT043,CUS01289,5,1668.86,1.4
TXN0005022,08-10-2023,ITM0482,OUT046,CUS01402,13,4557.79,4.0
TXN0003473,25-09-2018,ITM0190,OUT039,CUS00204,9,1069.64,2.6
TXN0009202,20-11-2022,ITM0028,OUT019,CUS00961,14,1405.39,2.3
TXN0000383,19-06-2018,ITM0491,OUT001,CUS01220,11,1411.56,3.9
TXN0005564,17-10-2021,ITM0379,OUT004,CUS00018,20,,1.6
TXN0000453,29-08-2020,ITM0483,OUT030,CUS01551,12,3199.08,2.0
TXN0004734,01-09-2022,ITM0426,OUT029,CUS00981,4,3397.76,2.3
TXN0001551,08-09-2019,ITM0025,OUT041,CUS01039,15,834.10,3.0
TXN0002126,01-11-2019,ITM0262,OUT006,CUS00655,9,375.89,2.2
TXN0006762,02-02-2023,ITM0483,OUT021,CUS01475,6,4340.87,
TXN0003219,24-03-2022,ITM0117,OUT020,CUS01998,12,761.21,1.4
TXN0002854,29-12-2019,ITM0363,OUT022,CUS01830,3,501.75,4.6
TXN0008564,14-09-2018,ITM0062,OUT031,CUS00882,15,1978.81,4.5
TXN0006015,03-10-2019,ITM0071,OUT018,CUS01491,3,,4.5
TXN0007692,28-06-2023,ITM0429,OUT047,CUS00094,15,4720.39,1.9
TXN0009316,05-07-2019,ITM0319,OUT035,CUS01246,18,3457.48,2.9
TXN0003445,17-11-2018,ITM0297,OUT028,CUS01534,10,4626.77,3.2
TXN0000948,30-07-2023,ITM0089,OUT033,CUS01294,5,4293.02,4.6
TXN0004799,02-07-2018,ITM0473,OUT026,CUS01972,14,1900.53,4.0
TXN0007625,02-12-2019,ITM0325,OUT004,CUS01636,15,960.93,1.1
TXN0007187,15-12-2021,ITM0183,OUT042,CUS00467,8,4321.68,2.2
TXN0004621,,ITM0500,OUT029,CUS01550,3,3421.22,2.8
TXN0004782,02-04-2021,ITM0393,OUT014,CUS00892,20,509.61,2.9
TXN0009468,28-03-2023,ITM0131,OUT021,CUS01453,16,221.94,2.6
TXN0002797,05-07-2021,ITM0299,OUT019,CUS01001,11,4542.32,3.6
TXN0005867,05-08-2022,ITM0481,OUT006,CUS00578,12,1095.78,4.4
TXN0003847,08-04-2023,ITM0500,OUT010,CUS00238,13,1081.40,
TXN0005055,10-09-2018,ITM0282,OUT030,CUS01644,3,1988.44,3.9
TXN0000672,04-06-2018,ITM0002,OUT020,CUS01749,18,2950.77,1.3
TXN0008844,11-09-2022,ITM0012,OUT003,CUS01696,11,832.83,
TXN0009834,17-02-2021,ITM0006,OUT024,CUS01652,19,3943.39,4.7
TXN0005969,30-09-2019,ITM0409,OUT045,CUS00975,18,2431.17,3.9
TXN0009752,05-05-2021,ITM0412,OUT021,CUS00814,3,865.05,2.3
TXN0010367,30-11-2021,ITM0100,OUT022,CUS00488,3,1727.86,1.6
TXN0002734,26-02-2023,ITM0408,OUT043,CUS01020,6,1132.61,
TXN0006095,15-06-2018,ITM0365,OUT021,CUS00403,6,3302.46,1.5
TXN0009030,22-04-2019,ITM0491,OUT016,CUS01140,3,1929.42,2.3
TXN0009117,16-07-2021,ITM0197,OUT010,CUS00612,3,116.75,2.3
TXN0009388,03-11-2020,ITM0137,OUT050,CUS00792,20,2233.77,2.8
TXN0006880,01-03-2019,ITM0063,OUT004,CUS01280,7,2197.01,1.8
TXN0008652,28-06-2019,ITM0410,OUT016,CUS00727,2,2545.78,4.1
TXN0010341,30-10-2018,ITM0299,OUT043,CUS01855,5,211.25,1.9
TXN0003250,29-10-2019,ITM0167,OUT023,CUS00650,1,513.12,4.6
TXN0009995,30-08-2023,ITM0069,OUT001,CUS01349,20,45.55,4.0
TXN0009146,06-01-2019,ITM0236,OUT004,CUS00139,18,2200.14,2.4
TXN0007600,02-02-2022,ITM0415,OUT030,CUS00568,3,1070.98,3.3
TXN0006189,,ITM0231,OUT013,CUS01058,16,4684.40,2.7
TXN0009631,08-02-2022,ITM0180,OUT023,CUS01364,15,1765.15,2.3
TXN0000728,13-02-2019,ITM0407,OUT002,CUS01628,18,3904.91,2.7
TXN0007002,01-04-2020,ITM0075,OUT050,CUS00148,12,94.88,1.9
TXN0007177,10-10-2022,ITM0142,OUT032,CUS00946,15,3639.26,3.9
TXN0000082,05-07-2021,ITM0363,OUT004,CUS01537,11,2849.19,3.8
TXN0005699,06-05-2019,ITM0290,OUT031,CUS01624,6,1168.20,2.9
TXN0003087,05-05-2023,ITM0325,OUT005,CUS01241,5,684.85,
TXN0009697,09-08-2019,ITM0017,OUT044,CUS00976,3,105.55,3.8
TXN0006852,09-05-2022,ITM0149,OUT005,CUS00519,11,2363.78,1.3
TXN0000389,15-02-2018,ITM0149,OUT016,CUS00745,14,3887.58,3.6
TXN0001201,31-05-2018,ITM0296,OUT044,CUS01090,14,2022.33,2.9
TXN0006552,12-05-2023,ITM0304,OUT018,CUS01703,16,4714.41,1.3
TXN0007755,06-05-2020,ITM0059,OUT038,CUS01491,16,2283.47,1.0
TXN0009085,18-08-2018,ITM0491,OUT032,CUS01308,13,1665.56,2.2
TXN0000424,17-10-2018,ITM0432,OUT035,CUS00963,,1096.46,3.3
TXN0005221,01-04-2019,ITM0119,OUT024,CUS01873,3,2983.06,4.9
TXN0000027,26-06-2019,ITM0406,OUT007,CUS00310,4,4523.75,2.8
TXN0004024,04-04-2021,ITM0218,OUT027,CUS01892,12,1102.30,4.8
TXN0003438,19-11-2023,ITM0011,OUT030,CUS00584,13,52.67,3.2
TXN0007025,10-08-2019,ITM0270,OUT010,CUS00179,13,2928.91,1.5
TXN0000705,09-11-2021,ITM0179,OUT019,CUS00701,3,,3.1
TXN0000842,29-11-2023,ITM0009,OUT023,CUS00502,19,2001.67,2.4
TXN0004355,10-05-2019,ITM0194,OUT042,CUS00247,4,2049.22,1.3
TXN0006660,02-10-2023,ITM0122,OUT047,CUS01108,16,3910.35,1.6
TXN0007521,27-11-2022,ITM0383,OUT004,CUS01404,16,62.28,1.4
TXN0002820,29-11-2020,ITM0146,OUT033,CUS01729,7,329.92,4.4
TXN0007102,,ITM0026,OUT032,CUS00258,6,4108.95,3.8
TXN0006000,02-06-2023,ITM0358,OUT047,CUS01863,13,2870.63,4.3
TXN0004173,13-06-2023,ITM0452,OUT013,CUS00370,8,2323.54,1.4
TXN0001135,24-07-2022,ITM0380,OUT047,CUS00478,9,50.72,4.9
TXN0000927,10-03-2023,ITM0436,OUT020,CUS00457,17,2599.27,1.4
TXN0006806,03-03-2021,ITM0144,OUT026,CUS00927,10,3047.17,1.2
TXN0003598,18-04-2022,ITM0375,OUT005,CUS00965,18,,4.4
TXN0010080,05-05-2020,ITM0079,OUT041,CUS00741,13,118.12,2.7
TXN0008659,28-08-2021,ITM0047,OUT011,CUS01262,4,4676.71,1.8
TXN0002369,26-04-2022,ITM0014,OUT043,CUS01780,4,1608.03,
TXN0005132,19-05-2023,ITM0292,OUT032,CUS00446,11,4999.98,2.1
TXN0010221,19-12-2018,ITM0208,OUT005,CUS00562,4,3787.90,4.1
TXN0002483,26-10-2021,ITM0333,OUT020,CUS01744,14,1350.15,2.5
TXN0010092,20-11-2023,ITM0327,OUT008,CUS00950,3,871.25,3.1
TXN0000292,17-06-2022,ITM0028,OUT006,CUS00262,18,,1.9
TXN0001737,21-12-2021,ITM0221,OUT011,CUS00685,2,702.07,1.5
TXN0007315,13-05-2020,ITM0353,OUT050,CUS00470,4,3147.80,3.3
TXN0001043,17-05-2023,ITM0202,OUT004,CUS01869,8,2890.81,1.4
TXN0000488,27-12-2022,ITM0043,OUT025,CUS00821,,779.28,3.2
TXN0001239,20-02-2020,ITM0413,OUT023,CUS00400,2,3375.67,4.0
TXN0005594,09-07-2022,ITM0280,OUT029,CUS00186,14,2582.63,2.0
TXN0002505,15-05-2023,ITM0177,OUT008,CUS01815,7,1918.30,4.8
TXN0005757,26-03-2020,ITM0436,OUT028,CUS01857,19,2639.37,4.8
TXN0007713,,ITM0484,OUT033,CUS01314,12,522.46,2.3
TXN0009084,09-10-2020,ITM0097,OUT044,CUS01486,18,4621.28,3.6
TXN0005693,26-01-2019,ITM0024,OUT014,CUS01769,2,473.74,1.8
TXN0005079,21-11-2019,ITM0262,OUT007,CUS00685,4,570.67,4.8
TXN0005568,22-04-2021,ITM0262,OUT031,CUS00527,6,2086.71,1.4
TXN0001694,,ITM0310,OUT018,CUS00215,7,1422.46,4.3
TXN0004525,24-01-2021,ITM0440,OUT030,CUS00930,10,1648.24,
TXN0009233,19-03-2020,ITM0252,OUT019,CUS00493,1,581.21,2.1
TXN0000735,01-09-2022,ITM0058,OUT039,CUS00813,18,3897.89,1.4
TXN0009296,17-09-2020,ITM0138,OUT021,CUS01272,17,448.75,3.4
TXN0006664,20-11-2021,ITM0187,OUT017,CUS00279,8,149.76,2.0
TXN0000797,10-11-2018,ITM0262,OUT032,CUS01370,1,1566.68,1.4
TXN0006054,26-07-2019,ITM0306,OUT032,CUS00799,15,1927.27,2.8
TXN0001647,01-05-2021,ITM0147,OUT036,CUS00502,9,1535.49,4.7
TXN0008184,30-08-2021,ITM0497,OUT014,CUS00490,17,2119.99,2.5
TXN0009238,23-12-2020,ITM0464,OUT027,CUS01767,7,,2.5
TXN0010234,26-06-2023,ITM0389,OUT019,CUS00660,6,1986.67,2.6
TXN0004108,19-11-2018,ITM0165,OUT023,CUS00972,5,3516.81,2.8
TXN0003208,15-08-2020,ITM0292,OUT009,CUS00300,15,2183.45,2.7
TXN0001528,08-11-2021,ITM0109,OUT021,CUS00150,15,383.35,2.0
TXN0006376,03-11-2023,ITM0286,OUT005,CUS00839,20,1847.81,2.6
TXN0004982,18-12-2023,ITM0064,OUT022,CUS00365,10,4421.92,1.2
TXN0006675,20-03-2020,ITM0105,OUT042,CUS01913,20,2528.10,3.6
TXN0001256,01-04-2022,ITM0257,OUT029,CUS00162,5,3545.87,3.0
TXN0001014,15-11-2019,ITM0009,OUT046,CUS01495,9,3902.19,4.7
TXN0002680,01-02-2022,ITM0180,OUT026,CUS00327,3,2889.75,3.5
TXN0001772,28-10-2022,ITM0235,OUT011,CUS01167,20,1072.82,4.2
TXN0006046,02-09-2018,ITM0071,OUT011,CUS01990,6,2251.00,2.6
TXN0008663,25-03-2020,ITM0119,OUT015,CUS01640,10,2634.42,
TXN0001153,,ITM0356,OUT016,CUS00843,9,985.31,4.8
TXN0008849,27-02-2020,ITM0057,OUT034,CUS00344,4,3482.75,3.3
TXN0004519,04-12-2022,ITM0094,OUT020,CUS01325,15,3832.58,4.0
TXN0003752,13-06-2022,ITM0405,OUT020,CUS00853,15,2597.04,3.0
TXN0002012,11-10-2021,ITM0424,OUT022,CUS01413,9,3550.50,4.8
TXN0000304,25-11-2018,ITM0301,OUT019,CUS01025,17,2660.67,2.7
TXN0008344,26-03-2022,ITM0156,OUT006,CUS01677,10,1400.94,1.5
TXN0003915,,ITM0425,OUT024,CUS01184,11,4323.85,3.2
TXN0003809,07-03-2021,ITM0374,OUT033,CUS01486,15,1782.12,1.5
TXN0002460,27-01-2020,ITM0319,OUT010,CUS01640,12,2586.58,2.3
TXN0009205,05-03-2020,ITM0037,OUT009,CUS00170,6,3061.61,4.5
TXN0005602,27-03-2023,ITM0052,OUT002,CUS01360,17,4577.52,4.2
TXN0001734,15-04-2018,ITM0174,OUT015,CUS01905,8,4952.44,2.7
TXN0000433,26-02-2023,ITM0147,OUT036,CUS01248,1,211.17,4.4
TXN_OUT3,01-01-2020,ITM0003,OUT003,CUS00003,1,0,1.0
TXN0002411,21-03-2020,ITM0187,OUT011,CUS00796,2,3346.06,3.9
TXN0008082,20-08-2020,ITM0393,OUT013,CUS01401,16,3224.11,1.9
TXN0000096,02-02-2023,ITM0076,OUT017,CUS00444,14,956.97,4.5
TXN0010037,03-04-2022,ITM0500,OUT026,CUS00573,2,4313.87,2.1
TXN0005283,23-05-2021,ITM0380,OUT002,CUS00761,16,703.88,4.0
TXN0004654,,ITM0056,OUT008,CUS00572,20,4971.57,1.2
TXN0001698,26-07-2019,ITM0324,OUT025,CUS01703,6,1242.04,4.9
TXN0003143,24-05-2018,ITM0481,OUT031,CUS01842,9,962.10,3.5
TXN0006442,,ITM0306,OUT029,CUS01757,11,851.80,3.1
TXN0007040,20-12-2019,ITM0307,OUT008,CUS00749,16,960.41,4.8
TXN0007280,19-06-2021,ITM0144,OUT023,CUS01817,18,2930.35,3.1
TXN0007310,19-04-2021,ITM0096,OUT004,CUS00260,18,3632.14,4.8
TXN0004309,23-04-2018,ITM0075,OUT005,CUS01948,12,3692.70,3.2
TXN0003727,06-06-2020,ITM0451,OUT012,CUS01671,5,2176.52,2.2
TXN0003282,07-06-2022,ITM0101,OUT010,CUS01919,4,606.11,3.0
TXN0008000,17-05-2023,ITM0451,OUT034,CUS01571,7,2221.83,1.6
TXN0009190,09-10-2020,ITM0272,OUT004,CUS01247,4,2123.21,1.4
TXN0004101,24-11-2022,ITM0036,OUT035,CUS00869,17,1895.76,1.0
TXN0008608,12-01-2023,ITM0215,OUT007,CUS01938,13,4968.03,2.5
TXN0001005,10-12-2020,ITM0481,OUT024,CUS01986,11,2650.83,2.0
TXN0005781,01-02-2023,ITM0317,OUT035,CUS01471,4,3091.25,2.1
TXN0005044,17-03-2018,ITM0450,OUT012,CUS00102,17,555.77,4.0
TXN0009596,26-09-2018,ITM0452,OUT022,CUS00631,18,,3.1
TXN0000072,16-03-2022,ITM0168,OUT001,CUS00447,6,,2.5
TXN0006360,10-09-2020,ITM0365,OUT045,CUS01092,11,2152.13,1.1
TXN0004391,09-08-2022,ITM0213,OUT016,CUS00802,10,2445.88,4.5
TXN0007963,01-01-2023,ITM0199,OUT045,CUS01520,1,1890.16,3.8
TXN0008514,01-04-2018,ITM0203,OUT046,CUS00376,18,4750.42,4.2
TXN0006164,12-04-2021,ITM0101,OUT008,CUS00376,18,3439.94,1.5
TXN0009477,05-01-2021,ITM0018,OUT031,CUS00458,19,2453.02,4.8
TXN0006055,19-06-2020,ITM0455,OUT028,CUS00083,11,617.37,3.0
TXN0005413,30-01-2019,ITM0016,OUT012,CUS00163,14,,3.0
TXN0006319,28-08-2023,ITM0185,OUT004,CUS00558,8,,1.7
TXN0002517,26-04-2019,ITM0204,OUT040,CUS01484,18,1995.03,2.7
TXN0009547,01-09-2019,ITM0205,OUT024,CUS01662,2,2557.24,3.8
TXN0007830,11-02-2019,ITM0021,OUT014,CUS00732,1,1840.59,2.6
TXN0008018,10-01-2021,ITM0090,OUT043,CUS01464,9,2265.71,1.2
TXN0002045,10-03-2019,ITM0404,OUT007,CUS00784,2,3696.26,4.2
TXN0002049,28-08-2022,ITM0151,OUT010,CUS00522,3,4897.45,4.5
TXN0004083,11-07-2023,ITM0329,OUT038,CUS00340,19,2512.77,3.4
TXN0004310,24-12-2023,ITM0163,OUT017,CUS01408,8,4308.57,2.1
TXN0008925,30-05-2023,ITM0304,OUT002,CUS01977,19,4295.25,
TXN0003055,06-01-2020,ITM0343,OUT036,CUS01952,12,1392.42,3.2
TXN0008724,27-04-2020,ITM0442,OUT029,CUS01868,13,231.03,1.6
TXN0001908,31-03-2021,ITM0444,OUT047,CUS01537,13,1349.75,3.0
TXN0004522,21-03-2023,ITM0301,OUT038,CUS01095,16,3141.57,2.4
TXN0009539,17-08-2018,ITM0094,OUT027,CUS01294,15,3909.38,3.3
TXN0004638,03-03-2021,ITM0354,OUT048,CUS00164,4,356.95,4.9
TXN0006644,20-11-2019,ITM0043,OUT005,CUS00996,20,2033.15,2.9
TXN0001582,07-04-2020,ITM0349,OUT001,CUS00052,12,1422.33,4.3
TXN0005884,07-01-2019,ITM0411,OUT030,CUS01559,18,3187.01,2.8
TXN0010232,21-01-2018,ITM0141,OUT040,CUS00278,8,942.06,4.9
TXN0007768,16-05-2022,ITM0409,OUT020,CUS00631,4,2928.84,
TXN0008793,25-03-2021,ITM0079,OUT009,CUS01369,2,2787.12,2.6
TXN0007129,23-09-2019,ITM0335,OUT025,CUS01089,20,1043.26,3.0
TXN0002989,12-09-2022,ITM0158,OUT050,CUS00174,1,2582.02,2.8
TXN0003342,24-08-2022,ITM0499,OUT005,CUS01487,11,1425.05,4.4
TXN0006021,01-12-2022,ITM0267,OUT041,CUS00497,10,4488.19,1.3
TXN0000020,07-03-2020,ITM0458,OUT015,CUS00678,8,175.67,3.2
TXN0000680,25-11-2023,ITM0083,OUT030,CUS01894,13,4531.20,3.6
TXN0006790,19-09-2023,ITM0125,OUT007,CUS00219,1,2433.49,3.4
TXN0002830,24-04-2023,ITM0152,OUT028,CUS01434,11,1562.71,2.8
TXN0000112,28-08-2019,ITM0100,OUT030,CUS00007,4,1120.60,2.7
TXN0009960,01-01-2021,ITM0133,OUT018,CUS01187,11,3298.19,3.1
TXN0002434,27-08-2022,ITM0181,OUT013,CUS01760,11,4545.30,1.8
TXN0001455,04-06-2023,ITM0485,OUT032,CUS00122,9,418.28,2.7
TXN0005367,30-07-2019,ITM0389,OUT020,CUS00101,17,4254.55,1.7
TXN0001225,15-04-2020,ITM0009,OUT032,CUS01881,4,3538.61,4.8
TXN0004234,13-06-2023,ITM0015,OUT046,CUS01647,2,4217.63,3.7
TXN0002864,21-03-2021,ITM0489,OUT027,CUS00590,,1645.12,1.9
TXN0000250,17-09-2023,ITM0304,OUT021,CUS01627,7,4363.09,2.8
TXN0005649,13-07-2022,ITM0469,OUT004,CUS01336,5,973.67,2.1
TXN0007797,22-02-2023,ITM0211,OUT010,CUS00164,17,2427.35,3.5
TXN0006540,18-07-2021,ITM0413,OUT015,CUS00085,,3014.48,3.2
TXN0007201,19-01-2022,ITM0236,OUT004,CUS00946,16,3792.81,1.3
TXN0007450,14-03-2023,ITM0099,OUT011,CUS01441,18,4981.25,3.4
TXN0008937,10-09-2019,ITM0177,OUT022,CUS01523,12,1052.65,2.7
TXN0001661,26-02-2022,ITM0097,OUT012,CUS00270,9,1574.78,1.3
TXN0005853,22-10-2021,ITM0308,OUT033,CUS00879,2,,3.9
TXN0005310,22-10-2022,ITM0133,OUT010,CUS00654,8,112.85,4.5
TXN0006530,27-09-2020,ITM0385,OUT010,CUS01964,13,,1.5
TXN0003837,28-06-2019,ITM0436,OUT001,CUS00015,18,363.57,2.7
TXN0008058,12-02-2022,ITM0133,OUT007,CUS00497,6,2876.40,2.9
TXN0002470,,ITM0364,OUT038,CUS01560,17,,3.5
TXN0006395,25-08-2019,ITM0159,OUT034,CUS00538,3,3200.01,4.8
TXN0002188,30-01-2020,ITM0098,OUT041,CUS00026,12,2428.87,
TXN0002888,27-01-2018,ITM0453,OUT023,CUS01901,19,282.77,3.7
TXN0003450,11-11-2023,ITM0287,OUT039,CUS01625,17,4949.90,1.3
TXN0003346,04-09-2020,ITM0335,OUT006,CUS00540,19,2429.42,3.1
TXN0005323,13-03-2019,ITM0250,OUT002,CUS01616,12,1493.53,
TXN0005629,13-05-2018,ITM0395,OUT028,CUS01312,15,480.00,3.9
TXN0007716,26-06-2021,ITM0173,OUT031,CUS01369,20,780.53,4.9
TXN0007229,26-10-2021,ITM0343,OUT007,CUS01426,18,2147.05,2.8
TXN0006269,19-10-2023,ITM0188,OUT050,CUS01899,6,4797.90,3.0
TXN0007656,10-03-2023,ITM0354,OUT046,CUS01955,17,915.97,1.8
TXN0000543,16-01-2019,ITM0033,OUT009,CUS01792,1,581.14,3.1
TXN0003673,08-05-2023,ITM0342,OUT026,CUS01664,5,1046.74,3.9
TXN0005816,23-10-2022,ITM0265,OUT025,CUS00496,2,2604.56,3.5
TXN0007141,,ITM0300,OUT049,CUS01208,4,3323.04,2.1
TXN0007506,22-12-2018,ITM0476,OUT013,CUS01588,7,1867.56,3.4
TXN0005966,15-08-2018,ITM0412,OUT006,CUS01397,2,4212.57,4.8
TXN0002002,14-01-2019,ITM0456,OUT001,CUS01177,10,3590.75,4.6
TXN0002845,17-09-2021,ITM0387,OUT011,CUS00081,15,311.75,4.7
TXN0005843,08-06-2021,ITM0295,OUT022,CUS01512,3,1781.22,3.5
TXN0004456,17-03-2023,ITM0394,OUT013,CUS01039,,2084.10,2.1
TXN0008144,,ITM0271,OUT028,CUS01761,12,4012.57,3.9
TXN0000740,25-01-2023,ITM0229,OUT045,CUS01195,13,859.99,
TXN0002034,07-04-2021,ITM0033,OUT043,CUS00163,1,3105.42,1.3
TXN0001527,29-03-2018,ITM0149,OUT023,CUS00315,19,2008.41,3.1
TXN0003969,14-05-2023,ITM0007,OUT015,CUS01295,8,2569.03,3.1
TXN0010150,10-09-2021,ITM0063,OUT001,CUS01056,1,1161.72,2.8
TXN0007066,12-10-2019,ITM0265,OUT021,CUS01593,11,1988.37,1.1
TXN0005333,12-09-2023,ITM0211,OUT016,CUS01480,8,4010.72,3.8
TXN0000525,08-02-2022,ITM0261,OUT026,CUS01970,18,2270.50,3.7
TXN0001353,01-08-2021,ITM0257,OUT031,CUS01842,14,257.81,4.6
TXN0009890,29-12-2018,ITM0173,OUT039,CUS00376,8,1676.91,4.4
TXN0004843,20-08-2019,ITM0058,OUT013,CUS00432,5,1608.60,2.2
TXN0001915,01-04-2021,ITM0488,OUT032,CUS01131,20,1991.92,3.6
TXN0004285,23-02-2019,ITM0064,OUT010,CUS00019,20,52.09,3.5
TXN0001994,19-01-2022,ITM0162,OUT029,CUS00865,2,2037.38,1.6
TXN0009264,25-01-2021,ITM0184,OUT039,CUS01255,11,3660.75,4.6
TXN0010190,27-04-2023,ITM0273,OUT017,CUS01105,16,4107.21,4.9
TXN0001859,07-05-2023,ITM0228,OUT024,CUS00786,3,2422.03,1.6
TXN0003806,26-12-2022,ITM0222,OUT041,CUS00373,9,4932.67,4.2
TXN0010009,30-01-2021,ITM0277,OUT017,CUS00365,20,3899.39,1.7
TXN0001297,11-10-2020,ITM0136,OUT008,CUS00688,20,1099.87,1.8
TXN0000716,13-12-2018,ITM0055,OUT021,CUS00033,14,4434.13,3.3
TXN0005198,30-06-2022,ITM0156,OUT045,CUS01502,9,171.86,4.0
TXN0008867,21-05-2018,ITM0197,OUT049,CUS00245,3,3934.03,4.6
TXN0003140,04-04-2022,ITM0448,OUT026,CUS00869,15,828.12,3.9
TXN0009090,04-03-2023,ITM0131,OUT020,CUS00398,5,2840.31,2.1
TXN0000271,09-07-2020,ITM0497,OUT044,CUS00275,9,4615.52,3.4
TXN0005840,09-09-2022,ITM0200,OUT011,CUS01718,14,917.30,5.0
TXN0006501,11-09-2023,ITM0450,OUT016,CUS01259,4,2472.62,4.5
TXN0002114,02-03-2018,ITM0282,OUT035,CUS01477,16,793.24,1.8
TXN0002935,03-10-2019,ITM0437,OUT025,CUS00596,3,2340.59,2.0
TXN0010166,29-04-2022,ITM0081,OUT040,CUS01015,13,1937.78,3.6
TXN0007036,14-11-2023,ITM0438,OUT016,CUS00415,14,1289.97,2.6
TXN0007308,25-02-2020,ITM0466,OUT016,CUS00521,18,2239.96,4.4
TXN0002338,19-12-2019,ITM0485,OUT048,CUS01881,9,4909.41,1.1
TXN0005021,30-05-2023,ITM0274,OUT025,CUS01160,20,2781.93,2.7
TXN0003203,07-11-2020,ITM0015,OUT045,CUS01800,19,2872.51,1.3
TXN0009930,09-11-2022,ITM0156,OUT028,CUS00657,20,2047.95,2.7
TXN0004222,10-11-2021,ITM0364,OUT001,CUS01927,15,2397.22,2.3
TXN0005559,31-03-2020,ITM0132,OUT012,CUS00065,19,3283.83,2.5
TXN0002863,02-08-2019,ITM0191,OUT048,CUS01624,16,842.66,1.1
TXN0008397,03-08-2023,ITM0446,OUT003,CUS01512,10,1134.55,3.6
TXN0009546,02-09-2019,ITM0010,OUT001,CUS00396,13,1708.61,4.4
TXN0005767,06-12-2022,ITM0456,OUT013,CUS01117,8,,4.3
TXN0009967,30-11-2020,ITM0181,OUT008,CUS01358,1,2876.57,1.1
TXN0001121,28-11-2022,ITM0299,OUT038,CUS01388,9,154.75,2.0
TXN0006504,14-03-2022,ITM0264,OUT023,CUS00774,4,3078.58,4.2
TXN0007366,26-06-2021,ITM0279,OUT022,CUS00088,12,2248.14,
TXN0003414,13-03-2018,ITM0085,OUT037,CUS00443,8,2295.54,3.1
TXN0005523,17-09-2021,ITM0484,OUT018,CUS01541,,3227.64,
TXN0008386,16-09-2021,ITM0271,OUT027,CUS00335,18,4911.07,3.5
TXN0009142,16-10-2018,ITM0062,OUT013,CUS00047,12,3509.26,2.6
TXN0004601,,ITM0399,OUT037,CUS00846,12,28.41,4.4
TXN0000892,01-02-2023,ITM0115,OUT020,CUS00665,19,3822.18,
TXN0002136,14-06-2021,ITM0450,OUT030,CUS00116,1,3317.93,4.3
TXN0005062,05-07-2020,ITM0448,OUT040,CUS01911,7,2818.30,3.3
TXN0002856,25-11-2018,ITM0247,OUT006,CUS00566,12,3115.36,2.3
TXN0004722,17-03-2019,ITM0183,OUT028,CUS00515,11,217.14,
TXN0002349,30-05-2019,ITM0281,OUT048,CUS01565,17,4621.11,4.6
TXN0007916,24-02-2020,ITM0007,OUT027,CUS01337,1,316.02,4.5
TXN0003496,21-10-2018,ITM0127,OUT031,CUS00121,6,3614.12,2.4
TXN0002724,06-02-2019,ITM0110,OUT032,CUS00994,16,1126.81,3.0
TXN0009649,12-11-2020,ITM0186,OUT031,CUS00366,20,1679.35,1.7
TXN0002627,23-01-2020,ITM0434,OUT019,CUS00481,15,698.18,3.3
TXN0005608,13-01-2019,ITM0497,OUT029,CUS01853,20,247.42,1.9
TXN0008905,06-06-2019,ITM0345,OUT020,CUS00892,18,4540.31,5.0
TXN0002015,,ITM0210,OUT028,CUS01661,20,4209.06,4.9
TXN0009925,12-10-2021,ITM0263,OUT036,CUS01463,10,1303.62,2.3
TXN0005589,17-09-2018,ITM0315,OUT044,CUS01113,15,23.24,3.0
TXN0009821,20-04-2019,ITM0270,OUT009,CUS00743,18,2138.00,4.5
TXN0005354,25-07-2020,ITM0045,OUT008,CUS00544,1,1595.88,3.6
TXN0005583,25-02-2019,ITM0055,OUT039,CUS01516,4,2804.11,4.0
TXN0004581,03-01-2019,ITM0426,OUT012,CUS00752,19,1418.93,3.4
TXN0007590,02-10-2022,ITM0489,OUT048,CUS01229,16,3556.59,1.8
TXN0008817,29-03-2021,ITM0271,OUT047,CUS00353,14,3376.91,2.0
TXN0003817,23-08-2020,ITM0174,OUT001,CUS01731,1,1871.36,3.7
TXN0009077,08-01-2022,ITM0327,OUT031,CUS01193,15,1632.42,1.4
TXN0001731,10-02-2021,ITM0448,OUT015,CUS01738,5,,3.2
TXN0000482,26-12-2023,ITM0009,OUT001,CUS01434,3,4029.85,2.2
TXN0000544,12-08-2021,ITM0412,OUT024,CUS01029,2,1434.22,1.4
TXN0008562,07-02-2018,ITM0414,OUT026,CUS01847,14,2030.55,3.8
TXN0004175,29-03-2020,ITM0374,OUT025,CUS00555,14,363.46,3.2
TXN0002105,21-11-2018,ITM0332,OUT026,CUS00065,2,3533.11,1.6
TXN0006796,16-08-2018,ITM0174,OUT020,CUS00242,8,2155.98,1.2
TXN0002828,05-08-2021,ITM0087,OUT031,CUS00196,11,2192.10,1.4
TXN0004953,07-12-2021,ITM0475,OUT031,CUS00533,19,2589.80,4.1
TXN0007409,24-12-2020,ITM0034,OUT044,CUS01546,4,2886.15,1.8
TXN0010404,30-05-2022,ITM0090,OUT040,CUS00917,10,1538.66,2.7
TXN0005327,24-12-2023,ITM0008,OUT006,CUS01978,14,1698.17,4.9
TXN0006635,25-04-2019,ITM0482,OUT035,CUS00440,,509.95,1.1
TXN0010225,18-02-2023,ITM0090,OUT032,CUS00035,8,4267.20,2.8
TXN0010495,29-03-2022,ITM0232,OUT030,CUS00726,8,2650.93,5.0
TXN0005342,14-02-2022,ITM0480,OUT012,CUS00473,9,1389.85,1.5
TXN0002601,23-06-2022,ITM0203,OUT047,CUS01523,12,2748.95,4.7
TXN0010444,17-05-2019,ITM0385,OUT038,CUS01274,16,1981.86,1.4
TXN0004088,,ITM0462,OUT015,CUS01659,7,962.30,1.9
TXN0006640,14-04-2023,ITM0420,OUT006,CUS00556,12,3487.27,4.6
TXN0007393,03-09-2019,ITM0086,OUT036,CUS01825,1,2964.84,2.5
TXN0009973,20-10-2018,ITM0441,OUT025,CUS01281,10,2742.63,2.6
TXN0007217,01-07-2018,ITM0100,OUT030,CUS00139,4,3742.06,4.8
TXN0004586,20-07-2019,ITM0372,OUT032,CUS01357,17,3894.89,
TXN0001152,20-09-2022,ITM0278,OUT036,CUS01862,7,3910.80,1.7
TXN0005145,16-03-2018,ITM0429,OUT022,CUS00760,4,125.61,3.5
TXN0008575,07-08-2022,ITM0427,OUT016,CUS01814,11,2581.26,3.3
TXN0008803,29-04-2019,ITM0039,OUT047,CUS01416,3,2294.03,2.5
TXN0000312,12-11-2018,ITM0086,OUT036,CUS01083,15,1038.10,1.7
TXN0003229,24-08-2020,ITM0298,OUT046,CUS01394,3,3815.20,2.4
TXN0004705,10-08-2022,ITM0463,OUT002,CUS00923,14,985.02,3.9
TXN0002371,,ITM0037,OUT004,CUS01759,18,3932.02,4.6
TXN0003967,05-06-2019,ITM0137,OUT045,CUS00538,20,4090.26,4.3
TXN0008630,26-08-2021,ITM0042,OUT047,CUS00995,5,4666.27,1.9
TXN0008298,14-07-2023,ITM0353,OUT032,CUS00786,5,350.37,1.4
TXN0005206,14-08-2018,ITM0329,OUT043,CUS01697,17,1016.00,4.5
TXN0001864,19-04-2023,ITM0258,OUT012,CUS01496,4,1575.70,1.1
TXN0010206,,ITM0286,OUT044,CUS00998,18,2533.66,4.9
TXN0009215,17-02-2021,ITM0182,OUT037,CUS01013,6,149.35,
TXN0009518,06-01-2020,ITM0299,OUT040,CUS00938,18,1644.55,4.5
TXN0000357,03-01-2021,ITM0203,OUT029,CUS00156,8,3208.18,4.9
TXN0000700,30-03-2023,ITM0404,OUT023,CUS01366,1,2239.71,4.4
TXN0004701,01-01-2022,ITM0129,OUT021,CUS00542,,3796.22,2.2
TXN0001974,14-03-2019,ITM0403,OUT050,CUS01647,8,3126.73,2.2
TXN0006953,02-07-2021,ITM0284,OUT047,CUS00812,17,840.04,3.8
TXN0010226,,ITM0337,OUT027,CUS01224,15,1925.07,1.3
TXN0005590,18-03-2023,ITM0228,OUT044,CUS01474,,2732.54,2.4
TXN0002763,18-10-2018,ITM0317,OUT030,CUS00208,17,4801.81,4.0
TXN0001282,14-01-2020,ITM0222,OUT020,CUS00459,6,4889.26,4.2
TXN0007349,03-11-2023,ITM0219,OUT039,CUS01176,17,2615.77,4.7
TXN0002723,26-07-2021,ITM0476,OUT036,CUS00602,5,4324.30,1.1
TXN0003389,03-10-2018,ITM0127,OUT012,CUS01018,,3027.14,
TXN0008749,04-03-2020,ITM0140,OUT037,CUS01905,7,2585.23,
TXN0008696,27-06-2018,ITM0408,OUT042,CUS00141,5,1040.55,4.6
TXN0004442,07-08-2019,ITM0288,OUT014,CUS00014,9,1936.95,1.9
TXN0002835,18-02-2022,ITM0216,OUT025,CUS00751,14,3884.91,3.9
TXN0008423,13-04-2023,ITM0286,OUT047,CUS01989,19,,5.0
TXN0003758,20-06-2019,ITM0409,OUT028,CUS01759,17,1413.37,4.6
TXN0001904,,ITM0081,OUT031,CUS00148,5,3196.68,3.1
TXN0004254,04-07-2023,ITM0158,OUT011,CUS00893,14,2145.05,4.2
TXN0004780,29-11-2023,ITM0037,OUT015,CUS00957,2,4721.41,3.0
TXN0009479,15-11-2019,ITM0458,OUT023,CUS01434,5,1993.98,
TXN0008813,29-12-2023,ITM0457,OUT017,CUS00421,,3240.74,2.9
TXN0003470,04-02-2021,ITM0122,OUT014,CUS00138,6,3065.14,2.0
TXN0001722,29-07-2022,ITM0349,OUT034,CUS01688,18,4537.04,1.8
TXN0003804,27-07-2020,ITM0364,OUT011,CUS00395,15,1963.77,
TXN0006723,26-04-2018,ITM0486,OUT039,CUS01492,6,3919.78,1.2
TXN0003626,31-03-2022,ITM0269,OUT035,CUS00439,2,3347.89,1.3
TXN0002926,28-05-2023,ITM0299,OUT045,CUS01335,12,3215.34,1.4
TXN0008941,24-12-2020,ITM0274,OUT008,CUS01096,,3132.52,4.8
TXN0003483,11-02-2022,ITM0006,OUT019,CUS00449,9,3706.61,4.5
TXN0000510,14-11-2018,ITM0237,OUT033,CUS00136,12,4944.28,3.7
TXN0006153,10-11-2022,ITM0337,OUT016,CUS01408,10,558.63,
TXN0009929,,ITM0175,OUT010,CUS01594,5,2084.69,
TXN0007495,24-04-2021,ITM0270,OUT020,CUS01486,18,1853.21,2.6
TXN0005718,18-11-2018,ITM0371,OUT045,CUS00476,7,692.68,
TXN0010241,03-03-2019,ITM0167,OUT031,CUS01986,1,507.77,1.2
TXN0003849,23-12-2020,ITM0323,OUT046,CUS01957,13,858.96,2.2
TXN0000150,30-05-2019,ITM0076,OUT047,CUS01252,8,,2.7
TXN0008572,24-03-2018,ITM0349,OUT041,CUS00005,11,596.39,4.3
TXN0002646,20-04-2019,ITM0159,OUT013,CUS01912,12,4703.34,2.9
TXN0001468,06-06-2019,ITM0337,OUT020,CUS01982,2,3601.98,2.1
TXN0008576,04-12-2021,ITM0348,OUT030,CUS01018,6,1817.03,3.3
TXN0002870,03-10-2020,ITM0408,OUT026,CUS01070,19,2532.31,2.7
TXN0002812,28-05-2019,ITM0210,OUT016,CUS00348,8,,4.1
TXN0002822,14-05-2019,ITM0304,OUT037,CUS01653,8,2966.16,1.6
TXN0001294,,ITM0451,OUT025,CUS00448,6,2378.85,4.5
TXN0000413,23-01-2023,ITM0068,OUT049,CUS00602,8,2031.29,3.4
TXN0000242,07-09-2018,ITM0408,OUT034,CUS01017,7,4397.80,2.6
TXN0010089,03-08-2020,ITM0132,OUT007,CUS01426,20,3483.75,3.6
TXN0003622,25-08-2020,ITM0204,OUT001,CUS01551,18,3015.38,2.2
TXN0007462,25-08-2020,ITM0003,OUT006,CUS01120,2,4772.66,1.1
TXN0009241,23-11-2022,ITM0387,OUT033,CUS01116,9,2582.41,4.9
TXN0004837,10-02-2018,ITM0059,OUT013,CUS01879,16,3750.26,2.7
TXN0008358,15-04-2023,ITM0234,OUT046,CUS01367,8,4567.07,2.5
TXN0007065,23-05-2021,ITM0474,OUT047,CUS00515,1,3025.35,3.2
TXN0006959,06-03-2020,ITM0059,OUT045,CUS01697,10,747.86,3.5
TXN0009686,29-04-2021,ITM0482,OUT024,CUS00442,6,,2.3
TXN0008223,12-06-2020,ITM0086,OUT023,CUS00471,10,3947.59,4.8
TXN0001761,06-11-2019,ITM0052,OUT047,CUS01425,12,1298.69,
TXN0000133,28-10-2018,ITM0291,OUT042,CUS00930,,4704.60,4.6
TXN0001148,,ITM0254,OUT005,CUS00562,2,305.73,
TXN0008542,27-01-2018,ITM0339,OUT026,CUS00640,10,3107.89,2.2
TXN0006222,18-10-2020,ITM0057,OUT025,CUS01692,8,2444.31,4.6
TXN0010007,19-01-2020,ITM0133,OUT014,CUS01369,15,4887.51,2.9
TXN0002817,23-09-2021,ITM0030,OUT012,CUS01695,,2289.23,2.5
TXN0002430,06-03-2020,ITM0485,OUT034,CUS01750,8,4732.26,3.4
TXN0008132,16-08-2022,ITM0024,OUT027,CUS00280,15,1483.90,1.8
TXN0001448,16-02-2021,ITM0129,OUT002,CUS01932,14,4137.92,1.7
TXN0006346,21-04-2021,ITM0105,OUT029,CUS00188,12,,3.9
TXN0006076,26-06-2023,ITM0329,OUT022,CUS00860,12,2396.01,2.9
TXN0004651,10-12-2021,ITM0392,OUT007,CUS01015,16,1723.20,
TXN0001952,18-02-2018,ITM0384,OUT021,CUS00928,13,4732.93,2.9
TXN0007116,24-02-2018,ITM0187,OUT043,CUS01820,1,1199.62,3.0
TXN0005037,18-09-2018,ITM0403,OUT042,CUS00128,4,953.53,3.7
TXN0004960,07-02-2018,ITM0489,OUT008,CUS00250,20,4786.14,4.8
TXN0001126,10-04-2022,ITM0181,OUT032,CUS00698,19,1835.41,3.8
TXN0001445,01-11-2020,ITM0234,OUT047,CUS00458,9,1602.23,4.2
TXN0006294,30-12-2021,ITM0148,OUT003,CUS01552,11,4012.43,3.4
TXN0001039,19-09-2021,ITM0200,OUT001,CUS01126,19,2344.00,2.3
TXN0009017,15-02-2020,ITM0493,OUT039,CUS00016,,3027.42,4.6
TXN0003560,16-11-2021,ITM0480,OUT045,CUS00920,19,714.04,3.2
TXN0004052,12-06-2018,ITM0126,OUT029,CUS00306,18,300.40,1.4
TXN0007138,20-06-2022,ITM0229,OUT020,CUS01102,12,3838.53,4.4
TXN0006868,19-08-2020,ITM0333,OUT021,CUS01696,15,870.36,2.1
TXN0007254,26-06-2021,ITM0472,OUT016,CUS01979,7,1939.39,2.6
TXN0000697,05-04-2021,ITM0333,OUT017,CUS00616,8,1226.08,4.2
TXN0002007,03-02-2022,ITM0223,OUT038,CUS01017,1,826.77,3.6
TXN0002048,15-07-2022,ITM0420,OUT008,CUS00466,15,2473.49,3.8
TXN0006667,,ITM0138,OUT041,CUS01871,4,4171.10,3.9
TXN0008204,08-03-2021,ITM0275,OUT021,CUS01981,11,4477.02,2.0
TXN0003033,04-03-2023,ITM0391,OUT037,CUS01865,4,3679.90,2.6
TXN0010452,24-11-2019,ITM0197,OUT021,CUS01278,10,2074.89,
TXN0008847,,ITM0107,OUT036,CUS01888,5,4598.64,3.6
TXN0004720,19-08-2019,ITM0352,OUT024,CUS00721,17,4627.45,1.1
TXN0009952,25-02-2021,ITM0032,OUT048,CUS00994,1,3605.12,4.1
TXN0009759,12-01-2018,ITM0156,OUT009,CUS00643,8,119.23,3.5
TXN0006285,22-02-2018,ITM0145,OUT007,CUS00150,4,2306.28,3.2
TXN0001752,10-02-2020,ITM0131,OUT040,CUS01659,20,912.39,2.2
TXN0006129,27-02-2023,ITM0343,OUT005,CUS01527,8,980.72,2.2
TXN0001363,20-06-2018,ITM0268,OUT006,CUS01740,13,,4.1
TXN0004911,03-05-2023,ITM0377,OUT048,CUS01596,16,1556.48,4.9
TXN0010273,13-01-2023,ITM0030,OUT023,CUS01672,13,2863.99,4.3
TXN0004004,18-11-2020,ITM0054,OUT043,CUS01022,18,4016.32,2.5
TXN0004403,24-06-2019,ITM0462,OUT012,CUS00985,4,1591.55,4.5
TXN0000650,02-09-2021,ITM0304,OUT050,CUS01559,17,2204.26,4.8
TXN0007674,04-12-2019,ITM0134,OUT033,CUS01136,4,2869.40,1.5
TXN0003803,24-03-2019,ITM0228,OUT024,CUS01962,14,3183.60,4.0
TXN0008683,08-10-2020,ITM0392,OUT040,CUS01027,1,2776.26,4.8
TXN0000552,23-12-2019,ITM0436,OUT005,CUS00234,7,245.49,4.8
TXN0007119,28-08-2021,ITM0140,OUT020,CUS01828,8,624.62,3.4
TXN0006803,28-04-2019,ITM0497,OUT001,CUS01353,3,257.29,1.8
TXN0009299,29-01-2022,ITM0416,OUT045,CUS01344,1,4156.01,3.6
TXN0004507,19-11-2022,ITM0340,OUT047,CUS01684,18,362.83,4.8
TXN0009400,,ITM0281,OUT034,CUS00399,,1275.04,4.7
TXN0002498,17-06-2021,ITM0365,OUT004,CUS00908,17,1119.64,3.4
TXN0007726,20-04-2023,ITM0159,OUT050,CUS00692,9,2836.72,3.4
TXN0001604,02-09-2022,ITM0121,OUT020,CUS01833,1,3310.95,2.3
TXN0000376,24-08-2019,ITM0330,OUT040,CUS00531,10,4288.37,4.5
TXN0009435,26-09-2019,ITM0398,OUT045,CUS01518,4,3234.28,2.9
TXN0004513,21-03-2019,ITM0449,OUT023,CUS00145,14,,1.2
TXN0003576,26-10-2022,ITM0080,OUT049,CUS00695,18,3686.32,3.5
TXN0002775,21-07-2019,ITM0258,OUT029,CUS01020,4,2100.46,1.5
TXN0001809,25-09-2022,ITM0475,OUT007,CUS00163,2,3202.26,3.6
TXN0006513,18-05-2022,ITM0496,OUT019,CUS00107,9,3422.60,2.8
TXN0005950,01-07-2020,ITM0053,OUT045,CUS00174,4,2958.83,1.7
TXN0007078,18-10-2018,ITM0387,OUT019,CUS01303,3,2285.47,3.1
TXN0008316,02-10-2018,ITM0263,OUT022,CUS01296,6,3470.06,1.7
TXN0008770,23-11-2019,ITM0477,OUT033,CUS01197,17,971.39,2.6
TXN0008525,03-09-2021,ITM0382,OUT030,CUS00141,16,4700.79,3.9
TXN0007061,25-09-2023,ITM0130,OUT028,CUS01705,18,1105.73,2.9
TXN0002688,19-03-2023,ITM0090,OUT008,CUS00378,8,1657.90,1.1
TXN0006712,02-04-2020,ITM0175,OUT037,CUS01433,10,634.15,4.1
TXN0009050,31-08-2022,ITM0481,OUT023,CUS01115,9,662.41,1.0
TXN0000116,22-12-2018,ITM0079,OUT034,CUS01589,13,2476.94,1.8
TXN0009181,14-05-2021,ITM0042,OUT010,CUS00865,6,4762.22,1.4
TXN0008005,15-06-2018,ITM0163,OUT038,CUS00775,5,4741.23,1.4
TXN0005164,04-06-2023,ITM0418,OUT041,CUS00581,1,501.70,1.1
TXN0003408,23-03-2020,ITM0375,OUT040,CUS01885,10,2020.57,1.8
TXN0006942,11-07-2020,ITM0202,OUT038,CUS00839,20,4906.01,2.6
TXN0008134,15-10-2018,ITM0335,OUT018,CUS01130,20,655.38,3.8
TXN0006098,05-02-2022,ITM0428,OUT011,CUS01817,13,827.27,4.8
TXN0000876,02-11-2018,ITM0095,OUT029,CUS00347,18,1312.57,
TXN0006344,10-12-2023,ITM0398,OUT009,CUS01323,6,353.47,1.4
TXN0004451,09-03-2022,ITM0098,OUT026,CUS00295,9,2149.81,1.6
TXN0008371,17-04-2021,ITM0219,OUT018,CUS00538,14,979.36,2.4
TXN0001260,18-04-2020,ITM0117,OUT015,CUS01677,8,1075.53,1.4
TXN0001858,10-12-2020,ITM0164,OUT012,CUS00695,16,1327.09,1.3
TXN0007824,16-07-2020,ITM0330,OUT021,CUS00317,7,,
TXN0006831,25-05-2018,ITM0109,OUT013,CUS00824,1,422.28,1.2
TXN0002094,10-04-2018,ITM0329,OUT050,CUS00685,8,2660.71,1.8
TXN0007699,22-04-2023,ITM0250,OUT027,CUS01126,10,714.80,4.6
TXN0007408,13-09-2019,ITM0144,OUT029,CUS01150,18,3616.38,
TXN0010377,06-11-2020,ITM0431,OUT021,CUS01863,4,3532.88,4.0
TXN0004893,25-03-2023,ITM0145,OUT032,CUS01667,11,4827.27,3.4
TXN0001608,04-04-2021,ITM0291,OUT022,CUS00980,10,4670.74,2.1
TXN0005454,19-07-2018,ITM0147,OUT023,CUS00792,2,431.32,4.0
TXN0003231,01-04-2021,ITM0203,OUT050,CUS01269,10,1399.39,3.1
TXN0007650,,ITM0118,OUT008,CUS00533,19,4488.73,3.6
TXN0004741,22-01-2020,ITM0272,OUT034,CUS01308,,2177.17,2.2
TXN0010303,29-07-2019,ITM0007,OUT019,CUS01058,5,763.22,4.3
TXN0009687,,ITM0185,OUT011,CUS00295,6,1598.70,4.4
TXN0006181,23-06-2021,ITM0122,OUT033,CUS01205,11,3807.66,4.7
TXN0001842,09-03-2020,ITM0148,OUT005,CUS00737,16,2360.12,2.0
TXN0006321,25-05-2021,ITM0208,OUT003,CUS00568,11,3729.73,
TXN0001315,18-12-2023,ITM0155,OUT034,CUS01791,4,,4.7
TXN0007354,01-05-2023,ITM0004,OUT045,CUS00074,13,1307.95,3.8
TXN0009461,29-07-2022,ITM0258,OUT039,CUS01739,,426.75,2.3
TXN0009020,04-11-2022,ITM0218,OUT042,CUS01585,1,2084.02,2.8
TXN0002991,30-08-2023,ITM0114,OUT019,CUS01508,16,1681.59,1.8
TXN0007837,09-01-2022,ITM0315,OUT039,CUS00617,16,4909.56,1.3
TXN0007193,21-06-2022,ITM0348,OUT038,CUS01909,10,4836.01,4.9
TXN0010033,22-02-2019,ITM0096,OUT041,CUS00399,7,803.16,2.8
TXN0007246,22-03-2021,ITM0404,OUT013,CUS00356,1,4389.53,3.3
TXN0002982,28-01-2023,ITM0138,OUT037,CUS00236,9,,
TXN0001783,13-11-2022,ITM0221,OUT002,CUS00072,13,3282.44,3.4
TXN0000530,12-11-2018,ITM0051,OUT015,CUS01614,10,2572.97,3.6
TXN0001497,21-01-2018,ITM0091,OUT016,CUS00801,14,2942.63,1.2
TXN0001566,09-03-2018,ITM0095,OUT025,CUS00779,19,2651.59,3.5
TXN0000273,27-10-2022,ITM0131,OUT031,CUS01139,14,2707.06,3.9
TXN0007046,10-11-2019,ITM0222,OUT040,CUS01444,2,4537.34,1.5
TXN0004987,24-04-2019,ITM0126,OUT026,CUS00005,14,1056.08,1.5
TXN0006133,29-12-2019,ITM0001,OUT030,CUS01815,5,4545.70,2.1
TXN0002907,,ITM0367,OUT024,CUS01859,18,2075.52,2.3
TXN0000940,18-05-2020,ITM0356,OUT015,CUS00685,15,3699.32,3.8
TXN0006718,31-03-2019,ITM0430,OUT004,CUS01152,4,2571.12,1.8
TXN0007681,,ITM0177,OUT014,CUS00391,2,1850.74,3.3
TXN0006854,10-02-2018,ITM0033,OUT014,CUS01322,18,,4.6
TXN0003831,12-03-2023,ITM0369,OUT004,CUS01506,6,3264.35,4.3
TXN0001361,01-04-2018,ITM0458,OUT004,CUS01382,8,2098.41,2.4
TXN0004596,28-02-2023,ITM0024,OUT013,CUS00406,13,2566.58,3.7
TXN0006746,14-11-2018,ITM0283,OUT008,CUS01737,18,1600.63,3.0
TXN0005656,07-04-2020,ITM0032,OUT048,CUS01821,17,3638.94,3.4
TXN0002725,27-06-2019,ITM0060,OUT011,CUS00650,1,3744.54,2.4
TXN0007875,28-11-2018,ITM0361,OUT007,CUS01405,8,3772.75,2.2
TXN0003901,02-11-2018,ITM0453,OUT007,CUS01587,7,4109.90,3.6
TXN0001465,20-06-2021,ITM0387,OUT024,CUS01672,7,1331.24,2.8
TXN0000807,17-03-2022,ITM0106,OUT007,CUS01204,8,1658.16,2.4
TXN0000340,13-05-2018,ITM0096,OUT002,CUS01841,6,1880.24,1.0
TXN0000834,30-04-2023,ITM0351,OUT046,CUS00676,20,1680.27,1.3
TXN0006497,05-05-2018,ITM0027,OUT040,CUS00017,14,3918.24,3.9
TXN0005970,22-12-2021,ITM0232,OUT025,CUS00437,,1654.62,3.0
TXN0006494,22-04-2018,ITM0052,OUT047,CUS01082,7,2317.84,3.1
TXN0002487,01-06-2018,ITM0157,OUT029,CUS00804,7,3106.20,2.4
TXN0009420,26-05-2020,ITM0281,OUT010,CUS01110,17,3239.88,
TXN0007213,28-01-2018,ITM0218,OUT027,CUS01120,16,2491.67,1.7
TXN0004410,22-11-2021,ITM0454,OUT018,CUS00953,1,3261.65,4.3
TXN0001588,19-03-2020,ITM0164,OUT001,CUS01081,9,397.24,
TXN0007474,24-12-2023,ITM0290,OUT005,CUS01983,4,3931.27,4.4
TXN0001549,25-08-2021,ITM0201,OUT018,CUS00595,9,,2.0
TXN0007935,27-12-2023,ITM0236,OUT036,CUS01677,11,2963.80,1.3
TXN0004203,23-06-2021,ITM0306,OUT043,CUS01554,19,1230.04,4.4
TXN0009902,31-05-2022,ITM0243,OUT027,CUS01002,5,4723.76,3.4
TXN0009534,23-02-2018,ITM0172,OUT034,CUS01495,3,3091.70,4.2
TXN0005569,25-04-2018,ITM0489,OUT033,CUS01890,11,4461.97,1.6
TXN0005270,02-12-2022,ITM0268,OUT039,CUS00232,10,4689.63,
TXN0000391,08-12-2022,ITM0070,OUT012,CUS01506,6,,4.2
TXN0002018,11-03-2019,ITM0171,OUT002,CUS01751,16,2106.17,2.6
TXN0000397,28-12-2019,ITM0252,OUT008,CUS01151,5,3836.02,5.0
TXN0008750,28-06-2018,ITM0464,OUT035,CUS01195,3,97.98,3.4
TXN0002735,21-05-2023,ITM0464,OUT011,CUS00750,16,2518.61,2.9
TXN0008250,21-09-2019,ITM0175,OUT046,CUS01023,14,366.22,1.5
TXN0004347,10-02-2022,ITM0080,OUT027,CUS00496,1,4544.31,1.8
TXN0007719,11-08-2022,ITM0146,OUT039,CUS01130,,2375.06,1.5
TXN0005417,07-05-2021,ITM0350,OUT020,CUS01689,3,812.05,1.7
TXN0001797,20-12-2021,ITM0263,OUT041,CUS00198,,2482.23,2.6
TXN0003650,17-01-2023,ITM0367,OUT008,CUS00024,4,3971.55,2.1
TXN0003353,20-03-2022,ITM0025,OUT049,CUS01539,16,844.43,
TXN0000335,17-08-2019,ITM0488,OUT017,CUS01591,1,2376.58,4.6
TXN0007039,16-03-2022,ITM0325,OUT009,CUS01408,,4000.90,1.5
TXN0009883,20-11-2018,ITM0040,OUT042,CUS00916,17,1816.31,1.7
TXN0009369,24-07-2021,ITM0228,OUT020,CUS01104,18,1004.15,2.6
TXN0001386,08-04-2023,ITM0195,OUT017,CUS00873,19,3761.11,4.4
TXN0006063,25-09-2018,ITM0454,OUT031,CUS01119,15,2361.22,1.1
TXN0000255,09-09-2023,ITM0110,OUT026,CUS00582,16,2472.15,2.4
TXN0001653,26-11-2023,ITM0241,OUT049,CUS01000,20,1884.65,4.6
TXN0007907,03-08-2023,ITM0056,OUT018,CUS01909,10,929.33,2.7
TXN0009111,02-01-2019,ITM0374,OUT022,CUS00958,19,1951.99,2.4
TXN0003795,17-08-2019,ITM0241,OUT045,CUS01526,17,4362.15,3.5
TXN0003406,04-07-2018,ITM0025,OUT013,CUS00464,18,177.41,3.6
TXN0002315,15-02-2022,ITM0255,OUT024,CUS00788,12,3537.23,4.3
TXN0009956,23-08-2022,ITM0125,OUT033,CUS01344,20,3841.67,1.9
TXN0003681,28-03-2022,ITM0035,OUT011,CUS00504,,3724.16,2.4
TXN0000750,14-02-2021,ITM0055,OUT029,CUS01657,9,4995.96,4.6
TXN0005512,04-05-2022,ITM0253,OUT002,CUS00582,4,4051.82,2.6
TXN0004186,21-05-2019,ITM0274,OUT002,CUS00551,8,1234.40,1.8
TXN0009375,13-12-2021,ITM0383,OUT004,CUS01549,19,2614.56,5.0
TXN0001129,10-09-2018,ITM0202,OUT042,CUS00642,4,4712.60,4.9
TXN0009411,08-03-2022,ITM0385,OUT003,CUS00473,14,934.75,1.4
TXN0000053,16-08-2022,ITM0492,OUT040,CUS01625,17,1729.62,4.1
TXN0005321,10-07-2022,ITM0111,OUT022,CUS01269,6,20.39,4.5
TXN0008865,26-05-2022,ITM0466,OUT033,CUS01274,20,2373.63,1.0
TXN0009503,22-09-2020,ITM0328,OUT015,CUS01197,11,645.79,3.8
TXN0004866,01-12-2020,ITM0154,OUT027,CUS01420,6,4545.42,1.4
TXN0000726,11-08-2022,ITM0360,OUT031,CUS00503,13,1119.10,3.7
TXN0005088,18-02-2021,ITM0466,OUT042,CUS01467,19,2213.59,3.3
TXN0001715,,ITM0351,OUT036,CUS00706,9,2412.19,5.0
TXN0007164,06-01-2022,ITM0390,OUT040,CUS01303,9,1648.40,3.0
TXN0010306,02-07-2019,ITM0424,OUT006,CUS00919,7,4036.90,2.5
TXN0006451,,ITM0384,OUT012,CUS01798,19,3752.26,2.8
TXN0009507,15-07-2018,ITM0108,OUT028,CUS01158,10,4882.84,3.2
TXN0000245,30-04-2022,ITM0195,OUT019,CUS00505,13,4103.85,2.4
TXN0005511,16-02-2023,ITM0147,OUT041,CUS00095,20,3578.22,4.2
TXN0005690,,ITM0465,OUT033,CUS01444,3,4477.84,4.8
TXN0007953,14-01-2021,ITM0038,OUT023,CUS01325,18,,2.2
TXN0007529,22-05-2020,ITM0225,OUT029,CUS01617,8,1683.75,3.4
TXN0004681,02-04-2018,ITM0178,OUT020,CUS00087,12,904.28,2.8
TXN0005982,16-03-2023,ITM0124,OUT040,CUS00989,16,1234.38,3.8
TXN0005408,21-11-2019,ITM0470,OUT046,CUS00164,2,1044.71,1.4
TXN0006619,06-03-2022,ITM0038,OUT016,CUS01430,2,2182.02,4.8
TXN0004147,29-10-2020,ITM0479,OUT039,CUS00968,18,4622.61,1.8
TXN0009746,22-01-2022,ITM0225,OUT017,CUS01032,8,2422.88,
TXN0005672,24-12-2020,ITM0011,OUT016,CUS00526,18,3139.02,3.3
TXN0004419,24-08-2018,ITM0020,OUT036,CUS01107,18,3358.28,2.3
TXN0008227,21-05-2021,ITM0010,OUT021,CUS00480,1,894.33,3.6
TXN0002628,06-01-2021,ITM0062,OUT032,CUS00959,16,993.54,1.4
TXN0007096,26-05-2020,ITM0067,OUT043,CUS00168,9,4440.07,2.1
TXN0007513,,ITM0351,OUT038,CUS01690,5,4048.36,2.5
TXN0009665,08-08-2018,ITM0062,OUT008,CUS00949,5,1943.91,3.1
TXN0006236,28-03-2022,ITM0093,OUT033,CUS00763,17,1234.43,3.5
TXN0005588,14-05-2019,ITM0132,OUT024,CUS01455,4,497.16,2.4
TXN0002616,31-05-2019,ITM0110,OUT010,CUS01541,,3057.61,2.6
TXN0003710,26-04-2022,ITM0038,OUT040,CUS00124,1,1127.72,1.8
TXN0008658,13-12-2021,ITM0049,OUT013,CUS00399,6,282.77,4.2
TXN0004709,21-06-2019,ITM0302,OUT014,CUS01472,19,3810.90,4.6
TXN0009632,02-09-2022,ITM0133,OUT036,CUS01433,19,794.23,2.0
TXN0007564,10-05-2023,ITM0143,OUT001,CUS01002,17,4937.17,4.8
TXN0003232,07-09-2021,ITM0132,OUT009,CUS00778,2,411.08,2.9
TXN0010244,22-05-2020,ITM0267,OUT014,CUS01476,10,1331.12,4.8
TXN0008300,09-11-2023,ITM0368,OUT002,CUS00770,15,4403.06,4.6
TXN0005403,08-05-2022,ITM0254,OUT030,CUS00351,13,3803.48,1.4
TXN0009524,26-10-2021,ITM0053,OUT011,CUS01147,,2070.48,3.4
TXN0007404,23-08-2023,ITM0022,OUT004,CUS00596,13,4234.95,4.2
TXN0001680,14-11-2019,ITM0363,OUT037,CUS01365,1,4794.45,4.4
TXN0008721,11-06-2023,ITM0195,OUT017,CUS00542,3,4465.76,2.1
TXN0007123,26-12-2021,ITM0123,OUT038,CUS01616,19,392.83,3.6
TXN0001707,26-12-2021,ITM0439,OUT021,CUS00286,14,2222.58,4.8
TXN0001456,,ITM0125,OUT011,CUS00669,15,2355.39,3.0
TXN0000199,09-05-2021,ITM0201,OUT025,CUS00755,13,1756.22,5.0
TXN0002816,19-11-2021,ITM0440,OUT016,CUS01446,14,4340.41,1.8
TXN0010087,23-11-2019,ITM0186,OUT008,CUS01211,3,728.39,2.9
TXN0004517,16-07-2021,ITM0113,OUT014,CUS01875,16,3983.53,2.5
TXN0008291,27-07-2018,ITM0052,OUT025,CUS01614,4,,
TXN0006233,25-10-2023,ITM0479,OUT015,CUS01768,7,2725.69,4.8
TXN0002335,26-05-2020,ITM0435,OUT003,CUS00005,1,976.05,4.3
TXN0008641,09-06-2020,ITM0089,OUT012,CUS00154,4,2132.00,2.0
TXN0002893,21-08-2023,ITM0427,OUT034,CUS00298,3,3244.16,3.7
TXN0000597,25-09-2021,ITM0241,OUT036,CUS00840,15,4359.22,4.6
TXN0004792,03-10-2019,ITM0396,OUT028,CUS00341,9,1047.06,4.6
TXN0003287,06-02-2023,ITM0298,OUT034,CUS00905,16,2442.68,2.9
TXN0002133,09-03-2021,ITM0115,OUT013,CUS01969,7,2237.20,4.8
TXN0005955,10-01-2022,ITM0129,OUT011,CUS00614,13,756.75,3.7
TXN0008921,16-04-2019,ITM0219,OUT043,CUS00147,8,929.42,2.6
TXN0004811,,ITM0233,OUT023,CUS00587,5,2267.26,3.8
TXN0001999,20-03-2022,ITM0330,OUT033,CUS01244,6,507.20,3.4
TXN0001662,02-11-2018,ITM0364,OUT028,CUS01851,19,2558.69,3.4
TXN0001638,28-07-2022,ITM0196,OUT023,CUS01236,7,390.39,1.8
TXN0007635,09-11-2021,ITM0358,OUT027,CUS00561,6,1658.29,4.2
TXN0005093,23-09-2022,ITM0328,OUT032,CUS01986,16,,2.2
TXN0002153,07-04-2023,ITM0291,OUT040,CUS00794,2,2220.89,3.3
TXN0008571,05-09-2018,ITM0085,OUT026,CUS01240,14,3589.53,1.0
TXN0003882,10-12-2023,ITM0299,OUT012,CUS01406,,3614.38,2.1
TXN0004465,31-03-2018,ITM0488,OUT043,CUS01640,10,235.99,3.0
TXN0009339,01-07-2023,ITM0102,OUT005,CUS00762,7,312.86,1.1
TXN0000148,09-01-2021,ITM0089,OUT008,CUS01763,16,507.80,4.0
TXN0005084,,ITM0382,OUT019,CUS00459,4,2999.17,1.1
TXN0004318,28-01-2023,ITM0328,OUT002,CUS00304,20,2103.70,3.3
TXN0006989,31-05-2022,ITM0172,OUT031,CUS01468,12,3822.71,1.8
TXN0003818,23-07-2018,ITM0328,OUT012,CUS01394,11,2141.93,4.9
TXN0001337,11-11-2022,ITM0326,OUT029,CUS01063,6,1222.54,3.7
TXN0002174,11-03-2023,ITM0129,OUT045,CUS00297,4,1604.89,4.9
TXN0002915,11-06-2020,ITM0043,OUT041,CUS00409,3,3564.53,4.0
TXN0003713,18-01-2019,ITM0364,OUT040,CUS00525,2,2425.48,4.6
TXN0001829,,ITM0432,OUT017,CUS00808,13,,3.6
TXN0003620,29-01-2019,ITM0360,OUT011,CUS00343,5,2037.79,1.4
TXN0006827,02-04-2022,ITM0440,OUT030,CUS01181,9,1261.79,4.3
TXN0000909,24-05-2021,ITM0327,OUT029,CUS01115,,4853.41,4.4
TXN0006042,22-03-2019,ITM0277,OUT031,CUS01384,16,98.49,3.2
TXN0009167,25-09-2018,ITM0118,OUT016,CUS01717,7,,3.6
TXN0007809,26-02-2021,ITM0090,OUT001,CUS01128,4,3239.91,1.7
TXN0000582,01-04-2019,ITM0146,OUT004,CUS00156,8,3291.53,1.7
TXN0006737,26-07-2023,ITM0464,OUT006,CUS01157,8,4395.29,3.9
TXN0010270,,ITM0025,OUT012,CUS00307,3,650.83,3.2
TXN0002531,29-07-2019,ITM0323,OUT022,CUS00103,14,3784.17,2.1
TXN0005652,27-04-2022,ITM0465,OUT049,CUS01684,3,228.03,4.0
TXN0009868,29-10-2018,ITM0278,OUT014,CUS01252,5,508.05,1.2
TXN0010388,08-04-2018,ITM0056,OUT008,CUS01803,12,1854.58,2.8
TXN0008063,27-08-2019,ITM0380,OUT009,CUS01466,1,1011.26,2.8
TXN0000893,07-02-2023,ITM0117,OUT015,CUS00363,9,3384.85,3.6
TXN0003786,14-01-2018,ITM0123,OUT033,CUS00873,18,2247.31,2.3
TXN0002883,13-11-2021,ITM0196,OUT019,CUS01267,19,3606.97,2.1
TXN0005800,11-01-2022,ITM0228,OUT050,CUS00505,4,4676.83,1.5
TXN0007043,07-07-2022,ITM0129,OUT050,CUS00472,11,3825.22,3.2
TXN0001217,04-07-2018,ITM0411,OUT004,CUS00435,16,1055.79,
TXN0009365,10-08-2020,ITM0072,OUT004,CUS01068,4,,1.1
TXN0002008,25-12-2021,ITM0376,OUT014,CUS01632,19,2108.10,1.1
TXN0006551,19-07-2020,ITM0380,OUT004,CUS01645,14,2287.96,3.0
TXN0004573,24-01-2020,ITM0122,OUT025,CUS00080,10,,1.7
TXN0006545,05-09-2018,ITM0188,OUT030,CUS00118,5,1518.03,2.6
TXN0001020,17-10-2020,ITM0287,OUT009,CUS01048,15,170.05,4.9
TXN0003026,27-11-2023,ITM0486,OUT027,CUS00374,12,3842.46,3.0
TXN0007687,24-09-2020,ITM0305,OUT003,CUS00990,6,3361.41,4.6
TXN0000243,05-07-2022,ITM0108,OUT023,CUS00496,20,707.91,3.0
TXN0009175,27-08-2022,ITM0245,OUT023,CUS00465,18,3598.25,2.9
TXN0006816,25-04-2020,ITM0312,OUT035,CUS01862,12,2879.07,3.7
TXN0007696,10-04-2019,ITM0089,OUT028,CUS01431,15,4689.57,2.1
TXN0004584,02-05-2018,ITM0494,OUT028,CUS00037,2,1783.93,3.6
TXN0004976,21-04-2021,ITM0274,OUT035,CUS01766,6,1297.70,2.4
TXN0005340,15-09-2019,ITM0331,OUT007,CUS00982,18,1752.66,2.2
TXN0004237,27-01-2021,ITM0057,OUT048,CUS00766,13,1605.41,1.9
TXN0003825,25-03-2018,ITM0098,OUT048,CUS00300,10,1374.35,4.3
TXN0001690,22-12-2023,ITM0274,OUT008,CUS00120,6,2480.82,4.0
TXN0009694,30-11-2019,ITM0120,OUT014,CUS00967,6,3795.37,2.5
TXN0004034,30-03-2019,ITM0383,OUT024,CUS01809,14,3621.22,1.4
TXN0005208,25-09-2018,ITM0051,OUT046,CUS01113,11,1041.16,1.1
TXN0001045,01-10-2023,ITM0125,OUT004,CUS01458,,3263.29,1.9
TXN0000191,08-01-2018,ITM0290,OUT050,CUS01253,2,4677.23,4.4
TXN0006480,22-01-2018,ITM0433,OUT033,CUS00361,7,4850.23,4.3
TXN0005795,02-02-2023,ITM0014,OUT026,CUS01675,15,3368.76,2.6
TXN0008007,06-09-2023,ITM0153,OUT022,CUS00114,12,134.86,
TXN0006662,21-03-2019,ITM0378,OUT003,CUS01518,14,4698.16,3.9
TXN0006309,31-01-2021,ITM0132,OUT002,CUS00235,18,627.70,3.3
TXN0007646,09-12-2021,ITM0110,OUT007,CUS00333,1,,3.8
TXN0003190,15-09-2021,ITM0286,OUT003,CUS01828,7,4294.98,2.4
TXN0004229,01-03-2021,ITM0454,OUT043,CUS00506,19,980.87,4.9
TXN0008838,18-11-2022,ITM0338,OUT025,CUS00833,1,966.53,2.3
TXN0008241,30-04-2018,ITM0327,OUT011,CUS00467,14,2308.71,1.1
TXN0007911,21-03-2018,ITM0250,OUT001,CUS00449,11,481.39,3.3
TXN0003153,19-04-2022,ITM0201,OUT009,CUS00651,19,4295.53,1.6
TXN0000950,,ITM0079,OUT004,CUS00644,20,1194.86,2.7
TXN0009728,19-04-2021,ITM0098,OUT029,CUS01520,13,1220.34,4.7
TXN0007730,21-05-2019,ITM0392,OUT037,CUS00212,7,4636.23,3.4
TXN0004606,27-12-2021,ITM0222,OUT001,CUS00892,6,,2.4
TXN0000943,22-02-2023,ITM0421,OUT009,CUS00669,4,794.84,4.7
TXN0000743,28-12-2021,ITM0222,OUT005,CUS01009,7,2588.75,1.4
TXN0002935,03-10-2019,ITM0437,OUT025,CUS00596,3,2340.59,2.0
TXN0006983,21-11-2023,ITM0498,OUT037,CUS00105,,1264.33,1.6
TXN0007517,03-07-2021,ITM0013,OUT035,CUS00509,1,,4.8
TXN0001983,04-02-2019,ITM0024,OUT031,CUS00295,4,4055.64,2.1
TXN0003136,08-10-2018,ITM0178,OUT048,CUS00578,8,4164.35,1.5
TXN0003354,02-07-2018,ITM0467,OUT025,CUS00544,19,586.73,1.1
TXN0001115,30-05-2018,ITM0065,OUT050,CUS00947,8,289.11,3.8
TXN0008816,25-01-2022,ITM0165,OUT021,CUS01810,18,703.88,3.4
TXN0000599,13-04-2018,ITM0339,OUT040,CUS01486,15,3371.71,1.5
TXN0009209,19-04-2021,ITM0499,OUT048,CUS00237,17,4674.05,3.7
TXN0000883,06-08-2018,ITM0297,OUT026,CUS00952,1,625.68,1.4
TXN0007566,10-11-2018,ITM0358,OUT037,CUS01631,14,4455.11,4.3
TXN0010254,21-07-2023,ITM0169,OUT009,CUS00051,20,1523.35,2.9
TXN0000952,01-09-2023,ITM0376,OUT007,CUS01740,2,219.74,1.3
TXN0004270,23-04-2019,ITM0141,OUT006,CUS00350,6,3463.12,2.5
TXN0005450,07-04-2023,ITM0132,OUT018,CUS00124,11,4874.85,3.2
TXN0006730,14-12-2019,ITM0411,OUT048,CUS01116,10,3548.50,4.8
TXN0004738,15-07-2023,ITM0162,OUT018,CUS00189,15,4459.89,1.9
TXN0009531,21-09-2023,ITM0297,OUT013,CUS00234,8,1624.88,3.7
TXN0006682,09-11-2018,ITM0143,OUT011,CUS00137,14,2482.76,3.8
TXN0007377,19-11-2023,ITM0080,OUT047,CUS00347,3,2562.04,2.5
TXN0007236,16-04-2020,ITM0432,OUT021,CUS00745,,4746.22,3.6
TXN0006437,17-02-2021,ITM0064,OUT039,CUS00534,15,,1.3
TXN0007784,11-10-2018,ITM0232,OUT002,CUS01318,18,2910.47,4.8
TXN0009131,29-12-2018,ITM0323,OUT004,CUS00576,16,887.44,3.7
TXN0009844,11-02-2020,ITM0171,OUT013,CUS00713,18,4248.74,4.5
TXN0001028,15-04-2023,ITM0033,OUT002,CUS00798,4,3637.15,1.0
TXN0002087,01-12-2023,ITM0199,OUT001,CUS00029,13,4673.18,1.3
TXN0000275,03-08-2020,ITM0434,OUT037,CUS00268,3,2197.23,
TXN0008137,05-06-2023,ITM0112,OUT012,CUS01819,6,2976.71,1.4
TXN0002115,15-07-2023,ITM0166,OUT011,CUS01971,17,4615.96,
TXN0002359,05-04-2018,ITM0215,OUT020,CUS01096,15,1778.69,3.8
TXN0003253,27-06-2022,ITM0160,OUT047,CUS00401,2,3165.82,3.9
TXN0008374,09-12-2022,ITM0263,OUT026,CUS00632,5,3408.67,4.5
TXN0009102,09-02-2019,ITM0157,OUT007,CUS00831,4,3761.71,1.1
TXN0002537,18-03-2019,ITM0067,OUT037,CUS00168,16,607.39,3.5
TXN0007601,15-02-2022,ITM0441,OUT034,CUS01849,15,3216.38,2.6
TXN0010262,01-05-2018,ITM0006,OUT039,CUS00144,12,616.03,1.5
TXN0007738,05-04-2018,ITM0152,OUT045,CUS01489,3,4550.31,
TXN0001174,17-06-2019,ITM0346,OUT034,CUS01619,20,4418.82,4.5
TXN0005705,13-04-2020,ITM0449,OUT032,CUS00229,6,4873.59,
TXN0005667,13-07-2021,ITM0442,OUT035,CUS00131,12,4570.19,4.0
TXN0005631,03-02-2023,ITM0268,OUT050,CUS00052,16,2708.21,3.7
TXN0008482,19-09-2022,ITM0130,OUT006,CUS00425,3,823.25,4.0
TXN0010435,16-11-2018,ITM0252,OUT033,CUS01366,5,2860.35,4.9
TXN0007476,27-05-2019,ITM0363,OUT038,CUS01206,15,2524.89,4.8
TXN0006044,05-06-2022,ITM0239,OUT049,CUS01598,12,4509.67,2.8
TXN0006028,25-02-2022,ITM0105,OUT041,CUS01261,11,3454.40,1.6
TXN0001431,06-07-2023,ITM0432,OUT033,CUS01612,15,1194.38,2.0
TXN0009416,17-05-2018,ITM0404,OUT031,CUS01614,16,280.10,4.2
TXN0008538,05-03-2019,ITM0249,OUT049,CUS00518,9,2948.55,1.6
TXN0001012,,ITM0132,OUT002,CUS01240,,2541.41,4.1
TXN0000462,17-12-2022,ITM0416,OUT021,CUS01423,15,,3.9
TXN0005047,06-03-2022,ITM0448,OUT009,CUS01740,19,824.52,1.7
TXN0004164,26-05-2019,ITM0492,OUT037,CUS00055,8,149.90,3.0
TXN0005462,24-07-2020,ITM0492,OUT026,CUS01831,2,1395.75,3.8
TXN0004595,22-06-2023,ITM0334,OUT013,CUS01494,8,2101.84,1.8
TXN0007392,,ITM0273,OUT011,CUS00206,3,4558.87,2.7
TXN0009922,08-03-2023,ITM0360,OUT036,CUS01736,8,3111.27,2.3
TXN0010161,09-05-2020,ITM0292,OUT023,CUS00990,,1888.28,3.3
TXN0005845,27-01-2018,ITM0478,OUT031,CUS01906,2,4319.49,4.3
TXN0009279,21-06-2019,ITM0445,OUT010,CUS00544,11,4395.07,5.0
TXN0009408,21-07-2022,ITM0118,OUT007,CUS01727,11,929.49,2.8
TXN0001725,29-04-2020,ITM0256,OUT019,CUS01170,3,3507.98,4.3
TXN0004637,11-06-2022,ITM0446,OUT009,CUS00640,6,1464.38,4.5
TXN0010063,09-02-2019,ITM0204,OUT045,CUS01958,4,2372.58,4.7
TXN0001541,08-04-2020,ITM0169,OUT045,CUS01413,8,439.33,1.4
TXN0008551,12-01-2020,ITM0264,OUT035,CUS00947,12,3227.87,
TXN0007162,14-02-2018,ITM0025,OUT002,CUS01544,3,4555.20,1.9
TXN0005086,01-06-2020,ITM0397,OUT023,CUS01024,10,,2.5
TXN0008039,15-10-2020,ITM0127,OUT016,CUS00279,16,849.73,1.2
TXN0000348,,ITM0440,OUT035,CUS00891,10,2944.68,2.5
TXN0009066,15-10-2023,ITM0341,OUT015,CUS01176,19,4179.45,
TXN0008834,23-05-2023,ITM0308,OUT006,CUS00575,3,791.61,1.6
TXN0008329,23-03-2021,ITM0018,OUT012,CUS01208,5,3506.84,3.5
TXN0004014,19-03-2023,ITM0286,OUT015,CUS01406,9,2562.11,3.1
TXN0002449,10-09-2018,ITM0016,OUT019,CUS01165,20,2202.21,4.4
TXN0006688,28-05-2018,ITM0292,OUT040,CUS00128,2,,4.2
TXN0008799,,ITM0431,OUT024,CUS01082,8,3170.52,1.7
TXN0000509,23-02-2021,ITM0255,OUT021,CUS00643,7,4051.50,2.0
TXN0000809,10-12-2019,ITM0391,OUT004,CUS01722,19,1565.67,2.5
TXN0006471,29-06-2018,ITM0138,OUT039,CUS00562,18,,2.7
TXN0010102,16-02-2021,ITM0374,OUT047,CUS01755,15,3112.23,
TXN0009767,07-06-2018,ITM0096,OUT026,CUS00713,5,3367.74,
TXN0007321,13-06-2022,ITM0126,OUT036,CUS01860,12,,2.4
TXN0006603,09-11-2021,ITM0175,OUT021,CUS01315,17,4644.67,3.8
TXN0004912,04-01-2019,ITM0424,OUT029,CUS01243,5,4693.21,4.9
TXN0010050,19-05-2022,ITM0469,OUT005,CUS00351,17,289.11,3.1
TXN0006642,20-10-2018,ITM0232,OUT037,CUS01122,18,3688.37,2.6
TXN0006940,02-04-2018,ITM0476,OUT030,CUS00867,19,,2.0
TXN0007080,18-11-2018,ITM0309,OUT034,CUS00669,13,3905.64,1.1
TXN0004405,01-04-2023,ITM0403,OUT032,CUS01039,,560.01,3.2
TXN0004882,13-11-2021,ITM0356,OUT047,CUS01508,18,343.14,2.8
TXN0006327,11-07-2020,ITM0096,OUT024,CUS01564,2,3766.59,3.9
TXN0000259,19-01-2021,ITM0031,OUT040,CUS00989,20,507.53,4.1
TXN0006041,,ITM0324,OUT019,CUS01020,15,,2.2
TXN0007857,11-02-2020,ITM0016,OUT050,CUS01758,17,2633.52,2.8
TXN0000835,23-08-2023,ITM0362,OUT041,CUS00597,17,3503.10,4.9
TXN0002872,18-10-2020,ITM0500,OUT032,CUS00477,12,1669.78,3.8
TXN0007149,07-07-2021,ITM0488,OUT037,CUS01483,18,69.04,1.3
TXN0008677,30-03-2023,ITM0398,OUT022,CUS01108,,1658.12,1.9
TXN0008348,26-04-2019,ITM0377,OUT024,CUS00676,5,2528.47,4.0
TXN0006592,16-05-2023,ITM0102,OUT040,CUS00059,4,3460.64,4.4
TXN0001975,19-03-2020,ITM0115,OUT014,CUS00913,2,2226.87,4.0
TXN0007812,01-11-2020,ITM0174,OUT017,CUS00454,5,3804.46,1.2
TXN0002258,28-11-2022,ITM0281,OUT029,CUS00630,17,534.91,3.2
TXN0009921,02-12-2023,ITM0084,OUT037,CUS00962,12,1694.98,2.8
TXN0007550,27-05-2019,ITM0347,OUT010,CUS00439,11,3745.85,3.4
TXN0000784,,ITM0111,OUT025,CUS00671,14,4533.69,3.1
TXN0002233,22-04-2019,ITM0060,OUT050,CUS01417,11,4449.24,2.9
TXN0005822,17-09-2019,ITM0353,OUT045,CUS01282,14,2892.43,3.6
TXN0005648,18-07-2021,ITM0247,OUT036,CUS00177,16,2138.25,1.1
TXN0010449,14-04-2022,ITM0439,OUT011,CUS00418,19,63.25,4.7
TXN0007489,31-12-2021,ITM0280,OUT010,CUS01628,2,3826.16,4.5
TXN0004107,10-12-2018,ITM0213,OUT032,CUS01999,3,3226.24,4.8
TXN0006614,29-06-2020,ITM0110,OUT037,CUS01253,15,1010.11,4.3
TXN0000387,16-11-2020,ITM0415,OUT005,CUS00754,10,4481.53,2.6
TXN0000326,26-09-2019,ITM0197,OUT002,CUS00315,10,1888.14,4.2
TXN0001718,12-09-2020,ITM0033,OUT035,CUS01256,6,3429.16,3.0
TXN0005896,26-02-2019,ITM0345,OUT011,CUS01195,,1058.70,2.1
TXN0003439,24-08-2019,ITM0198,OUT048,CUS01543,7,206.16,2.5
TXN0003196,03-01-2022,ITM0376,OUT046,CUS00681,9,3566.85,2.5
TXN0006196,30-09-2023,ITM0408,OUT017,CUS01607,4,4223.56,1.8
TXN0006779,10-08-2022,ITM0090,OUT005,CUS00203,7,3189.44,
TXN0002914,11-04-2022,ITM0198,OUT011,CUS01124,17,2150.91,1.4
TXN0003787,19-03-2022,ITM0003,OUT031,CUS01663,,450.22,3.1
TXN0000313,15-01-2018,ITM0055,OUT028,CUS00057,18,2363.65,3.9
TXN0002630,04-10-2023,ITM0233,OUT021,CUS00207,2,472.30,4.7
TXN0006433,21-02-2019,ITM0171,OUT008,CUS00542,13,4213.02,3.8
TXN0004208,08-09-2019,ITM0330,OUT004,CUS01360,11,380.15,1.1
TXN0000756,10-02-2020,ITM0494,OUT040,CUS00964,7,1649.82,
TXN0000568,29-04-2021,ITM0413,OUT038,CUS01292,,1728.92,2.8
TXN0008792,31-05-2020,ITM0017,OUT025,CUS01706,1,3801.18,2.6
TXN0010052,07-02-2018,ITM0310,OUT027,CUS01436,,,4.1
TXN0008009,02-04-2021,ITM0456,OUT019,CUS00654,3,2381.52,2.9
TXN0003403,14-09-2022,ITM0171,OUT050,CUS00453,,2605.80,4.8
TXN0002118,22-11-2023,ITM0439,OUT031,CUS01932,15,2148.65,3.9
TXN0002929,,ITM0012,OUT043,CUS00015,13,,2.5
TXN0008530,07-09-2018,ITM0062,OUT036,CUS01720,9,1539.61,3.8
TXN0007913,27-03-2019,ITM0044,OUT024,CUS01915,2,3640.21,5.0
TXN0000338,23-12-2019,ITM0334,OUT032,CUS00873,20,885.45,4.0
TXN0007298,23-08-2023,ITM0092,OUT021,CUS00769,8,2611.40,2.2
TXN0009133,30-03-2021,ITM0347,OUT041,CUS00620,,2855.29,1.5
TXN0000561,10-09-2019,ITM0487,OUT013,CUS01526,18,1496.07,2.8
TXN0008511,20-11-2021,ITM0394,OUT018,CUS01020,1,1288.31,3.0
TXN0004468,16-02-2020,ITM0206,OUT016,CUS00204,18,1642.79,2.4
TXN0007648,09-12-2018,ITM0040,OUT028,CUS01853,6,3572.78,
TXN0000613,11-08-2023,ITM0025,OUT007,CUS01181,8,235.34,1.6
TXN0000822,12-12-2019,ITM0135,OUT029,CUS01956,13,3958.56,4.1
TXN0001169,21-05-2020,ITM0352,OUT044,CUS01746,2,2758.51,3.9
TXN0002590,,ITM0211,OUT029,CUS01947,8,1708.87,2.1
TXN0010132,10-06-2018,ITM0431,OUT044,CUS00607,,2602.36,5.0
TXN0003123,02-02-2018,ITM0339,OUT041,CUS01144,3,407.65,4.1
TXN0001706,17-07-2022,ITM0162,OUT015,CUS00927,12,1416.20,3.8
TXN0010400,11-02-2023,ITM0148,OUT011,CUS00263,13,2413.27,1.9
TXN0009394,16-10-2023,ITM0097,OUT034,CUS00636,15,3905.48,3.0
TXN0000199,09-05-2021,ITM0201,OUT025,CUS00755,13,1756.22,5.0
TXN0002894,27-06-2019,ITM0259,OUT037,CUS01970,,2730.67,4.0
TXN0008454,29-06-2019,ITM0128,OUT028,CUS01883,5,,
TXN0000767,02-09-2019,ITM0413,OUT020,CUS01382,17,1477.34,4.0
TXN0003295,08-01-2018,ITM0062,OUT050,CUS00656,11,,1.5
TXN0005787,31-12-2023,ITM0359,OUT003,CUS00237,,446.29,2.1
TXN0005171,16-09-2022,ITM0221,OUT029,CUS01709,5,2585.48,1.8
TXN0003592,26-08-2023,ITM0029,OUT011,CUS00227,4,435.26,1.7
TXN0010378,27-02-2018,ITM0375,OUT030,CUS00356,15,365.26,3.5
TXN0000993,08-01-2020,ITM0245,OUT042,CUS01703,15,1929.79,2.5
TXN0002381,05-06-2023,ITM0265,OUT026,CUS00710,18,1359.54,1.7
TXN0001597,06-07-2022,ITM0015,OUT007,CUS00992,2,2328.96,2.4
TXN0002298,07-04-2018,ITM0182,OUT026,CUS01075,14,3951.38,4.4
TXN0006493,03-11-2021,ITM0262,OUT026,CUS00464,1,,1.8
TXN0000553,10-06-2021,ITM0499,OUT008,CUS01632,7,1053.29,1.7
TXN0001204,29-03-2021,ITM0340,OUT042,CUS00754,7,46.04,4.0
TXN0007849,20-07-2018,ITM0330,OUT026,CUS00931,4,1528.55,2.3
TXN0001429,19-04-2021,ITM0051,OUT002,CUS01222,14,490.37,1.4
TXN0009623,,ITM0191,OUT039,CUS01985,14,3150.82,3.5
TXN0004755,29-07-2021,ITM0455,OUT020,CUS01611,14,676.72,1.5
TXN0004453,15-03-2023,ITM0136,OUT006,CUS00468,11,2806.40,2.5
TXN0001326,12-09-2018,ITM0378,OUT027,CUS00946,9,3556.37,2.1
TXN0004244,18-02-2023,ITM0035,OUT025,CUS00355,13,4490.01,2.7
TXN0000914,21-06-2023,ITM0386,OUT001,CUS00169,16,1567.98,1.6
TXN0006566,16-11-2020,ITM0360,OUT024,CUS00434,4,2409.21,3.1
TXN0001424,13-02-2022,ITM0334,OUT013,CUS00653,8,2898.28,3.7
TXN0000777,24-04-2022,ITM0497,OUT024,CUS01251,14,2462.06,3.7
TXN0005362,11-11-2020,ITM0086,OUT025,CUS01170,1,,3.9
TXN0008024,21-01-2022,ITM0338,OUT045,CUS01185,7,4829.97,2.5
TXN0008539,21-08-2023,ITM0018,OUT041,CUS01211,1,872.97,2.0
TXN0008105,11-03-2018,ITM0462,OUT045,CUS00226,8,3480.75,2.0
TXN0001269,02-07-2019,ITM0399,OUT024,CUS01319,19,2139.04,
TXN0006106,03-06-2018,ITM0114,OUT013,CUS00376,15,2403.45,4.7
TXN0007261,18-11-2020,ITM0049,OUT038,CUS01437,1,852.74,2.6
TXN0005522,24-05-2023,ITM0260,OUT042,CUS00339,11,1472.12,2.6
TXN0005199,09-04-2022,ITM0316,OUT040,CUS01305,2,3766.78,
TXN0004436,23-10-2018,ITM0249,OUT049,CUS00532,10,3008.03,4.8
TXN0001473,25-09-2023,ITM0187,OUT014,CUS01018,15,4620.40,4.8
TXN0007606,27-08-2023,ITM0184,OUT017,CUS00122,15,1480.76,1.3
TXN0005026,04-05-2019,ITM0203,OUT032,CUS00027,17,2623.92,
TXN0003149,23-09-2018,ITM0180,OUT048,CUS01551,3,3428.53,3.3
TXN0007754,29-04-2019,ITM0191,OUT049,CUS01906,18,3173.69,3.1
TXN0002613,10-08-2019,ITM0448,OUT001,CUS01268,5,2427.84,2.6
TXN0009417,03-04-2022,ITM0124,OUT027,CUS00968,20,210.04,1.8
TXN0003472,17-12-2023,ITM0449,OUT045,CUS00314,15,100.01,3.0
TXN0000300,29-03-2023,ITM0478,OUT007,CUS01652,17,4151.05,
TXN0004058,29-10-2020,ITM0012,OUT027,CUS00599,13,510.41,4.4
TXN0002368,30-09-2020,ITM0269,OUT001,CUS01903,6,2328.27,3.6
TXN0009788,29-02-2020,ITM0333,OUT013,CUS01293,1,3952.05,2.3
TXN0003419,16-10-2019,ITM0264,OUT027,CUS00917,9,3069.49,3.9
TXN0009603,02-04-2022,ITM0207,OUT035,CUS01377,12,1608.64,1.8
TXN0004145,01-12-2018,ITM0088,OUT016,CUS01230,13,4220.46,2.6
TXN0001265,02-02-2020,ITM0106,OUT044,CUS00241,10,1153.27,4.7
TXN0001044,13-06-2023,ITM0494,OUT036,CUS01763,20,3743.36,4.3
TXN0000862,08-05-2018,ITM0331,OUT018,CUS01177,2,,1.1
TXN0006862,22-08-2020,ITM0478,OUT020,CUS00829,4,408.73,3.1
TXN0002974,10-09-2020,ITM0228,OUT049,CUS00515,3,,2.5
TXN0005930,17-09-2019,ITM0251,OUT030,CUS00893,18,2704.49,2.5
TXN0004896,29-11-2023,ITM0305,OUT026,CUS00752,,301.61,1.2
TXN0002996,04-10-2020,ITM0389,OUT027,CUS00674,4,1963.59,1.5
TXN0003674,25-12-2019,ITM0412,OUT006,CUS01215,,1836.20,4.6
TXN0006546,02-08-2022,ITM0132,OUT003,CUS00762,9,4444.00,2.2
TXN0003057,06-10-2018,ITM0101,OUT038,CUS00913,3,1375.96,2.8
TXN0008385,25-02-2019,ITM0204,OUT018,CUS01201,3,4390.65,2.8
TXN0000567,04-05-2021,ITM0426,OUT041,CUS00337,13,3917.16,2.1
TXN0007932,30-11-2018,ITM0265,OUT022,CUS01610,2,4424.47,3.1
TXN0004285,23-02-2019,ITM0064,OUT010,CUS00019,20,52.09,3.5
TXN0004536,20-12-2020,ITM0042,OUT018,CUS00052,13,954.71,2.1
TXN0003735,24-10-2021,ITM0433,OUT035,CUS01004,7,456.32,2.5
TXN0003922,23-01-2022,ITM0020,OUT045,CUS01450,17,,1.7
TXN0001609,28-11-2018,ITM0057,OUT024,CUS00153,6,3162.56,3.5
TXN0008836,28-12-2022,ITM0111,OUT026,CUS01198,12,18.51,
TXN0004189,27-01-2019,ITM0278,OUT007,CUS00286,12,2199.96,
TXN0001568,10-11-2019,ITM0130,OUT041,CUS00515,14,,1.7
TXN0002759,25-03-2018,ITM0198,OUT013,CUS00652,3,4386.27,4.8
TXN0007508,04-10-2018,ITM0042,OUT030,CUS01609,19,1729.36,2.3
TXN0002786,13-06-2020,ITM0392,OUT027,CUS01672,12,1752.05,4.1
TXN0006765,11-11-2023,ITM0021,OUT003,CUS01276,1,1436.65,
TXN0005933,13-10-2022,ITM0486,OUT013,CUS00919,15,3805.57,2.5
TXN0004211,29-10-2018,ITM0060,OUT033,CUS00758,19,2703.98,4.1
TXN0002195,,ITM0416,OUT034,CUS01738,16,2567.94,1.5
TXN0001299,25-12-2023,ITM0237,OUT031,CUS01159,16,559.77,2.2
TXN0003120,05-07-2023,ITM0447,OUT015,CUS00895,3,2265.07,
TXN0003043,17-08-2023,ITM0412,OUT016,CUS01975,6,,2.2
TXN0007384,11-02-2019,ITM0415,OUT048,CUS00721,4,2341.94,4.1
TXN0009491,16-07-2022,ITM0354,OUT007,CUS00129,4,4697.04,1.9
TXN0003744,17-10-2023,ITM0473,OUT004,CUS00570,19,1026.69,3.3
TXN0001041,07-11-2023,ITM0037,OUT009,CUS01376,17,2979.61,1.8
TXN0002542,03-03-2022,ITM0395,OUT023,CUS01977,14,990.27,4.2
TXN0004455,10-04-2018,ITM0478,OUT050,CUS01315,10,1930.34,3.2
TXN0000851,21-01-2022,ITM0393,OUT028,CUS01100,16,1637.46,3.8
TXN0008143,11-06-2021,ITM0017,OUT015,CUS00772,20,1710.83,2.3
TXN0003715,21-04-2021,ITM0079,OUT025,CUS01788,8,3799.68,4.6
TXN0002223,03-01-2021,ITM0208,OUT040,CUS01292,,2776.79,1.8
TXN0009839,21-12-2022,ITM0469,OUT004,CUS00787,1,1558.91,3.5
TXN0006962,28-12-2021,ITM0079,OUT023,CUS00450,2,455.53,2.5
TXN0003058,16-03-2018,ITM0250,OUT037,CUS01944,14,974.40,5.0
TXN0007219,23-05-2020,ITM0272,OUT016,CUS00562,16,,2.9
TXN0003313,21-12-2020,ITM0468,OUT032,CUS01453,20,3302.46,4.6
TXN0003177,05-02-2020,ITM0320,OUT046,CUS00936,10,710.05,
TXN0009485,,ITM0296,OUT009,CUS01345,16,1621.87,3.8
TXN0004510,,ITM0316,OUT017,CUS01319,10,4615.78,4.3
TXN0004019,23-12-2018,ITM0494,OUT026,CUS01350,10,4925.30,1.8
TXN0001270,,ITM0140,OUT035,CUS00722,8,2853.90,2.6
TXN0009172,15-10-2018,ITM0264,OUT003,CUS00363,19,10.87,4.6
TXN0002457,21-10-2023,ITM0118,OUT016,CUS00835,2,2190.41,3.7
TXN0009754,03-02-2021,ITM0086,OUT036,CUS00734,20,3354.78,1.1
TXN0002576,20-08-2022,ITM0460,OUT005,CUS01622,4,,5.0
TXN0005624,30-10-2018,ITM0377,OUT022,CUS00653,16,3919.29,2.0
TXN0006841,26-09-2018,ITM0141,OUT037,CUS01225,8,1462.00,
TXN0010261,04-05-2018,ITM0229,OUT031,CUS00511,12,2953.94,3.0
TXN0008414,12-11-2023,ITM0356,OUT011,CUS01768,20,2676.69,
TXN0004980,13-08-2023,ITM0335,OUT025,CUS00308,17,1889.86,2.9
TXN0009541,17-02-2021,ITM0477,OUT035,CUS00210,15,1819.34,2.5
TXN0001758,05-10-2022,ITM0158,OUT049,CUS00144,,4764.91,3.0
TXN0000099,03-04-2020,ITM0491,OUT012,CUS01821,12,2802.93,4.8
TXN0006126,27-05-2019,ITM0105,OUT050,CUS00939,16,2255.27,2.6
TXN0001788,21-09-2023,ITM0038,OUT040,CUS01144,18,482.95,3.8
TXN0005560,01-09-2021,ITM0148,OUT027,CUS01977,11,2774.82,
TXN0002727,03-05-2021,ITM0220,OUT016,CUS00331,8,4570.86,2.9
TXN0004600,19-06-2019,ITM0008,OUT002,CUS01204,16,4715.60,1.1
TXN0005277,07-06-2021,ITM0190,OUT002,CUS01349,11,1958.49,4.8
TXN0001871,17-12-2022,ITM0284,OUT030,CUS01374,2,831.31,3.9
TXN0004530,28-07-2018,ITM0321,OUT009,CUS01661,19,287.59,2.9
TXN0008822,10-04-2023,ITM0095,OUT026,CUS01113,9,2706.09,3.1
TXN0001369,03-03-2020,ITM0135,OUT015,CUS00924,,2332.66,3.2
TXN0003883,18-08-2019,ITM0460,OUT041,CUS00540,18,2888.29,1.6
TXN0009620,25-12-2022,ITM0197,OUT017,CUS01152,10,4248.91,2.5
TXN0001011,09-11-2019,ITM0390,OUT016,CUS01642,14,4682.05,2.0
TXN0001899,12-03-2023,ITM0281,OUT013,CUS00910,8,2792.95,
TXN0006554,02-02-2018,ITM0371,OUT011,CUS00453,1,41.75,1.6
TXN0005043,25-12-2019,ITM0243,OUT044,CUS01769,3,1398.79,1.9
TXN0003635,29-03-2020,ITM0464,OUT004,CUS01821,12,1707.29,4.4
TXN0003430,11-09-2022,ITM0122,OUT019,CUS01167,,1420.07,2.1
TXN0004990,20-09-2023,ITM0470,OUT017,CUS01958,8,3396.72,4.1
TXN0001199,04-04-2023,ITM0122,OUT011,CUS00194,20,4569.39,3.7
TXN0003052,22-03-2023,ITM0199,OUT035,CUS00666,7,4456.93,2.9
TXN0006772,02-05-2023,ITM0332,OUT009,CUS01839,4,2978.51,4.1
TXN0008638,11-12-2020,ITM0269,OUT009,CUS01864,3,1625.95,2.9
TXN0004057,06-02-2020,ITM0425,OUT036,CUS00834,4,3173.09,2.4
TXN0005142,15-02-2021,ITM0452,OUT007,CUS00585,8,3160.66,2.2
TXN0006079,15-01-2020,ITM0274,OUT041,CUS00172,13,3894.07,2.0
TXN0004320,17-05-2023,ITM0415,OUT036,CUS01801,2,,1.1
TXN0000289,15-12-2023,ITM0468,OUT023,CUS01305,7,1739.79,2.3
TXN0006663,18-02-2022,ITM0112,OUT007,CUS00867,15,,2.6
TXN0006131,09-12-2023,ITM0383,OUT049,CUS00818,16,3874.47,1.8
TXN0007827,04-02-2019,ITM0380,OUT004,CUS01874,15,4076.06,2.7
TXN0009592,11-10-2020,ITM0343,OUT049,CUS00689,3,469.01,3.8
TXN0005345,09-05-2022,ITM0280,OUT024,CUS01270,17,267.99,4.5
TXN0001682,04-08-2022,ITM0009,OUT050,CUS01509,2,4318.57,3.1
TXN0010413,26-06-2023,ITM0049,OUT048,CUS01601,15,2680.31,1.2
TXN0009486,28-08-2022,ITM0432,OUT038,CUS01571,9,,4.3
TXN0006144,23-11-2020,ITM0064,OUT021,CUS01042,6,3155.48,2.1
TXN0006800,10-02-2020,ITM0321,OUT048,CUS01415,7,2336.83,4.5
TXN0009028,24-07-2021,ITM0144,OUT031,CUS00798,7,2154.49,
TXN0006727,18-08-2021,ITM0057,OUT018,CUS00990,6,4602.04,1.1
TXN0000120,11-01-2019,ITM0062,OUT049,CUS01036,6,4537.92,1.7
TXN0005129,04-01-2020,ITM0327,OUT002,CUS00986,5,855.90,3.8
TXN0003079,05-05-2020,ITM0367,OUT028,CUS01964,16,710.23,4.2
TXN0005740,,ITM0338,OUT002,CUS01893,18,1496.85,3.4
TXN0010122,07-05-2020,ITM0423,OUT030,CUS01585,18,3487.99,1.6
TXN0008819,29-05-2021,ITM0124,OUT037,CUS00225,,4980.84,3.4
TXN0004349,08-07-2022,ITM0063,OUT045,CUS00340,7,513.95,3.0
TXN0005074,01-09-2018,ITM0331,OUT029,CUS01573,13,1777.10,3.6
TXN0003648,25-01-2021,ITM0222,OUT019,CUS01381,13,2681.80,3.5
TXN0004181,,ITM0366,OUT039,CUS00029,9,,3.4
TXN0004772,11-02-2023,ITM0362,OUT036,CUS00231,1,1763.67,2.7
TXN0005161,28-02-2022,ITM0500,OUT040,CUS00906,,325.34,3.0
TXN0001035,,ITM0466,OUT023,CUS01644,18,2015.31,3.4
TXN0001476,01-11-2020,ITM0054,OUT046,CUS00977,10,2348.99,1.5
TXN0005128,10-10-2021,ITM0016,OUT019,CUS00655,15,1320.01,2.8
TXN0002474,03-07-2019,ITM0393,OUT031,CUS00892,15,4189.55,4.3
TXN0009350,31-08-2023,ITM0062,OUT020,CUS01672,8,4795.99,3.7
TXN0009716,27-06-2018,ITM0312,OUT022,CUS00934,1,1576.00,3.0
TXN0009928,23-09-2020,ITM0443,OUT021,CUS00192,17,4632.09,3.8
TXN0002293,12-01-2019,ITM0377,OUT049,CUS01743,17,3817.74,2.6
TXN0001949,16-10-2021,ITM0147,OUT028,CUS00527,11,3070.77,
TXN0008984,31-01-2021,ITM0181,OUT029,CUS00513,9,,3.1
TXN0004559,26-01-2020,ITM0271,OUT005,CUS01651,10,3434.43,1.8
TXN0006567,20-02-2022,ITM0093,OUT023,CUS00620,17,1875.23,4.4
TXN0001532,06-10-2022,ITM0454,OUT044,CUS01917,18,4672.01,4.8
TXN0000139,18-11-2022,ITM0418,OUT013,CUS00790,12,2487.09,4.7
TXN0000197,25-02-2022,ITM0137,OUT016,CUS01578,3,4129.35,3.2
TXN0004874,22-12-2020,ITM0045,OUT024,CUS00318,16,3795.84,4.2
TXN0009863,29-05-2022,ITM0278,OUT042,CUS01247,9,4128.14,1.7
TXN0001955,19-08-2023,ITM0409,OUT021,CUS00100,9,3861.11,1.3
TXN0003976,02-11-2020,ITM0111,OUT035,CUS01229,20,3912.30,3.4
TXN0009598,22-04-2018,ITM0345,OUT041,CUS00649,13,1400.80,1.9
TXN0004150,22-10-2023,ITM0450,OUT048,CUS00558,6,2649.54,1.6
TXN0010182,18-11-2019,ITM0087,OUT050,CUS01113,4,174.29,4.4
TXN0006881,15-04-2023,ITM0200,OUT013,CUS00748,19,2671.87,4.7
TXN0002204,27-04-2020,ITM0160,OUT037,CUS00558,13,1818.47,2.7
TXN0001659,22-05-2022,ITM0213,OUT044,CUS00853,3,2610.13,2.9
TXN0006148,,ITM0245,OUT031,CUS01152,3,1537.31,1.3
TXN0006369,29-07-2018,ITM0478,OUT009,CUS00062,11,4334.84,3.2
TXN0006700,28-11-2018,ITM0348,OUT039,CUS00470,12,3036.21,4.1
TXN0000741,22-05-2023,ITM0296,OUT031,CUS01832,10,1679.98,4.3
TXN0006728,24-08-2020,ITM0489,OUT016,CUS00657,7,3858.46,4.8
TXN0009145,17-01-2018,ITM0099,OUT038,CUS00347,7,2251.64,3.4
TXN0003111,02-01-2018,ITM0185,OUT025,CUS00826,4,,3.5
TXN0009487,03-04-2022,ITM0393,OUT043,CUS01386,6,4653.23,
TXN0005792,27-09-2021,ITM0082,OUT050,CUS00774,9,2309.16,3.3
TXN0001780,29-10-2023,ITM0286,OUT049,CUS01916,18,169.79,1.9
TXN0000017,24-09-2019,ITM0350,OUT040,CUS01503,3,4673.93,3.5
TXN0009288,01-07-2023,ITM0449,OUT035,CUS00374,5,2585.62,2.4
TXN0002307,05-11-2021,ITM0383,OUT042,CUS00005,16,3151.66,4.9
TXN0000810,21-02-2019,ITM0371,OUT026,CUS00181,7,875.21,1.8
TXN0001966,10-09-2021,ITM0443,OUT050,CUS01177,12,4981.91,4.5
TXN0008232,,ITM0195,OUT030,CUS01216,9,1658.96,1.8
TXN0006401,06-05-2020,ITM0232,OUT028,CUS00821,9,4624.98,2.4
TXN0009213,01-12-2019,ITM0131,OUT041,CUS01598,10,4926.49,4.2
TXN0009931,17-03-2021,ITM0216,OUT002,CUS00083,16,1705.49,4.7
TXN0006345,26-06-2022,ITM0144,OUT017,CUS00649,6,2195.80,2.5
TXN0007197,29-07-2023,ITM0204,OUT011,CUS01249,12,2835.30,4.3
TXN0001980,17-05-2018,ITM0358,OUT026,CUS00437,8,,
TXN0006955,03-10-2023,ITM0354,OUT016,CUS01651,12,2771.01,2.0
TXN0003045,19-04-2023,ITM0498,OUT041,CUS01336,17,,4.5
TXN0004805,11-08-2023,ITM0480,OUT021,CUS01270,14,2167.97,3.3
TXN0003766,,ITM0047,OUT009,CUS01500,2,2150.34,2.9
TXN0002687,28-01-2018,ITM0017,OUT046,CUS00606,4,3466.19,4.1
TXN0008491,18-07-2023,ITM0150,OUT029,CUS00200,13,2397.35,
TXN0009815,04-09-2020,ITM0173,OUT013,CUS00065,9,4972.59,4.2
TXN0007125,28-02-2022,ITM0196,OUT027,CUS01870,8,3352.84,4.6
TXN0001808,02-02-2020,ITM0240,OUT037,CUS01305,2,4749.40,2.7
TXN0008199,07-08-2020,ITM0304,OUT021,CUS01228,17,4741.23,3.4
TXN0009007,01-05-2022,ITM0269,OUT034,CUS00311,20,455.74,3.8
TXN0004472,06-11-2023,ITM0382,OUT025,CUS01891,10,,3.0
TXN0003495,09-01-2019,ITM0445,OUT010,CUS00607,2,2675.40,
TXN0008367,21-11-2018,ITM0355,OUT016,CUS00414,9,1502.98,2.6
TXN0001768,23-09-2020,ITM0382,OUT045,CUS00293,12,4774.20,4.4
TXN0008153,01-08-2019,ITM0182,OUT001,CUS00418,3,3270.82,1.7
TXN0003441,09-07-2023,ITM0229,OUT037,CUS01922,7,2976.40,
TXN0003022,29-11-2023,ITM0295,OUT014,CUS01726,12,4609.14,3.8
TXN0008812,26-06-2023,ITM0158,OUT034,CUS01412,12,3198.40,1.4
TXN0003254,15-05-2020,ITM0497,OUT015,CUS01337,,3736.55,4.1
TXN0003095,09-07-2022,ITM0486,OUT013,CUS00249,,2579.34,3.9
TXN0008211,03-11-2018,ITM0455,OUT024,CUS00859,11,2689.29,4.6
TXN0001822,21-05-2019,ITM0030,OUT026,CUS00374,11,,3.0
TXN0006093,19-02-2018,ITM0087,OUT038,CUS01889,17,,
TXN0002059,06-06-2018,ITM0368,OUT004,CUS01506,13,752.12,1.3
TXN0001394,21-07-2023,ITM0018,OUT047,CUS01613,7,1765.07,
TXN0004894,08-01-2023,ITM0479,OUT042,CUS01465,9,2792.86,4.9
TXN0008614,27-04-2023,ITM0113,OUT021,CUS00504,2,2817.36,3.5
TXN0004394,07-11-2020,ITM0006,OUT018,CUS01213,4,3901.19,1.0
TXN0005677,19-06-2023,ITM0346,OUT009,CUS00517,16,1838.07,2.6
TXN0009287,14-09-2023,ITM0020,OUT015,CUS01823,13,2105.43,2.9
TXN0006506,01-02-2019,ITM0490,OUT009,CUS01163,9,2634.35,4.7
TXN0009617,05-03-2019,ITM0230,OUT008,CUS01108,13,,4.0
TXN0006372,14-11-2023,ITM0265,OUT031,CUS01593,19,597.40,2.8
TXN0008483,12-02-2022,ITM0386,OUT027,CUS01893,13,2933.12,2.8
TXN0001679,28-03-2023,ITM0226,OUT027,CUS01719,12,2214.17,2.6
TXN0007535,14-03-2019,ITM0424,OUT050,CUS01065,5,434.88,4.2
TXN0000882,16-05-2018,ITM0339,OUT008,CUS01445,20,4826.63,1.1
TXN0000868,02-04-2018,ITM0412,OUT024,CUS01586,14,988.13,1.2
TXN0000689,28-05-2018,ITM0093,OUT011,CUS00466,7,2472.10,2.6
TXN0000903,15-09-2022,ITM0104,OUT011,CUS00475,7,870.23,4.9
TXN0001412,03-11-2023,ITM0410,OUT039,CUS00256,8,1961.11,3.8
TXN0002620,07-06-2023,ITM0398,OUT007,CUS00804,20,905.45,5.0
TXN0005064,14-04-2020,ITM0067,OUT018,CUS00193,16,859.38,
TXN0006813,18-02-2023,ITM0390,OUT032,CUS01709,3,4111.49,1.3
TXN0001701,08-01-2023,ITM0179,OUT020,CUS01146,3,3531.16,3.0
TXN0008886,04-04-2018,ITM0075,OUT032,CUS00216,3,1129.93,4.8
TXN0003917,21-12-2019,ITM0369,OUT030,CUS01774,6,4255.45,3.1
TXN0001664,22-03-2020,ITM0105,OUT025,CUS01169,6,435.52,1.6
TXN0000602,11-01-2022,ITM0216,OUT030,CUS00493,8,4470.38,2.5
TXN0005456,16-01-2020,ITM0428,OUT048,CUS01410,8,4110.00,1.8
TXN0005995,15-09-2020,ITM0275,OUT019,CUS01559,15,1734.76,4.8
TXN0005736,09-07-2022,ITM0263,OUT005,CUS01980,1,4709.46,
TXN0002291,02-01-2018,ITM0411,OUT039,CUS01286,6,4454.33,3.3
TXN0003902,13-01-2021,ITM0408,OUT039,CUS00539,14,2633.31,2.9
TXN0001956,27-05-2020,ITM0230,OUT018,CUS01320,1,2374.10,2.3
TXN0004996,11-01-2018,ITM0149,OUT019,CUS01329,5,4825.04,1.0
TXN0000960,14-10-2021,ITM0408,OUT024,CUS01682,13,3816.68,
TXN0006304,19-09-2018,ITM0414,OUT001,CUS01973,5,516.80,4.5
TXN0001486,01-11-2023,ITM0022,OUT001,CUS00283,,4817.32,1.7
TXN0007003,30-06-2018,ITM0377,OUT028,CUS00848,9,186.72,1.7
TXN0003509,08-02-2021,ITM0457,OUT015,CUS01996,15,4058.58,1.7
TXN0004848,09-09-2020,ITM0469,OUT042,CUS01852,8,1098.13,1.2
TXN0007643,07-01-2022,ITM0041,OUT044,CUS00560,11,,2.2
TXN0008461,21-07-2021,ITM0378,OUT017,CUS00238,13,2625.42,4.5
TXN0007225,22-04-2020,ITM0247,OUT020,CUS00236,6,2988.67,4.4
TXN0005495,12-04-2020,ITM0062,OUT048,CUS00750,15,2572.41,4.4
TXN0005565,26-07-2021,ITM0428,OUT011,CUS00432,1,4336.57,3.2
TXN0001658,04-04-2020,ITM0492,OUT023,CUS01393,2,4347.33,3.7
TXN0002260,27-07-2022,ITM0362,OUT016,CUS00835,18,136.42,4.5
TXN0000224,24-06-2023,ITM0353,OUT013,CUS00491,17,,1.9
TXN0006192,04-06-2023,ITM0036,OUT019,CUS00403,4,1211.60,1.7
TXN0005548,03-05-2022,ITM0072,OUT031,CUS00648,12,,
TXN0000502,05-04-2020,ITM0203,OUT045,CUS01054,9,28.43,3.4
TXN0004479,24-06-2023,ITM0339,OUT029,CUS00497,8,1483.88,4.4
TXN0005215,02-01-2023,ITM0413,OUT008,CUS00820,1,2061.69,1.2
TXN0007071,24-03-2019,ITM0098,OUT009,CUS00044,1,3890.64,2.8
TXN0002761,30-06-2021,ITM0337,OUT019,CUS00146,2,4036.92,2.9
TXN0007736,09-09-2018,ITM0402,OUT035,CUS01660,9,2422.29,2.7
TXN0005266,03-08-2019,ITM0437,OUT049,CUS00289,15,1405.72,
TXN0006007,15-12-2021,ITM0419,OUT049,CUS01443,,1864.56,1.2
TXN0005506,04-02-2020,ITM0264,OUT037,CUS00697,2,4760.78,1.5
TXN0001307,13-02-2018,ITM0146,OUT045,CUS01390,1,1147.71,1.9
TXN0008418,06-10-2019,ITM0227,OUT030,CUS01421,16,1639.11,3.4
TXN0003174,23-10-2020,ITM0439,OUT042,CUS00959,16,4642.54,4.4
TXN0000033,19-07-2021,ITM0385,OUT026,CUS01876,,4161.97,3.9
TXN0004923,02-09-2019,ITM0304,OUT030,CUS00907,14,3421.90,1.4
TXN0009255,13-11-2020,ITM0419,OUT001,CUS01120,14,1580.98,
TXN0008634,01-10-2020,ITM0375,OUT015,CUS00927,6,2860.85,2.5
TXN0002924,11-04-2022,ITM0452,OUT031,CUS00467,7,3068.98,3.7
TXN0003927,09-09-2023,ITM0138,OUT040,CUS00174,13,4471.18,2.3
TXN0001206,21-03-2022,ITM0361,OUT012,CUS00349,7,1115.02,2.6
TXN0003670,14-08-2021,ITM0236,OUT041,CUS01178,14,380.24,2.4
TXN0008717,07-04-2022,ITM0290,OUT033,CUS01219,2,1081.65,1.7
TXN0009714,23-10-2020,ITM0376,OUT019,CUS00208,7,1809.17,4.1
TXN0004612,12-11-2020,ITM0391,OUT050,CUS01757,17,4439.61,1.0
TXN0007479,18-01-2023,ITM0266,OUT009,CUS00136,7,4989.78,3.4
TXN0002093,28-08-2023,ITM0311,OUT037,CUS00976,10,3441.84,
TXN0002481,29-06-2022,ITM0144,OUT015,CUS01606,19,1998.94,2.0
TXN0001421,29-04-2020,ITM0283,OUT021,CUS01433,6,2971.70,4.8
TXN0004366,22-03-2022,ITM0274,OUT041,CUS00207,11,1271.06,2.6
TXN0002548,15-08-2019,ITM0467,OUT035,CUS01697,11,,3.1
TXN0009250,15-10-2022,ITM0022,OUT004,CUS00132,11,1855.07,2.7
TXN0007190,12-08-2021,ITM0262,OUT038,CUS00408,9,2212.93,2.2
TXN0008910,29-03-2022,ITM0285,OUT046,CUS00923,,1172.18,4.9
TXN0002701,06-07-2021,ITM0032,OUT045,CUS00839,19,4891.54,3.2
TXN0008731,16-03-2020,ITM0207,OUT040,CUS01189,2,878.20,5.0
TXN0009543,23-12-2019,ITM0280,OUT034,CUS00267,12,4613.97,3.4
TXN0005868,15-02-2023,ITM0198,OUT031,CUS01574,3,1438.87,2.8
TXN0002711,17-12-2021,ITM0319,OUT038,CUS00035,1,2384.30,4.9
TXN0005443,06-06-2021,ITM0345,OUT030,CUS00406,8,3430.25,2.4
TXN0006695,,ITM0226,OUT040,CUS01655,,4608.02,1.9
TXN0000641,01-08-2018,ITM0111,OUT024,CUS00103,1,577.49,4.1
TXN0005706,,ITM0073,OUT048,CUS01348,18,2486.56,2.7
TXN0002793,19-08-2022,ITM0202,OUT029,CUS00855,8,3146.26,2.5
TXN0008671,18-04-2023,ITM0292,OUT012,CUS01105,13,2600.90,1.2
TXN0009206,20-09-2023,ITM0470,OUT013,CUS00603,10,2952.34,3.2
TXN0009704,14-07-2020,ITM0200,OUT035,CUS01355,16,4118.21,4.6
TXN0006387,12-09-2020,ITM0030,OUT017,CUS00069,,,4.2
TXN0005373,15-06-2020,ITM0041,OUT048,CUS01641,15,795.63,3.8
TXN0001931,08-05-2022,ITM0150,OUT004,CUS01852,18,3718.77,4.7
TXN0006122,05-09-2020,ITM0390,OUT017,CUS00354,6,2211.88,4.4
TXN0008769,19-07-2020,ITM0074,OUT013,CUS01671,14,1934.43,1.6
TXN0008988,20-01-2022,ITM0308,OUT020,CUS01597,3,4295.83,4.1
TXN0003180,07-01-2021,ITM0322,OUT032,CUS00153,11,3802.77,3.8
TXN0002150,11-03-2023,ITM0306,OUT001,CUS01948,16,1106.44,4.1
TXN0004039,06-06-2020,ITM0391,OUT015,CUS01268,6,1074.63,4.0
TXN0007188,12-07-2021,ITM0350,OUT012,CUS01754,12,4926.14,2.8
TXN0002904,22-07-2020,ITM0069,OUT016,CUS00994,15,850.00,1.5
TXN0000861,08-08-2023,ITM0199,OUT007,CUS00040,3,4694.76,
TXN0006625,,ITM0099,OUT001,CUS00726,12,4269.14,2.1
TXN0005618,25-04-2022,ITM0191,OUT041,CUS01436,12,1209.63,2.7
TXN0005049,26-02-2021,ITM0337,OUT019,CUS01296,14,1053.65,2.1
TXN0003467,05-04-2019,ITM0232,OUT047,CUS00587,14,3578.73,4.4
TXN0006557,15-07-2021,ITM0252,OUT021,CUS00123,20,2464.53,
TXN0004033,10-08-2018,ITM0229,OUT042,CUS00868,5,717.23,1.9
TXN0000773,25-10-2021,ITM0331,OUT026,CUS01366,13,1377.10,2.1
TXN0001936,24-08-2022,ITM0226,OUT029,CUS00589,3,1639.40,1.7
TXN0008960,29-12-2019,ITM0419,OUT021,CUS00572,,1244.98,4.7
TXN0005068,05-07-2023,ITM0162,OUT015,CUS00910,9,814.48,3.1
TXN0007977,05-02-2019,ITM0298,OUT020,CUS01286,7,3288.23,1.1
TXN0006446,02-10-2020,ITM0387,OUT040,CUS01764,10,727.74,2.3
TXN0008353,17-03-2023,ITM0365,OUT003,CUS00153,18,1624.30,2.3
TXN0008926,21-03-2022,ITM0200,OUT047,CUS00476,14,,1.2
TXN0002125,17-01-2023,ITM0354,OUT047,CUS01706,4,2703.98,3.5
TXN0003929,04-01-2020,ITM0326,OUT021,CUS01722,4,4067.21,4.2
TXN0004307,30-01-2021,ITM0261,OUT013,CUS00269,17,400.24,1.7
TXN0008490,11-02-2019,ITM0237,OUT043,CUS01793,12,,1.9
TXN0001238,04-08-2019,ITM0233,OUT042,CUS00908,14,3045.86,
TXN0000382,12-01-2023,ITM0194,OUT049,CUS00281,14,2855.66,2.2
TXN0007765,23-09-2020,ITM0376,OUT028,CUS00709,11,4491.09,3.9
TXN0002417,31-05-2019,ITM0190,OUT002,CUS00211,15,2036.22,1.0
TXN0002124,30-03-2023,ITM0303,OUT022,CUS01250,10,3461.97,3.6
TXN0002523,08-01-2018,ITM0446,OUT008,CUS00430,4,,2.7
TXN0000518,20-02-2019,ITM0022,OUT044,CUS01729,11,3832.05,1.9
TXN0006761,19-09-2022,ITM0332,OUT032,CUS01527,11,948.13,2.8
TXN0009440,24-02-2021,ITM0081,OUT010,CUS01253,16,496.10,1.6
TXN0007181,24-01-2022,ITM0022,OUT026,CUS01472,7,4862.38,2.4
TXN0000546,02-03-2019,ITM0324,OUT034,CUS00656,14,,
TXN0009926,14-01-2022,ITM0251,OUT018,CUS01998,12,1641.54,2.9
TXN0006425,18-04-2021,ITM0115,OUT007,CUS01183,12,4568.77,3.3
TXN0008339,09-08-2018,ITM0490,OUT034,CUS01012,14,931.18,2.1
TXN0005059,06-04-2019,ITM0237,OUT021,CUS01837,20,1325.62,3.3
TXN0002776,06-03-2020,ITM0121,OUT007,CUS01594,17,776.63,1.8
TXN0008594,05-01-2019,ITM0189,OUT026,CUS01496,15,4259.75,2.8
TXN0004448,07-08-2020,ITM0062,OUT012,CUS01976,1,1989.71,2.0
TXN0004555,05-03-2021,ITM0072,OUT029,CUS00610,,3737.68,2.1
TXN0006318,15-12-2023,ITM0393,OUT005,CUS00141,4,3815.53,
TXN0003759,14-03-2021,ITM0406,OUT049,CUS00938,5,748.87,3.8
TXN0008876,,ITM0457,OUT036,CUS01073,,484.13,4.3
TXN0004529,12-02-2021,ITM0182,OUT021,CUS01610,9,1732.61,3.4
TXN0007766,23-09-2019,ITM0311,OUT046,CUS01389,2,31.71,4.2
TXN0004849,02-03-2020,ITM0168,OUT002,CUS00806,19,4551.16,2.0
TXN0007444,26-08-2023,ITM0138,OUT010,CUS00761,4,3044.76,2.1
TXN0008528,06-09-2018,ITM0118,OUT049,CUS00160,19,1903.87,
TXN0008271,17-05-2023,ITM0388,OUT031,CUS01859,8,1339.55,1.7
TXN0006114,01-01-2023,ITM0293,OUT022,CUS01094,13,2640.83,4.0
TXN0000647,30-11-2023,ITM0476,OUT025,CUS00869,17,3472.64,1.4
TXN0004051,03-08-2022,ITM0457,OUT025,CUS00155,1,3809.14,4.1
TXN0004495,03-03-2022,ITM0012,OUT030,CUS00460,12,1229.51,4.7
TXN0002128,23-03-2018,ITM0366,OUT043,CUS01789,7,3195.92,1.7
TXN0002913,13-12-2021,ITM0458,OUT036,CUS00210,14,,2.1
TXN0005700,,ITM0062,OUT019,CUS01646,13,3564.16,1.6
TXN0009489,07-09-2023,ITM0297,OUT016,CUS01491,4,2525.26,3.2
TXN0005087,11-05-2019,ITM0278,OUT041,CUS01053,4,4787.40,4.7
TXN0003856,02-08-2018,ITM0169,OUT016,CUS00037,18,2509.00,1.6
TXN0006624,14-09-2018,ITM0103,OUT002,CUS00902,15,1010.39,4.8
TXN0008556,04-02-2020,ITM0191,OUT026,CUS01737,2,2216.01,2.1
TXN0004470,21-03-2023,ITM0266,OUT021,CUS01514,20,3443.94,3.1
TXN0002139,04-01-2020,ITM0084,OUT043,CUS00533,7,1982.16,1.8
TXN0009732,13-06-2021,ITM0119,OUT050,CUS00574,10,3356.72,2.8
TXN0004446,,ITM0229,OUT026,CUS00734,16,1016.38,
TXN0004988,26-09-2022,ITM0313,OUT016,CUS00179,15,4245.15,4.1
TXN0008823,06-10-2019,ITM0421,OUT040,CUS01597,17,1814.95,
TXN0003459,26-08-2018,ITM0177,OUT038,CUS01302,6,4746.56,3.9
TXN0007271,07-09-2019,ITM0386,OUT032,CUS00049,6,2233.07,1.7
TXN0007968,01-02-2018,ITM0012,OUT012,CUS01622,15,1131.41,2.7
TXN0002550,05-08-2022,ITM0486,OUT036,CUS00160,7,2838.69,3.8
TXN0000023,,ITM0352,OUT042,CUS01548,11,3445.29,3.8
TXN0003665,19-03-2019,ITM0347,OUT018,CUS01999,2,4422.46,4.4
TXN0008660,09-01-2019,ITM0218,OUT044,CUS01411,2,3946.53,4.6
TXN0006647,10-12-2019,ITM0002,OUT031,CUS01030,19,4949.57,4.5
TXN0001610,19-05-2019,ITM0148,OUT012,CUS01202,20,4893.73,3.4
TXN0007880,24-02-2022,ITM0478,OUT034,CUS01776,9,3267.41,1.0
TXN0000619,20-09-2022,ITM0065,OUT002,CUS01606,19,3560.38,2.9
TXN0006166,13-01-2020,ITM0419,OUT018,CUS01424,15,4742.62,4.9
TXN0009571,12-10-2022,ITM0419,OUT004,CUS01386,4,3713.44,1.9
TXN0004395,06-02-2019,ITM0230,OUT014,CUS00205,1,3689.45,2.3
TXN0008138,,ITM0430,OUT048,CUS01233,2,3515.55,1.2
TXN0009819,31-01-2020,ITM0160,OUT045,CUS00178,1,1781.54,3.6
TXN0001626,12-11-2022,ITM0197,OUT028,CUS01468,1,3712.95,3.2
TXN0002943,04-08-2020,ITM0111,OUT003,CUS01277,7,3095.97,1.5
TXN0003850,29-11-2023,ITM0040,OUT043,CUS01696,8,2876.06,4.5
TXN0008802,23-10-2023,ITM0440,OUT046,CUS00158,5,1970.55,3.0
TXN0008034,21-06-2019,ITM0056,OUT044,CUS00937,9,400.06,4.7
TXN0007922,29-08-2021,ITM0011,OUT024,CUS00433,17,3099.86,3.4
TXN0006364,23-09-2022,ITM0433,OUT045,CUS01996,1,3281.41,3.1
TXN0000583,06-10-2021,ITM0281,OUT017,CUS01668,12,,4.9
TXN0003711,07-05-2018,ITM0193,OUT002,CUS00797,13,4621.82,4.2
TXN0006785,15-12-2018,ITM0071,OUT027,CUS00235,20,3243.50,3.2
TXN0004085,,ITM0453,OUT001,CUS00853,17,,3.8
TXN0005269,15-09-2021,ITM0306,OUT022,CUS00138,18,2566.10,3.7
TXN0002397,01-03-2023,ITM0194,OUT029,CUS01428,15,4237.26,3.1
TXN0009057,19-10-2020,ITM0231,OUT028,CUS00391,13,2661.07,1.4
TXN0005260,12-08-2023,ITM0350,OUT002,CUS00544,18,365.79,2.0
TXN0009859,31-10-2018,ITM0412,OUT011,CUS01646,9,3700.26,4.0
TXN0005473,29-11-2018,ITM0032,OUT005,CUS01519,1,2572.09,2.5
TXN0009533,15-05-2019,ITM0156,OUT034,CUS00739,10,4997.95,1.5
TXN0006271,21-10-2020,ITM0474,OUT018,CUS01739,17,1673.96,2.5
TXN0002388,06-12-2022,ITM0367,OUT045,CUS01699,14,668.84,1.4
TXN0001919,25-12-2023,ITM0149,OUT003,CUS00907,8,1079.97,4.7
TXN0004686,,ITM0441,OUT026,CUS00376,5,3564.00,2.2
TXN0010003,26-10-2019,ITM0155,OUT004,CUS01830,11,649.43,2.5
TXN0000788,06-07-2021,ITM0254,OUT050,CUS01759,12,3486.14,3.4
TXN0002824,02-02-2018,ITM0065,OUT027,CUS00269,10,,2.8
TXN0008336,26-09-2023,ITM0227,OUT042,CUS00555,10,40.16,1.0
TXN0008679,19-10-2021,ITM0445,OUT032,CUS00157,4,4805.32,1.2
TXN0002951,,ITM0099,OUT046,CUS00793,19,3534.25,2.1
TXN0010056,29-11-2021,ITM0479,OUT004,CUS01284,4,2015.14,3.1
TXN0009663,27-02-2021,ITM0371,OUT032,CUS01631,14,4360.46,3.0
TXN0002595,22-03-2022,ITM0487,OUT018,CUS01391,7,2369.15,2.3
TXN0006337,01-03-2022,ITM0303,OUT034,CUS00986,19,2585.97,4.6
TXN0007815,07-09-2019,ITM0149,OUT019,CUS01985,6,4943.48,3.6
TXN0010488,13-12-2020,ITM0184,OUT010,CUS00238,9,4115.44,3.4
TXN0007491,,ITM0067,OUT033,CUS00302,4,3290.86,2.1
TXN0005725,26-11-2021,ITM0416,OUT021,CUS00270,17,3555.84,3.4
TXN0004096,17-11-2018,ITM0395,OUT027,CUS00871,4,4979.83,3.5
TXN0002380,14-12-2020,ITM0263,OUT018,CUS00691,17,4611.47,3.5
TXN0009009,30-09-2022,ITM0431,OUT022,CUS01124,16,2367.27,4.2
TXN0005392,31-03-2018,ITM0326,OUT001,CUS00283,4,2892.99,5.0
TXN0010198,07-08-2019,ITM0161,OUT002,CUS01225,,2734.38,
TXN0004165,18-11-2022,ITM0201,OUT043,CUS01772,18,3027.33,1.0
TXN0010134,03-05-2020,ITM0266,OUT022,CUS00308,7,3401.56,4.9
TXN0001197,14-03-2023,ITM0102,OUT042,CUS01986,20,3107.41,1.8
TXN0007059,19-10-2021,ITM0211,OUT021,CUS01952,5,1655.28,3.7
TXN0002976,06-11-2022,ITM0329,OUT042,CUS01933,10,995.51,4.5
TXN0005926,30-07-2019,ITM0375,OUT042,CUS01718,6,1662.27,1.7
TXN0009000,18-12-2018,ITM0452,OUT026,CUS00798,16,4705.50,1.4
TXN0002077,20-05-2019,ITM0036,OUT037,CUS00455,14,1025.89,1.5
TXN0001372,03-02-2023,ITM0353,OUT050,CUS01153,,1899.17,1.4
TXN0007440,14-09-2018,ITM0227,OUT001,CUS00471,19,373.79,
TXN0002304,29-07-2022,ITM0145,OUT028,CUS01532,3,1849.32,2.7
TXN0000969,,ITM0115,OUT019,CUS00080,12,784.46,1.0
TXN0005591,14-11-2022,ITM0385,OUT050,CUS00510,7,2746.67,3.9
TXN0004341,21-05-2022,ITM0040,OUT004,CUS01840,15,4003.31,3.2
TXN0008948,03-02-2023,ITM0194,OUT040,CUS01175,11,3073.89,4.4
TXN0010402,04-02-2020,ITM0450,OUT008,CUS01011,14,2931.92,4.0
TXN0000294,02-01-2019,ITM0223,OUT049,CUS00666,8,634.22,
TXN0004717,25-11-2023,ITM0266,OUT022,CUS01955,18,942.73,1.5
TXN0003159,25-04-2018,ITM0273,OUT043,CUS01250,18,2876.81,1.4
TXN0009105,15-08-2023,ITM0016,OUT024,CUS01307,16,2929.03,2.9
TXN0000444,24-06-2018,ITM0371,OUT045,CUS01289,10,,3.4
TXN0003167,12-08-2021,ITM0220,OUT012,CUS00384,1,,2.4
TXN0007211,19-05-2020,ITM0002,OUT045,CUS00010,16,1035.17,3.3
TXN0007200,21-10-2019,ITM0237,OUT021,CUS00263,7,1662.45,3.4
TXN0000888,30-10-2019,ITM0170,OUT024,CUS01052,19,3674.68,4.6
TXN0000332,13-08-2019,ITM0206,OUT031,CUS00856,5,2396.39,2.4
TXN0003012,25-03-2020,ITM0046,OUT001,CUS01328,9,4220.32,4.6
TXN0007571,16-04-2022,ITM0376,OUT047,CUS00433,2,4675.26,4.0
TXN0009653,16-05-2021,ITM0232,OUT013,CUS00575,12,,3.7
TXN0008976,04-11-2020,ITM0116,OUT029,CUS00299,16,1430.62,2.6
TXN0000847,,ITM0288,OUT040,CUS01591,1,4712.54,2.1
TXN0007906,22-02-2019,ITM0222,OUT006,CUS00822,3,3081.83,4.0
TXN0004463,11-02-2019,ITM0475,OUT008,CUS00803,7,4970.94,
TXN0003891,17-11-2022,ITM0348,OUT026,CUS01475,3,102.72,4.9
TXN0005819,25-03-2018,ITM0270,OUT036,CUS01730,14,3894.69,4.8
TXN0008305,02-12-2020,ITM0091,OUT018,CUS00970,2,751.18,4.5
TXN0009706,01-05-2023,ITM0050,OUT004,CUS00597,5,,3.4
TXN0003135,20-11-2021,ITM0111,OUT032,CUS01668,2,1675.01,
TXN0009944,18-05-2023,ITM0328,OUT003,CUS01884,19,139.96,2.5
TXN0009550,16-10-2020,ITM0117,OUT041,CUS00392,7,3158.69,3.3
TXN0006459,09-01-2023,ITM0264,OUT050,CUS00922,12,1038.28,1.2
TXN0001096,12-11-2020,ITM0234,OUT007,CUS00987,18,3048.16,1.0
TXN0001092,22-10-2020,ITM0420,OUT011,CUS00157,8,2057.69,3.7
TXN0006996,20-03-2020,ITM0148,OUT013,CUS01567,9,191.05,2.2
TXN0004578,05-08-2018,ITM0112,OUT021,CUS00334,10,2646.17,4.2
TXN0003493,,ITM0167,OUT048,CUS01397,3,612.23,2.1
TXN0000281,11-01-2018,ITM0072,OUT044,CUS01013,7,125.48,4.0
TXN0005514,21-11-2022,ITM0229,OUT021,CUS01405,19,1220.76,4.0
TXN0008780,19-03-2022,ITM0319,OUT031,CUS00431,18,1841.59,4.0
TXN0000992,23-03-2019,ITM0388,OUT004,CUS00638,20,2405.42,2.4
TXN0003781,24-01-2022,ITM0061,OUT013,CUS01646,3,1635.56,1.9
TXN0009903,11-07-2023,ITM0261,OUT023,CUS01931,2,2258.28,3.0
TXN0010352,31-12-2018,ITM0250,OUT030,CUS00546,16,1279.23,4.8
TXN0010478,,ITM0020,OUT032,CUS00255,14,2772.34,1.0
TXN0010027,,ITM0139,OUT033,CUS00489,19,2958.53,1.6
TXN0003166,20-02-2022,ITM0136,OUT032,CUS00280,18,,3.4
TXN0000147,15-07-2018,ITM0343,OUT035,CUS01316,17,2970.67,2.9
TXN0010493,04-12-2018,ITM0384,OUT001,CUS01405,2,2997.79,1.7
TXN0000928,26-06-2018,ITM0010,OUT042,CUS00608,5,4176.24,4.2
TXN0001901,07-12-2020,ITM0145,OUT010,CUS00667,12,4225.84,2.7
TXN0004826,11-12-2020,ITM0028,OUT030,CUS01193,7,1096.71,1.2
TXN0001960,22-06-2023,ITM0028,OUT026,CUS01029,7,2568.87,4.9
TXN0007238,07-06-2019,ITM0352,OUT031,CUS01847,4,4852.45,1.0
TXN0000865,29-12-2021,ITM0139,OUT050,CUS00175,7,3519.12,2.8
TXN0006629,06-02-2018,ITM0349,OUT037,CUS00681,3,,4.8
TXN0004966,26-08-2021,ITM0246,OUT042,CUS00163,14,3636.21,4.3
TXN0000764,27-07-2021,ITM0090,OUT016,CUS00984,13,1922.82,3.4
TXN0004230,18-06-2021,ITM0424,OUT031,CUS01692,9,3317.93,4.5
TXN0006108,28-11-2021,ITM0136,OUT002,CUS01557,2,2446.79,2.5
TXN0008276,25-11-2018,ITM0324,OUT016,CUS00677,10,4802.42,4.0
TXN0005596,04-01-2018,ITM0054,OUT046,CUS00668,4,1400.72,4.0
TXN0005871,31-07-2023,ITM0078,OUT027,CUS00174,19,4369.22,4.4
TXN0006228,03-08-2023,ITM0405,OUT043,CUS00013,1,4644.58,2.3
TXN0008964,14-05-2021,ITM0344,OUT002,CUS01094,8,4590.18,3.4
TXN0004860,28-07-2019,ITM0300,OUT012,CUS00098,5,2145.14,2.8
TXN0003922,23-01-2022,ITM0020,OUT045,CUS01450,17,,1.7
TXN0006284,23-08-2023,ITM0318,OUT001,CUS01788,20,4312.95,3.1
TXN0005824,12-01-2022,ITM0259,OUT026,CUS01224,16,,1.3
TXN0002561,13-02-2022,ITM0119,OUT026,CUS00313,11,46.97,1.6
TXN0000513,22-03-2019,ITM0450,OUT035,CUS00205,5,910.23,3.5
TXN0007163,04-11-2019,ITM0263,OUT045,CUS01761,,2955.23,3.1
TXN0003199,22-11-2023,ITM0279,OUT008,CUS00174,20,612.13,3.9
TXN0005852,25-09-2023,ITM0320,OUT014,CUS00053,10,3828.36,2.8
TXN0009459,18-08-2020,ITM0313,OUT046,CUS01706,10,468.72,2.5
TXN0008512,07-11-2021,ITM0052,OUT022,CUS00688,15,1300.16,4.0
TXN0007438,17-10-2019,ITM0466,OUT001,CUS01739,4,4214.58,4.1
TXN0007825,28-01-2019,ITM0143,OUT037,CUS00211,15,1153.41,4.8
TXN0009805,25-03-2019,ITM0238,OUT048,CUS00314,2,4498.97,5.0
TXN0004533,21-07-2022,ITM0377,OUT017,CUS01104,17,3770.95,
TXN0006770,12-02-2023,ITM0293,OUT041,CUS01998,16,3743.66,2.6
TXN0007763,04-09-2019,ITM0110,OUT001,CUS00536,10,2852.80,1.5
TXN0007673,12-05-2018,ITM0276,OUT040,CUS01336,14,2583.04,2.2
TXN0000042,20-07-2019,ITM0283,OUT010,CUS00575,3,2446.51,1.4
TXN0004708,,ITM0155,OUT021,CUS00383,8,815.74,1.9
TXN0001397,04-10-2018,ITM0143,OUT038,CUS00308,4,88.05,3.4
TXN0002939,15-06-2023,ITM0264,OUT050,CUS01660,17,1617.19,2.4
TXN0003230,22-07-2022,ITM0075,OUT011,CUS00438,9,179.98,3.2
TXN0005561,10-04-2022,ITM0320,OUT036,CUS01031,12,2255.13,3.7
TXN0008580,,ITM0032,OUT033,CUS01981,1,685.13,4.0
TXN0003995,22-01-2023,ITM0189,OUT041,CUS01049,18,162.79,4.1
TXN0009312,15-07-2020,ITM0194,OUT042,CUS00735,11,4152.11,3.8
TXN0000668,25-10-2023,ITM0256,OUT043,CUS00264,,718.52,4.6
TXN0001322,22-09-2023,ITM0228,OUT027,CUS01220,12,2864.82,2.2
TXN0009419,20-04-2023,ITM0181,OUT047,CUS01246,17,3713.68,2.3
TXN0000207,04-01-2020,ITM0294,OUT036,CUS00390,2,1360.09,
TXN0007520,07-04-2021,ITM0141,OUT037,CUS00718,19,2816.65,1.1
TXN0000296,14-04-2018,ITM0105,OUT047,CUS00634,16,544.28,3.0
TXN0001485,22-01-2021,ITM0451,OUT030,CUS00397,5,920.98,1.9
TXN0005875,02-03-2022,ITM0130,OUT029,CUS01089,11,2419.22,2.8
TXN0005638,26-05-2023,ITM0196,OUT015,CUS01666,3,174.86,1.6
TXN0006361,17-01-2021,ITM0206,OUT021,CUS00015,7,2179.05,4.9
TXN0000877,14-05-2022,ITM0024,OUT047,CUS01174,1,,2.6
TXN0005627,13-08-2018,ITM0163,OUT031,CUS00095,4,2289.81,4.2
TXN0004370,21-06-2022,ITM0399,OUT012,CUS01719,17,3838.57,1.8
TXN0000034,16-02-2021,ITM0024,OUT028,CUS00887,13,4717.86,4.3
TXN0005798,28-03-2023,ITM0481,OUT041,CUS01058,2,,2.1
TXN0003838,05-11-2023,ITM0460,OUT029,CUS00340,6,3267.20,4.0
TXN0000467,21-05-2020,ITM0288,OUT009,CUS00660,8,3932.81,2.6
TXN0007192,18-03-2021,ITM0288,OUT022,CUS00525,18,3679.89,2.9
TXN0008239,14-07-2022,ITM0206,OUT023,CUS00540,7,87.57,
TXN0006014,04-06-2021,ITM0363,OUT041,CUS01030,13,1350.75,4.6
TXN0010486,07-03-2021,ITM0141,OUT024,CUS01134,14,1121.41,
TXN0004714,31-05-2020,ITM0004,OUT047,CUS00726,10,2623.33,1.6
TXN0005439,07-05-2018,ITM0056,OUT017,CUS01649,9,,3.5
TXN0003697,18-02-2020,ITM0413,OUT015,CUS00396,3,4250.39,3.6
TXN0008561,14-10-2019,ITM0304,OUT013,CUS00105,12,4450.93,1.4
TXN0008920,21-07-2019,ITM0460,OUT048,CUS01338,10,4755.40,2.1
TXN0007248,20-06-2021,ITM0300,OUT035,CUS01092,8,3407.75,1.5
TXN0005659,31-03-2020,ITM0056,OUT041,CUS01383,12,1344.88,2.8
TXN0004481,16-09-2019,ITM0009,OUT029,CUS00568,5,2911.59,4.6
TXN0000584,16-08-2021,ITM0250,OUT047,CUS01657,3,885.75,1.3
TXN0007180,24-02-2020,ITM0297,OUT033,CUS01865,18,3987.86,4.6
TXN0010116,07-05-2020,ITM0400,OUT008,CUS00755,1,4961.42,3.2
TXN0010044,13-05-2019,ITM0206,OUT024,CUS00978,18,4859.61,2.9
TXN0001943,24-04-2020,ITM0341,OUT034,CUS01294,3,,2.8
TXN0004006,11-05-2018,ITM0173,OUT015,CUS00687,16,909.38,3.6
TXN0006665,01-10-2019,ITM0089,OUT033,CUS00522,12,2570.98,
TXN0007811,11-05-2023,ITM0159,OUT045,CUS00400,15,1174.26,2.7
TXN0002324,02-01-2018,ITM0497,OUT042,CUS00148,13,612.76,2.6
TXN0007865,03-12-2020,ITM0332,OUT001,CUS00012,13,2581.98,2.3
TXN0010361,09-09-2022,ITM0369,OUT043,CUS00583,1,807.22,1.5
TXN0008546,13-05-2021,ITM0082,OUT022,CUS01647,18,2859.86,4.7
TXN0010077,17-05-2018,ITM0442,OUT028,CUS00692,15,4714.64,2.7
TXN0002749,15-10-2022,ITM0247,OUT006,CUS01265,,1311.01,
TXN0004543,16-06-2022,ITM0194,OUT025,CUS00505,17,3360.85,4.4
TXN0005687,03-11-2023,ITM0411,OUT003,CUS01784,17,2855.82,3.2
TXN0003286,29-11-2022,ITM0205,OUT043,CUS00010,18,4200.81,4.0
TXN0002513,29-11-2020,ITM0456,OUT041,CUS01270,18,4102.45,2.7
TXN0010451,05-06-2023,ITM0409,OUT009,CUS01322,11,2784.50,1.5
TXN0007580,04-10-2019,ITM0073,OUT024,CUS02000,20,266.21,1.9
TXN0002583,07-09-2022,ITM0125,OUT042,CUS01299,4,2196.39,1.5
TXN0001531,01-09-2021,ITM0397,OUT048,CUS00886,5,4723.31,3.4
TXN0000922,20-03-2020,ITM0324,OUT024,CUS01873,11,3772.21,4.6
TXN0007720,10-08-2023,ITM0229,OUT005,CUS00607,14,2378.00,2.7
TXN0003945,02-02-2022,ITM0018,OUT017,CUS01794,10,404.08,2.0
TXN0000337,24-04-2018,ITM0429,OUT009,CUS00933,7,1213.79,1.7
TXN0000805,26-12-2021,ITM0319,OUT034,CUS01589,18,2575.44,3.1
TXN0005105,10-12-2021,ITM0326,OUT022,CUS01952,11,2924.55,4.9
TXN0002814,11-09-2020,ITM0489,OUT018,CUS00631,,3999.53,3.7
TXN0006169,22-04-2021,ITM0265,OUT034,CUS00613,14,4119.75,1.5
TXN0000458,28-02-2022,ITM0416,OUT027,CUS00211,14,755.55,3.8
TXN0008609,14-11-2022,ITM0460,OUT002,CUS01351,19,642.98,2.7
TXN0006650,28-06-2020,ITM0004,OUT041,CUS00686,3,508.15,1.0
TXN0009540,10-03-2023,ITM0003,OUT031,CUS00968,6,4431.97,4.1
TXN0002876,04-10-2018,ITM0294,OUT037,CUS00467,,,2.1
TXN0006503,23-04-2020,ITM0233,OUT047,CUS00317,17,,4.2
TXN0002363,14-05-2018,ITM0041,OUT041,CUS00347,19,3274.07,1.9
TXN0001227,22-12-2020,ITM0186,OUT034,CUS01139,12,,3.7
TXN0003209,,ITM0237,OUT041,CUS01963,15,2081.49,2.4
TXN0001995,28-02-2020,ITM0342,OUT007,CUS01624,13,2656.42,1.3
TXN0004096,17-11-2018,ITM0395,OUT027,CUS00871,4,4979.83,3.5
TXN0005430,03-11-2022,ITM0301,OUT035,CUS00663,15,3967.38,4.3
TXN0008973,02-11-2022,ITM0210,OUT038,CUS01947,14,4009.95,4.3
TXN0005508,23-06-2019,ITM0097,OUT046,CUS00776,18,2606.65,
TXN0006094,18-06-2023,ITM0264,OUT031,CUS00478,3,2837.22,1.6
TXN0009891,08-11-2020,ITM0238,OUT002,CUS00873,9,2849.27,3.0
TXN0004730,24-05-2019,ITM0423,OUT026,CUS01705,20,2957.78,3.7
TXN0000246,24-06-2018,ITM0305,OUT027,CUS01569,13,3303.52,
TXN0010129,25-04-2022,ITM0353,OUT012,CUS01239,10,4207.70,3.4
TXN0001815,07-10-2020,ITM0360,OUT047,CUS01699,8,1848.85,
TXN0001264,,ITM0471,OUT014,CUS00440,4,2191.15,4.6
TXN0010136,08-07-2019,ITM0403,OUT043,CUS01154,15,1851.59,3.7
TXN0007472,19-08-2023,ITM0379,OUT004,CUS01460,8,3329.05,3.0
TXN0003828,,ITM0475,OUT027,CUS01986,20,4249.22,3.0
TXN0001723,25-03-2018,ITM0203,OUT030,CUS01911,7,2887.33,3.1
TXN0010446,30-08-2020,ITM0333,OUT036,CUS01084,14,1172.92,3.4
TXN0010332,01-11-2022,ITM0431,OUT017,CUS01134,13,777.88,1.4
TXN0008221,10-06-2020,ITM0481,OUT037,CUS01831,11,1513.87,3.2
TXN0000907,21-12-2020,ITM0055,OUT008,CUS01970,19,1276.50,3.1
TXN0005098,18-09-2018,ITM0353,OUT016,CUS00215,10,3036.18,1.3
TXN0007196,14-07-2018,ITM0421,OUT033,CUS01796,5,3430.17,4.2
TXN0005544,15-05-2022,ITM0478,OUT015,CUS01350,20,2714.43,3.4
TXN0009011,,ITM0272,OUT010,CUS00322,1,2940.77,1.0
TXN0008428,27-02-2020,ITM0079,OUT044,CUS01021,18,,3.4
TXN0007845,30-05-2020,ITM0243,OUT007,CUS00612,12,2186.95,1.3
TXN0008025,21-05-2019,ITM0373,OUT005,CUS01850,10,2400.86,1.6
TXN0008234,20-10-2018,ITM0224,OUT041,CUS00790,8,3542.50,4.6
TXN0003070,15-10-2023,ITM0388,OUT022,CUS00875,5,4066.79,4.1
TXN0008103,30-09-2020,ITM0259,OUT015,CUS00466,13,3232.33,4.2
TXN0003352,18-02-2022,ITM0238,OUT026,CUS01527,13,1021.79,1.6
TXN0009426,08-05-2023,ITM0038,OUT013,CUS00433,,1202.53,3.9
TXN0003557,01-06-2021,ITM0293,OUT041,CUS00750,20,3839.48,4.2
TXN0002970,23-04-2022,ITM0083,OUT001,CUS01246,15,1955.12,3.1
TXN0007431,21-06-2019,ITM0207,OUT022,CUS01883,18,469.27,2.9
TXN0003335,,ITM0485,OUT017,CUS00469,11,4628.81,
TXN0004806,08-02-2020,ITM0397,OUT044,CUS00825,2,4267.63,3.7
TXN0007274,11-09-2018,ITM0453,OUT033,CUS00814,9,2806.11,3.1
TXN0007670,28-05-2022,ITM0470,OUT037,CUS00192,4,4019.88,4.0
TXN0007492,11-03-2021,ITM0218,OUT035,CUS01833,9,4881.99,
TXN0008101,17-11-2021,ITM0431,OUT006,CUS00533,2,1073.17,1.7
TXN0009040,07-09-2021,ITM0461,OUT006,CUS01896,4,3647.58,3.5
TXN0004373,25-04-2023,ITM0485,OUT043,CUS01287,,313.24,2.1
TXN0002069,15-07-2018,ITM0168,OUT032,CUS00673,10,1610.00,1.5
TXN0007373,01-04-2019,ITM0070,OUT033,CUS00347,14,2899.85,2.0
TXN0004478,07-05-2023,ITM0092,OUT008,CUS00808,8,1078.01,4.4
TXN0001957,08-01-2022,ITM0472,OUT037,CUS00314,17,,
TXN0000409,26-04-2022,ITM0431,OUT002,CUS00492,20,4294.31,1.5
TXN0001692,04-09-2021,ITM0240,OUT050,CUS01502,,2583.25,2.5
TXN0004921,27-01-2019,ITM0249,OUT007,CUS01472,11,2227.48,3.0
TXN0007131,15-09-2022,ITM0328,OUT022,CUS00241,4,2451.04,1.9
TXN0005334,18-05-2019,ITM0449,OUT047,CUS01410,,1019.88,1.7
TXN0004124,08-04-2018,ITM0070,OUT043,CUS01104,8,387.75,4.8
TXN0001118,02-03-2019,ITM0402,OUT019,CUS00819,15,2083.69,1.3
TXN0008162,19-09-2018,ITM0111,OUT041,CUS01048,18,4113.37,1.9
TXN0002765,07-01-2023,ITM0327,OUT039,CUS01868,15,1731.73,
TXN0004523,05-03-2019,ITM0108,OUT040,CUS01160,14,3125.48,3.9
TXN0005607,02-07-2023,ITM0251,OUT008,CUS01892,2,4375.02,1.2
TXN0002265,18-01-2018,ITM0265,OUT012,CUS01266,11,920.25,1.2
TXN0007511,23-09-2018,ITM0048,OUT035,CUS01176,6,3949.68,3.1
TXN0004951,08-10-2022,ITM0219,OUT040,CUS00955,11,2502.21,2.5
TXN0004059,17-09-2022,ITM0157,OUT046,CUS00169,1,3258.27,2.0
TXN0005964,28-10-2020,ITM0488,OUT033,CUS01686,6,2858.11,
TXN0004086,18-01-2020,ITM0102,OUT030,CUS01308,18,4074.27,3.0
TXN0009583,15-06-2023,ITM0280,OUT039,CUS01938,12,2215.45,3.5
TXN0002053,25-01-2018,ITM0234,OUT028,CUS00211,17,37.17,1.7
TXN0003101,03-07-2020,ITM0138,OUT022,CUS00091,4,2409.60,1.6
TXN0000758,01-12-2019,ITM0416,OUT004,CUS00844,8,3677.53,3.1
TXN0001343,01-09-2021,ITM0321,OUT025,CUS01623,19,1658.10,1.8
TXN0010311,14-03-2023,ITM0398,OUT044,CUS01946,17,3056.71,4.8
TXN0007183,19-05-2023,ITM0016,OUT035,CUS01092,2,1011.39,2.6
TXN0010339,22-10-2021,ITM0275,OUT050,CUS01111,18,3534.42,
TXN0008782,,ITM0271,OUT005,CUS01848,10,3782.23,1.8
TXN0008892,27-04-2022,ITM0418,OUT050,CUS01784,10,1816.45,4.1
TXN0006252,08-02-2023,ITM0424,OUT026,CUS01903,6,1467.59,2.7
TXN0000839,02-09-2021,ITM0278,OUT048,CUS00441,10,2882.28,2.1
TXN0001398,06-01-2018,ITM0481,OUT040,CUS01314,4,542.95,4.5
TXN0008470,18-06-2021,ITM0412,OUT029,CUS00168,10,3042.93,
TXN0007239,22-09-2019,ITM0314,OUT014,CUS00551,20,3522.51,2.5
TXN0001330,22-07-2018,ITM0494,OUT022,CUS01819,12,288.85,2.0
TXN0008648,07-02-2019,ITM0279,OUT014,CUS00359,2,1379.10,
TXN0001587,30-11-2019,ITM0329,OUT002,CUS00580,1,863.87,3.7
TXN0004199,26-06-2020,ITM0320,OUT022,CUS01934,5,4953.57,
TXN0007902,21-10-2018,ITM0250,OUT008,CUS00656,11,3746.83,4.5
TXN0009935,28-07-2022,ITM0497,OUT047,CUS01637,8,3834.40,2.3
TXN0007029,15-07-2022,ITM0073,OUT016,CUS01796,,1466.14,3.5
TXN0004918,02-05-2018,ITM0277,OUT045,CUS01515,3,4194.43,3.8
TXN0010120,25-02-2023,ITM0332,OUT020,CUS01179,7,203.91,2.4
TXN0009189,06-10-2018,ITM0228,OUT005,CUS00288,4,2431.98,3.5
TXN0004991,01-04-2021,ITM0181,OUT003,CUS01146,7,692.89,2.1
TXN0005193,05-05-2018,ITM0081,OUT035,CUS00813,13,3047.63,2.5
TXN0010467,19-05-2023,ITM0359,OUT036,CUS00885,5,112.46,1.7
TXN0010212,10-08-2022,ITM0032,OUT004,CUS01414,4,478.43,2.2
TXN0008825,27-11-2023,ITM0397,OUT042,CUS00123,2,458.09,4.9
TXN0004299,11-10-2020,ITM0047,OUT031,CUS00971,4,194.19,3.7
TXN0005755,12-10-2020,ITM0062,OUT038,CUS01942,18,2867.63,1.9
TXN0000981,24-08-2023,ITM0200,OUT018,CUS00645,16,2299.27,2.1
TXN0004436,23-10-2018,ITM0249,OUT049,CUS00532,10,3008.03,4.8
TXN0000114,28-10-2023,ITM0034,OUT020,CUS00382,11,,2.9
TXN0001778,19-03-2021,ITM0355,OUT027,CUS01158,9,3283.36,2.1
TXN0005509,,ITM0327,OUT038,CUS00634,16,2656.55,4.1
TXN0003147,06-01-2018,ITM0334,OUT028,CUS01257,14,330.86,2.6
TXN0008789,22-02-2019,ITM0217,OUT012,CUS01335,10,793.16,1.4
TXN0006157,15-10-2022,ITM0366,OUT023,CUS01429,17,281.59,3.1
TXN0003518,07-02-2018,ITM0051,OUT005,CUS00941,11,3259.15,3.0
TXN0000404,01-08-2018,ITM0436,OUT042,CUS01047,3,523.75,3.3
TXN0003981,13-12-2021,ITM0324,OUT004,CUS01625,4,1986.01,3.5
TXN0003391,15-09-2023,ITM0497,OUT006,CUS00907,5,3069.69,2.6
TXN0006402,,ITM0080,OUT018,CUS00813,5,2342.80,2.3
TXN0007860,22-08-2018,ITM0223,OUT021,CUS00345,8,4665.08,2.4
TXN0007079,26-11-2023,ITM0490,OUT015,CUS01452,,3208.44,2.9
TXN0002320,25-03-2022,ITM0260,OUT029,CUS00731,17,,2.8
TXN0003912,18-08-2020,ITM0451,OUT009,CUS00575,1,4733.35,1.1
TXN0002463,15-01-2021,ITM0235,OUT033,CUS00137,1,953.24,3.5
TXN0008540,19-02-2018,ITM0129,OUT014,CUS00504,3,75.17,1.2
TXN0007403,15-01-2018,ITM0042,OUT032,CUS00472,13,224.40,3.5
TXN0002259,01-02-2020,ITM0412,OUT009,CUS01634,15,1078.19,2.7
TXN0003083,28-08-2018,ITM0431,OUT020,CUS00520,11,2291.77,4.9
TXN0007330,30-12-2020,ITM0134,OUT018,CUS00039,18,2307.28,1.2
TXN0003202,14-01-2019,ITM0409,OUT023,CUS00180,20,926.29,4.2
TXN0008163,,ITM0390,OUT037,CUS01501,1,763.04,4.3
TXN0004903,22-02-2018,ITM0208,OUT005,CUS01950,4,1193.20,1.1
TXN0007761,06-08-2021,ITM0441,OUT025,CUS01919,20,545.39,3.6
TXN0007410,,ITM0259,OUT031,CUS01141,14,2578.02,1.8
TXN0001057,24-01-2023,ITM0215,OUT020,CUS00544,12,,2.6
TXN0000343,23-03-2020,ITM0058,OUT029,CUS00328,19,1051.31,4.7
TXN0000608,01-04-2022,ITM0074,OUT040,CUS01628,11,84.58,2.0
TXN0005753,04-03-2020,ITM0275,OUT037,CUS00062,6,1706.54,2.1
TXN0006316,12-01-2020,ITM0178,OUT006,CUS01503,11,4778.78,2.4
TXN0000484,24-10-2019,ITM0270,OUT010,CUS01862,5,1711.63,3.0
TXN0004407,30-03-2020,ITM0135,OUT019,CUS00048,2,4405.46,3.5
TXN0001677,16-08-2023,ITM0435,OUT040,CUS00599,18,2279.33,4.4
TXN0000235,11-12-2020,ITM0268,OUT026,CUS01072,4,4627.95,1.8
TXN0006009,04-06-2023,ITM0255,OUT035,CUS01324,20,1651.35,3.7
TXN0004948,16-07-2019,ITM0468,OUT024,CUS01243,19,1804.53,4.4
TXN0002014,10-04-2023,ITM0451,OUT036,CUS01020,2,662.40,2.9
TXN0002826,27-06-2023,ITM0123,OUT021,CUS00282,16,1012.57,2.8
TXN0007329,01-01-2018,ITM0253,OUT020,CUS01575,19,2924.95,4.7
TXN0004625,13-01-2020,ITM0040,OUT036,CUS00844,14,3922.92,4.1
TXN0002596,,ITM0234,OUT030,CUS00345,6,905.68,1.9
TXN0010249,07-10-2023,ITM0444,OUT048,CUS01866,6,4608.31,1.2
TXN0003150,09-02-2021,ITM0187,OUT007,CUS01597,7,205.99,3.4
TXN0000317,02-02-2020,ITM0196,OUT036,CUS00722,15,819.72,4.2
TXN0006694,10-10-2019,ITM0085,OUT015,CUS00193,1,1500.67,2.3
TXN0009494,23-08-2018,ITM0494,OUT036,CUS00530,3,258.91,4.2
TXN0001380,04-07-2023,ITM0067,OUT007,CUS00216,19,4257.17,3.4
TXN0009813,07-08-2018,ITM0120,OUT048,CUS00314,9,3269.76,
TXN0003954,11-01-2019,ITM0075,OUT045,CUS01034,7,1330.54,5.0
TXN0000005,09-08-2022,ITM0443,OUT024,CUS01004,15,259.51,4.3
TXN0004023,23-03-2022,ITM0065,OUT010,CUS00723,13,797.58,
TXN0004194,03-03-2022,ITM0403,OUT018,CUS00367,5,341.63,3.5
TXN0009646,26-10-2018,ITM0216,OUT009,CUS01945,20,363.31,3.8
TXN0007028,22-02-2022,ITM0364,OUT013,CUS01230,16,1248.30,2.6
TXN0010403,27-04-2023,ITM0288,OUT021,CUS00881,6,840.05,2.9
TXN0006209,22-09-2018,ITM0403,OUT017,CUS01633,14,3012.26,3.1
TXN0000371,06-08-2022,ITM0095,OUT005,CUS00978,10,1998.52,1.2
TXN0007267,31-08-2023,ITM0011,OUT039,CUS00464,15,3284.98,1.4
TXN0002051,20-12-2020,ITM0240,OUT026,CUS00842,4,1107.62,4.7
TXN0004008,26-10-2022,ITM0136,OUT045,CUS01456,4,419.37,4.8
TXN0004841,27-10-2019,ITM0089,OUT012,CUS00563,1,4527.32,3.9
TXN0000493,,ITM0033,OUT029,CUS00041,8,,2.3
TXN0009153,30-10-2022,ITM0212,OUT018,CUS00793,14,513.10,4.4
TXN0002979,27-09-2023,ITM0306,OUT027,CUS00728,15,3303.14,4.0
TXN0001989,02-12-2020,ITM0341,OUT021,CUS00860,16,287.10,4.9
TXN0000731,04-08-2023,ITM0213,OUT049,CUS00290,14,400.45,1.5
TXN0008513,05-09-2018,ITM0191,OUT045,CUS01139,13,954.38,4.9
TXN0005371,15-05-2022,ITM0177,OUT017,CUS01464,6,1686.69,3.0
TXN0005407,14-08-2021,ITM0436,OUT018,CUS00710,7,3428.66,2.5
TXN0003567,,ITM0081,OUT039,CUS00033,9,4501.13,2.1
TXN0002043,23-07-2018,ITM0005,OUT018,CUS00347,6,4238.26,2.3
TXN0006599,13-06-2018,ITM0280,OUT035,CUS01265,,3791.38,
TXN0005796,15-06-2020,ITM0344,OUT009,CUS01807,11,3100.80,4.0
TXN0004396,11-12-2019,ITM0189,OUT032,CUS01066,10,2445.05,1.7
TXN0008563,,ITM0388,OUT029,CUS01014,19,1448.99,
TXN0007985,29-04-2021,ITM0057,OUT004,CUS01827,16,4498.67,2.7
TXN0008804,23-05-2021,ITM0144,OUT011,CUS00129,,2525.04,2.9
TXN0000821,28-09-2023,ITM0009,OUT025,CUS00090,10,4424.07,1.6
TXN0010235,17-02-2023,ITM0331,OUT013,CUS00593,19,744.59,1.8
TXN0004844,29-09-2022,ITM0475,OUT027,CUS01639,11,4286.23,4.2
TXN0003688,13-07-2023,ITM0017,OUT028,CUS01744,9,644.50,3.1
TXN0004547,19-03-2022,ITM0094,OUT035,CUS01338,14,365.62,4.4
TXN0002119,31-05-2022,ITM0339,OUT050,CUS00606,4,3599.67,4.5
TXN0005665,05-06-2020,ITM0080,OUT022,CUS00838,11,2367.02,5.0
TXN0007898,10-09-2018,ITM0398,OUT032,CUS01576,11,3025.31,4.9
TXN0008944,26-04-2019,ITM0244,OUT033,CUS00639,7,2169.08,1.1
TXN0003530,21-03-2019,ITM0296,OUT017,CUS00217,3,747.87,2.0
TXN0007909,24-09-2019,ITM0375,OUT039,CUS00362,3,665.36,2.0
TXN0009063,15-10-2023,ITM0425,OUT019,CUS01880,10,350.62,2.2
TXN0009471,19-11-2023,ITM0383,OUT002,CUS01526,11,1456.69,3.9
TXN0001389,22-08-2020,ITM0282,OUT032,CUS00520,16,1653.83,1.2
TXN0000710,31-08-2018,ITM0317,OUT039,CUS00689,3,2125.24,2.0
TXN0010187,19-11-2020,ITM0041,OUT035,CUS01663,6,,1.4
TXN0010239,21-06-2018,ITM0427,OUT048,CUS00496,6,887.09,2.9
TXN0001427,17-10-2018,ITM0283,OUT018,CUS01516,12,1196.02,2.4
TXN0000779,27-06-2021,ITM0242,OUT045,CUS01100,19,237.35,4.6
TXN0009230,30-08-2018,ITM0466,OUT018,CUS00737,12,2735.44,2.2
TXN0006921,30-12-2023,ITM0023,OUT017,CUS00974,9,4712.73,2.7
TXN0008597,25-08-2021,ITM0361,OUT046,CUS01581,14,1640.54,4.3
TXN0003242,01-01-2019,ITM0258,OUT020,CUS01147,4,634.31,4.9
TXN0002603,29-04-2022,ITM0313,OUT028,CUS01356,12,3067.16,3.7
TXN0001866,20-03-2023,ITM0264,OUT047,CUS00507,14,4261.18,2.9
TXN0005190,03-02-2022,ITM0006,OUT040,CUS01156,6,4936.96,2.9
TXN0006931,06-11-2022,ITM0145,OUT017,CUS00906,13,2650.34,3.3
TXN0008906,05-05-2020,ITM0056,OUT015,CUS00356,8,3843.99,3.5
TXN0002898,30-07-2018,ITM0079,OUT015,CUS00057,2,3439.79,
TXN0003867,10-04-2020,ITM0199,OUT007,CUS01975,17,1930.06,1.7
TXN0005557,25-09-2022,ITM0137,OUT047,CUS01561,,4654.13,4.0
TXN0002061,20-11-2022,ITM0473,OUT048,CUS00395,13,3529.36,4.2
TXN0001889,11-10-2020,ITM0364,OUT036,CUS00038,9,,2.0
TXN0007139,22-06-2020,ITM0201,OUT009,CUS00180,19,1948.84,1.8
TXN0010295,20-12-2023,ITM0467,OUT014,CUS00153,13,2690.75,3.0
TXN0010231,06-02-2019,ITM0462,OUT027,CUS00741,13,44.68,3.6
TXN0001767,22-05-2023,ITM0482,OUT024,CUS01042,15,3451.37,4.5
TXN0009467,27-04-2021,ITM0332,OUT031,CUS00847,9,,4.7
TXN0006197,04-02-2019,ITM0109,OUT045,CUS01950,9,,2.4
TXN0001909,03-12-2020,ITM0225,OUT042,CUS01027,7,3549.49,2.3
TXN0009604,,ITM0468,OUT016,CUS01736,11,4181.38,1.2
TXN0003006,13-07-2023,ITM0422,OUT033,CUS00563,16,2589.94,4.1
TXN0000095,03-11-2022,ITM0005,OUT020,CUS01326,20,1963.67,1.8
TXN0000901,19-12-2022,ITM0290,OUT027,CUS00296,13,4416.93,2.9
TXN0004049,07-04-2022,ITM0125,OUT008,CUS01118,1,3046.90,3.9
TXN0008093,21-04-2020,ITM0034,OUT002,CUS00791,2,2688.38,
TXN0009301,27-11-2023,ITM0131,OUT020,CUS01449,6,,4.0
TXN0003793,19-11-2018,ITM0138,OUT048,CUS00582,5,1036.12,1.6
TXN0008161,25-02-2020,ITM0102,OUT014,CUS01453,20,2832.94,1.3
TXN0006352,05-06-2020,ITM0315,OUT005,CUS01034,13,739.51,3.8
TXN0002624,06-07-2019,ITM0499,OUT026,CUS00676,12,3295.19,1.5
TXN0010355,09-01-2023,ITM0008,OUT037,CUS00776,7,4412.07,3.8
TXN0005075,15-10-2020,ITM0313,OUT022,CUS00595,,611.10,2.5
TXN0009537,30-05-2020,ITM0212,OUT031,CUS01834,9,3427.98,1.7
TXN0004994,14-08-2018,ITM0088,OUT014,CUS00318,7,722.52,1.4
TXN0009862,06-11-2021,ITM0188,OUT018,CUS00759,10,3304.62,3.9
TXN0001556,02-04-2020,ITM0264,OUT024,CUS00222,16,1671.16,4.9
TXN0001714,27-03-2022,ITM0324,OUT025,CUS01188,15,559.41,1.6
TXN0009882,26-05-2022,ITM0480,OUT046,CUS00343,8,3787.84,3.8
TXN0003973,26-04-2018,ITM0326,OUT042,CUS01383,4,,1.4
TXN0002796,25-03-2020,ITM0371,OUT009,CUS01415,18,2536.00,4.0
TXN0007714,03-01-2021,ITM0201,OUT013,CUS01034,5,,4.5
TXN0000754,11-04-2023,ITM0357,OUT043,CUS00627,12,2993.10,
TXN0000749,25-09-2021,ITM0301,OUT036,CUS01554,4,2522.58,4.3
TXN0007488,05-09-2023,ITM0163,OUT038,CUS01252,15,71.94,3.2
TXN0004593,06-07-2023,ITM0336,OUT017,CUS00611,16,4469.53,4.3
TXN0004377,25-02-2022,ITM0100,OUT025,CUS00820,6,,3.8
TXN0006355,29-07-2021,ITM0089,OUT001,CUS00636,18,1428.24,4.2
TXN0007541,06-05-2023,ITM0058,OUT047,CUS01135,15,4418.19,2.3
TXN0000964,12-08-2019,ITM0176,OUT019,CUS01209,2,,2.2
TXN0004046,18-09-2020,ITM0413,OUT033,CUS00766,8,2087.53,1.4
TXN0002156,,ITM0400,OUT003,CUS01168,15,4981.20,1.7
TXN0001925,04-09-2023,ITM0323,OUT037,CUS00356,9,2689.66,
TXN0000990,30-09-2022,ITM0045,OUT023,CUS00685,19,4162.42,1.7
TXN0008320,21-04-2018,ITM0345,OUT038,CUS01188,15,459.77,3.8
TXN0003217,25-12-2018,ITM0455,OUT045,CUS00400,,4489.52,1.7
TXN0001670,23-08-2021,ITM0078,OUT001,CUS01978,8,645.35,1.3
TXN0007342,13-03-2023,ITM0355,OUT016,CUS00334,6,1795.05,3.2
TXN0000715,10-04-2018,ITM0128,OUT028,CUS01809,20,3744.95,3.1
TXN0003050,03-01-2020,ITM0117,OUT042,CUS00980,13,4113.67,2.3
TXN0005941,23-04-2021,ITM0117,OUT040,CUS00591,,1227.58,2.1
TXN0000387,16-11-2020,ITM0415,OUT005,CUS00754,10,4481.53,2.6
TXN0010067,13-08-2021,ITM0413,OUT025,CUS01496,1,3516.32,4.8
TXN0005160,12-04-2018,ITM0035,OUT014,CUS00598,12,127.30,4.4
TXN0006571,16-04-2020,ITM0374,OUT031,CUS00913,20,1736.46,2.5
TXN0005422,19-04-2021,ITM0440,OUT044,CUS00755,11,2323.29,3.9
TXN0001698,26-07-2019,ITM0324,OUT025,CUS01703,6,1242.04,4.9
TXN0004899,05-07-2023,ITM0226,OUT029,CUS01110,12,3504.16,1.2
TXN0002995,30-07-2023,ITM0240,OUT025,CUS00897,18,3817.86,3.6
TXN0004298,14-07-2022,ITM0073,OUT022,CUS00833,8,2854.16,2.5
TXN0006204,15-06-2019,ITM0125,OUT002,CUS00019,,1176.57,4.4
TXN0004233,13-03-2023,ITM0002,OUT045,CUS01825,15,2076.93,4.7
TXN0008439,10-06-2018,ITM0293,OUT025,CUS01623,11,496.78,1.5
TXN0000524,30-03-2018,ITM0107,OUT008,CUS00728,19,341.30,2.9
TXN0002202,03-11-2018,ITM0019,OUT030,CUS01015,5,4329.24,1.3
TXN0003205,14-02-2023,ITM0025,OUT030,CUS01845,13,4085.28,3.3
TXN0004154,19-02-2023,ITM0489,OUT020,CUS00685,7,4169.03,2.0
TXN0004828,26-02-2022,ITM0187,OUT042,CUS01923,7,1008.33,3.1
TXN0003040,01-12-2022,ITM0320,OUT043,CUS01618,18,4605.58,1.7
TXN0003949,,ITM0495,OUT020,CUS01992,15,,2.3
TXN0000553,10-06-2021,ITM0499,OUT008,CUS01632,7,1053.29,1.7
TXN0004030,05-10-2018,ITM0005,OUT004,CUS01697,1,2879.59,4.9
TXN0002192,23-08-2022,ITM0140,OUT014,CUS01643,16,2561.58,3.6
TXN0002325,31-10-2020,ITM0141,OUT031,CUS00136,1,4639.78,4.1
TXN0008196,26-05-2021,ITM0320,OUT038,CUS01200,16,3633.19,4.2
TXN0002501,06-07-2020,ITM0408,OUT045,CUS00321,9,757.66,3.6
TXN0000008,30-09-2021,ITM0061,OUT012,CUS00312,10,3022.22,4.7
TXN0007070,,ITM0201,OUT001,CUS00382,2,4957.54,4.0
TXN0000652,09-10-2022,ITM0264,OUT022,CUS00419,6,2144.51,4.5
TXN0004212,16-09-2020,ITM0137,OUT027,CUS01633,18,,2.1
TXN0004761,10-10-2020,ITM0298,OUT030,CUS01445,9,,
TXN0006967,12-02-2019,ITM0383,OUT035,CUS00376,10,1945.03,3.6
TXN0005038,28-07-2022,ITM0085,OUT043,CUS01712,14,2367.41,2.7
TXN0006725,,ITM0133,OUT013,CUS01774,9,4123.17,4.7
TXN0008214,10-01-2019,ITM0255,OUT031,CUS01855,7,3320.53,1.5
TXN0001210,21-03-2020,ITM0487,OUT036,CUS00221,1,2483.29,4.1
TXN0003069,14-09-2020,ITM0329,OUT001,CUS01074,9,2085.30,3.5
TXN0005619,09-01-2018,ITM0413,OUT037,CUS01503,17,409.74,2.9
TXN0009115,20-11-2022,ITM0264,OUT026,CUS00076,8,4431.63,4.8
TXN0005678,29-11-2018,ITM0203,OUT032,CUS01714,14,399.43,3.8
TXN0008883,01-11-2021,ITM0282,OUT044,CUS00385,13,3522.17,3.7
TXN0004097,05-08-2022,ITM0239,OUT025,CUS00045,14,1808.89,3.0
TXN0001229,29-07-2020,ITM0345,OUT006,CUS00345,4,4585.08,2.5
TXN0010423,08-03-2023,ITM0474,OUT046,CUS00911,11,2318.79,1.5
TXN0005058,21-02-2023,ITM0498,OUT027,CUS01690,15,4658.04,4.5
TXN0002654,21-03-2023,ITM0410,OUT015,CUS00103,15,4959.16,4.7
TXN0002573,15-07-2018,ITM0404,OUT031,CUS01669,1,3294.23,
TXN0009511,13-06-2021,ITM0171,OUT047,CUS01826,5,2578.64,2.4
TXN0009210,04-08-2023,ITM0486,OUT019,CUS00532,8,14.26,1.7
TXN0003875,12-02-2019,ITM0072,OUT014,CUS01427,14,4037.56,1.5
TXN0005233,30-05-2020,ITM0054,OUT016,CUS00830,10,2072.65,2.7
TXN0006947,02-11-2021,ITM0192,OUT036,CUS00292,,4882.66,3.0
TXN0009280,29-08-2023,ITM0016,OUT026,CUS00790,19,156.43,1.6
TXN0008086,20-10-2022,ITM0283,OUT034,CUS01314,2,2709.50,1.8
TXN0003397,26-02-2021,ITM0273,OUT017,CUS01494,12,,4.1
TXN0009731,18-05-2022,ITM0025,OUT045,CUS00836,17,4066.91,4.9
TXN0007053,20-01-2023,ITM0467,OUT049,CUS01241,6,1667.84,1.4
TXN0007118,19-11-2022,ITM0400,OUT004,CUS01640,2,175.69,4.3
TXN0005921,15-06-2021,ITM0049,OUT019,CUS00133,1,1070.31,1.4
TXN0000585,26-03-2023,ITM0310,OUT019,CUS01038,19,2922.91,3.1
TXN0000054,27-04-2023,ITM0133,OUT022,CUS00093,5,1018.90,4.6
TXN0003544,,ITM0394,OUT022,CUS01864,13,4953.52,3.5
TXN0006782,26-12-2021,ITM0386,OUT024,CUS01640,16,3281.89,3.5
TXN0001719,11-12-2023,ITM0116,OUT002,CUS00416,6,4440.21,1.0
TXN0004672,18-11-2022,ITM0173,OUT039,CUS00067,3,779.41,
TXN0008774,28-10-2018,ITM0002,OUT004,CUS00001,7,3301.59,3.7
TXN0010246,17-10-2023,ITM0412,OUT010,CUS00284,2,2289.43,
TXN0007532,20-12-2019,ITM0385,OUT043,CUS00346,5,4292.70,2.7
TXN0010290,12-12-2018,ITM0451,OUT028,CUS00308,3,1454.22,3.8
TXN0003600,02-08-2023,ITM0320,OUT038,CUS00625,13,3656.21,1.4
TXN0002440,18-06-2019,ITM0382,OUT043,CUS00128,12,3390.66,2.1
TXN0004504,18-07-2019,ITM0340,OUT046,CUS00079,5,4382.84,1.6
TXN0002152,26-07-2018,ITM0296,OUT004,CUS00552,4,2164.84,2.7
TXN0009308,18-07-2023,ITM0335,OUT006,CUS00254,10,2511.70,2.8
TXN0003668,04-07-2020,ITM0095,OUT015,CUS00688,5,4109.38,
TXN0002447,03-05-2018,ITM0430,OUT019,CUS01073,1,2306.41,3.9
TXN0005115,17-08-2021,ITM0328,OUT050,CUS01107,14,4139.27,2.1
TXN0007993,19-06-2018,ITM0155,OUT049,CUS01207,3,3338.06,2.6
TXN0007588,18-09-2018,ITM0085,OUT008,CUS01736,4,800.09,2.2
TXN0000006,30-04-2018,ITM0312,OUT002,CUS00871,5,2860.34,4.9
TXN0002178,25-01-2023,ITM0371,OUT014,CUS00780,1,126.26,3.6
TXN0004028,11-07-2022,ITM0250,OUT022,CUS01877,17,3092.60,4.4
TXN0007987,06-01-2020,ITM0205,OUT031,CUS01562,17,1012.46,1.7
TXN0006610,,ITM0308,OUT019,CUS01711,13,3175.47,1.0
TXN0009027,05-01-2022,ITM0393,OUT046,CUS01611,16,4114.14,1.8
TXN0006973,26-02-2023,ITM0270,OUT047,CUS00671,13,550.94,2.2
TXN0007413,07-06-2021,ITM0497,OUT041,CUS00447,10,137.46,4.4
TXN0001558,08-01-2023,ITM0046,OUT001,CUS01155,6,3722.34,3.9
TXN0007469,29-10-2020,ITM0311,OUT029,CUS01906,3,2759.64,1.7
TXN0008098,25-12-2022,ITM0090,OUT013,CUS00877,11,2925.57,3.5
TXN0006889,25-05-2023,ITM0093,OUT025,CUS01891,3,1973.69,2.6
TXN0002957,30-03-2021,ITM0461,OUT029,CUS00432,11,464.31,2.3
TXN0004597,18-04-2020,ITM0370,OUT024,CUS00200,4,1964.56,
TXN0008015,20-11-2023,ITM0253,OUT041,CUS00952,10,4039.22,4.7
TXN0005032,30-04-2020,ITM0305,OUT026,CUS01124,19,61.19,2.5
TXN0010106,17-10-2018,ITM0462,OUT040,CUS01612,20,2424.08,4.3
TXN0003534,02-04-2021,ITM0281,OUT008,CUS01131,19,2269.47,1.1
TXN0002581,12-11-2020,ITM0027,OUT019,CUS00634,18,858.23,4.3
TXN0008607,23-10-2023,ITM0175,OUT039,CUS00201,1,3422.47,2.1
TXN0008236,19-04-2019,ITM0087,OUT032,CUS01207,7,546.05,1.3
TXN0008881,27-08-2022,ITM0334,OUT029,CUS01680,11,,4.6
TXN0004142,08-03-2021,ITM0489,OUT028,CUS01149,4,2724.24,4.0
TXN0008180,,ITM0282,OUT026,CUS01886,,3885.57,1.1
TXN0001328,03-05-2018,ITM0064,OUT010,CUS01867,5,4651.34,3.5
TXN0009482,18-10-2020,ITM0406,OUT006,CUS01667,4,1181.92,4.0
TXN0001833,19-01-2019,ITM0431,OUT025,CUS00549,14,3733.13,1.9
TXN0002971,04-03-2018,ITM0040,OUT005,CUS00961,11,3040.90,1.4
TXN0003130,04-10-2022,ITM0223,OUT031,CUS00439,,1862.07,2.3
TXN0005492,01-12-2023,ITM0461,OUT009,CUS01445,20,766.92,4.6
TXN0004858,04-07-2023,ITM0082,OUT019,CUS01012,14,3912.42,2.4
TXN0004068,24-10-2019,ITM0478,OUT022,CUS00123,17,3629.75,1.7
TXN0002885,,ITM0236,OUT050,CUS00745,2,3783.45,1.1
TXN0008715,20-03-2021,ITM0162,OUT021,CUS00768,18,893.81,3.0
TXN0002558,28-04-2020,ITM0321,OUT025,CUS01333,15,1104.06,3.3
TXN0010357,30-08-2020,ITM0461,OUT005,CUS01753,1,4814.63,1.0
TXN0009458,07-09-2022,ITM0436,OUT007,CUS01270,3,1772.95,1.9
TXN0007120,22-04-2022,ITM0273,OUT029,CUS01711,19,,4.1
TXN0000232,19-02-2023,ITM0326,OUT046,CUS01170,12,2918.37,2.5
TXN0003442,08-07-2018,ITM0478,OUT048,CUS00446,16,4578.09,4.1
TXN0009982,,ITM0118,OUT029,CUS00461,13,980.43,3.1
TXN0009323,29-07-2020,ITM0323,OUT045,CUS00960,15,3141.33,4.1
TXN0005536,27-04-2021,ITM0007,OUT016,CUS01763,18,173.94,1.2
TXN0002477,07-04-2021,ITM0407,OUT021,CUS01931,3,2780.53,2.9
TXN0005000,26-08-2021,ITM0142,OUT033,CUS00289,11,1717.08,3.3
TXN0009481,17-02-2019,ITM0224,OUT033,CUS01016,11,821.91,2.1
TXN0008697,24-03-2021,ITM0104,OUT031,CUS01790,16,3728.43,3.7
TXN0007092,28-02-2019,ITM0402,OUT031,CUS01749,3,981.84,4.6
TXN0010340,,ITM0180,OUT007,CUS01099,19,4391.66,3.9
TXN0005236,05-03-2023,ITM0023,OUT046,CUS00539,,4569.10,4.2
TXN0004185,22-04-2022,ITM0500,OUT006,CUS01866,14,134.93,3.6
TXN0007052,27-03-2018,ITM0235,OUT029,CUS01070,12,3820.67,1.5
TXN0005885,01-01-2020,ITM0285,OUT050,CUS00168,20,2853.55,4.2
TXN0005271,18-11-2023,ITM0031,OUT020,CUS01496,17,2211.68,2.9
TXN0008197,10-06-2020,ITM0417,OUT050,CUS01062,14,562.12,3.5
TXN0005040,15-11-2022,ITM0280,OUT014,CUS01475,19,1927.72,2.8
TXN0002491,18-10-2019,ITM0286,OUT022,CUS00514,2,3531.35,2.4
TXN0003122,04-03-2018,ITM0142,OUT036,CUS01206,1,4383.61,4.4
TXN0009570,06-10-2023,ITM0293,OUT025,CUS01590,1,577.53,4.1
TXN0006828,07-08-2021,ITM0447,OUT003,CUS01092,3,3271.11,1.6
TXN0006207,20-07-2022,ITM0262,OUT041,CUS01576,9,2190.08,3.4
TXN0008673,16-08-2023,ITM0007,OUT013,CUS01795,7,4855.51,1.2
TXN0006674,29-05-2022,ITM0500,OUT013,CUS00605,6,4174.87,1.3
TXN0006604,,ITM0316,OUT042,CUS01605,15,3734.08,4.1
TXN0004572,01-06-2018,ITM0347,OUT036,CUS01058,18,4525.56,2.4
TXN0004930,11-06-2021,ITM0311,OUT040,CUS00541,20,1317.85,3.7
TXN0005851,,ITM0399,OUT040,CUS01851,18,4577.40,4.0
TXN0002144,,ITM0182,OUT038,CUS00216,9,3953.63,2.7
TXN0010279,10-12-2019,ITM0471,OUT033,CUS01522,5,3643.87,3.3
TXN0002897,18-01-2021,ITM0236,OUT005,CUS01275,6,,4.8
TXN0000219,13-03-2023,ITM0165,OUT046,CUS01383,11,2478.32,3.2
TXN0010042,31-10-2018,ITM0156,OUT008,CUS01306,12,3928.37,4.8
TXN0000435,09-11-2018,ITM0500,OUT023,CUS00184,16,3889.19,4.9
TXN0009968,05-08-2020,ITM0174,OUT038,CUS00567,12,672.90,4.4
TXN0001880,17-04-2021,ITM0322,OUT035,CUS01868,11,205.11,3.5
TXN0009403,22-12-2018,ITM0161,OUT035,CUS01122,10,376.12,2.2
TXN0008253,28-06-2020,ITM0132,OUT050,CUS00837,3,4133.82,4.3
TXN0001063,27-09-2020,ITM0476,OUT037,CUS00036,6,2007.53,4.3
TXN0004648,02-05-2018,ITM0197,OUT038,CUS01518,5,3512.80,3.9
TXN0003521,18-04-2018,ITM0357,OUT027,CUS00668,3,732.31,2.2
TXN0003183,12-02-2020,ITM0137,OUT001,CUS01962,11,1102.54,1.5
TXN0009621,28-07-2023,ITM0350,OUT024,CUS01414,20,1196.48,1.5
TXN0009962,05-03-2018,ITM0478,OUT043,CUS00840,18,297.29,1.7
TXN0006457,18-04-2023,ITM0114,OUT015,CUS01669,5,2009.79,1.7
TXN0002944,16-10-2020,ITM0195,OUT027,CUS01937,1,4660.52,3.0
TXN0003005,02-10-2021,ITM0180,OUT006,CUS01644,14,3008.89,4.7
TXN0005601,19-05-2022,ITM0253,OUT009,CUS00635,7,2660.57,4.1
TXN0004454,20-05-2018,ITM0091,OUT002,CUS01726,3,972.97,4.4
TXN0000787,03-01-2023,ITM0199,OUT016,CUS01932,13,1514.25,2.7
TXN0004656,,ITM0216,OUT041,CUS00232,1,4187.09,2.0
TXN0008833,,ITM0341,OUT041,CUS01109,19,4235.91,1.6
TXN0002395,30-05-2023,ITM0332,OUT008,CUS00406,18,211.46,4.4
TXN0007576,07-12-2022,ITM0299,OUT039,CUS00183,16,2512.29,4.9
TXN0000823,29-10-2021,ITM0170,OUT028,CUS00804,9,217.87,3.5
TXN0005356,11-04-2021,ITM0110,OUT026,CUS00143,19,3070.48,4.8
TXN0005578,02-12-2022,ITM0471,OUT025,CUS00780,,4447.85,2.8
TXN0003077,26-01-2023,ITM0221,OUT002,CUS00975,8,2495.81,1.2
TXN0001923,26-04-2019,ITM0344,OUT044,CUS00358,11,4449.89,4.3
TXN0000126,19-09-2020,ITM0273,OUT004,CUS00557,13,4167.25,
TXN0007664,09-07-2023,ITM0001,OUT010,CUS00510,,4616.86,4.4
TXN0008566,28-01-2023,ITM0095,OUT002,CUS01244,3,1217.47,4.7
TXN0008506,08-07-2023,ITM0222,OUT046,CUS00928,5,,2.2
TXN0007553,05-07-2022,ITM0150,OUT026,CUS00611,1,3615.88,3.2
TXN0001756,29-07-2018,ITM0220,OUT040,CUS01309,9,2599.26,3.8
TXN0003393,07-02-2023,ITM0350,OUT021,CUS00617,10,4359.02,3.1
TXN0000687,18-01-2018,ITM0428,OUT032,CUS00716,15,3594.81,3.6
TXN0002062,11-08-2018,ITM0076,OUT012,CUS00669,9,672.44,1.8
TXN0007918,16-08-2023,ITM0342,OUT035,CUS01783,13,1416.81,
TXN0006990,16-10-2023,ITM0363,OUT012,CUS01299,1,229.48,4.8
TXN0006138,06-08-2022,ITM0209,OUT010,CUS00073,14,,4.9
TXN0009473,,ITM0049,OUT047,CUS00658,14,3140.73,4.2
TXN0002532,03-06-2023,ITM0049,OUT009,CUS01907,1,2712.06,1.8
TXN0009718,31-01-2020,ITM0381,OUT046,CUS01322,4,1674.34,4.2
TXN0010350,24-06-2023,ITM0280,OUT014,CUS01086,11,2133.86,1.8
TXN0008927,20-05-2020,ITM0497,OUT014,CUS01476,19,4842.72,2.7
TXN0007297,19-11-2020,ITM0132,OUT012,CUS00770,10,2404.30,3.5
TXN0000108,21-07-2021,ITM0054,OUT044,CUS01851,,4431.79,2.7
TXN0008218,20-10-2020,ITM0367,OUT018,CUS01916,10,1119.85,3.5
TXN0000333,29-05-2019,ITM0356,OUT002,CUS01633,9,1097.26,
TXN0008462,01-09-2023,ITM0344,OUT011,CUS00531,20,1919.71,3.0
TXN0003298,10-10-2023,ITM0290,OUT037,CUS00948,8,3138.47,4.1
TXN0001141,15-05-2021,ITM0112,OUT045,CUS01123,19,4869.26,4.6
TXN0009310,15-09-2019,ITM0450,OUT007,CUS01148,3,2612.83,3.0
TXN0008739,11-11-2022,ITM0271,OUT030,CUS01171,1,4847.67,4.6
TXN0006578,03-07-2020,ITM0125,OUT041,CUS01243,16,15.34,1.3
TXN0006034,25-06-2018,ITM0228,OUT011,CUS01513,18,2807.11,2.1
TXN0009232,21-05-2021,ITM0449,OUT032,CUS01533,16,1832.44,3.4
TXN0000495,31-12-2023,ITM0007,OUT038,CUS01578,14,1124.46,4.0
TXN0000388,23-12-2018,ITM0474,OUT045,CUS00342,19,2602.14,
TXN0000037,08-04-2020,ITM0236,OUT001,CUS01082,8,1478.06,3.3
TXN0006110,05-04-2021,ITM0226,OUT032,CUS01934,11,357.15,1.2
TXN0004604,18-01-2019,ITM0471,OUT011,CUS01273,11,3855.34,4.5
TXN0003844,30-08-2023,ITM0017,OUT021,CUS01365,19,730.81,2.8
TXN0005071,19-05-2022,ITM0286,OUT048,CUS00674,9,3155.71,2.2
TXN0002214,12-10-2023,ITM0381,OUT041,CUS01143,16,3140.20,3.7
TXN0004015,04-01-2021,ITM0171,OUT043,CUS01138,18,192.95,1.2
TXN0004794,,ITM0454,OUT045,CUS00339,12,3510.51,2.1
TXN0004263,24-09-2018,ITM0191,OUT034,CUS00789,16,224.95,1.1
TXN0003490,06-11-2021,ITM0366,OUT050,CUS01695,18,1478.15,4.3
TXN0009953,04-06-2023,ITM0190,OUT021,CUS00287,15,3044.59,1.4
TXN0007921,30-07-2020,ITM0142,OUT023,CUS00884,18,2795.92,
TXN0002235,13-06-2020,ITM0041,OUT037,CUS01366,2,845.32,1.2
TXN0004472,06-11-2023,ITM0382,OUT025,CUS01891,10,,3.0
TXN0008071,01-03-2018,ITM0030,OUT003,CUS01971,16,194.20,3.6
TXN0005909,08-11-2020,ITM0027,OUT030,CUS01690,20,3484.29,4.1
TXN0001614,23-08-2023,ITM0423,OUT025,CUS01925,6,468.03,2.0
TXN0005097,07-03-2020,ITM0174,OUT005,CUS00922,9,378.35,3.9
TXN0010258,13-11-2021,ITM0469,OUT049,CUS01268,10,3842.33,4.1
TXN0008911,06-01-2023,ITM0224,OUT046,CUS01476,5,3211.08,4.0
TXN0008931,18-01-2021,ITM0466,OUT031,CUS00569,19,2001.92,
TXN0007371,23-07-2022,ITM0332,OUT043,CUS01966,4,4357.57,4.6
TXN0006275,28-05-2018,ITM0408,OUT043,CUS01558,11,1101.13,4.8
TXN0001303,17-01-2020,ITM0130,OUT024,CUS01226,19,1203.39,3.3
TXN0001671,14-01-2018,ITM0495,OUT009,CUS01355,3,3436.79,3.3
TXN0002848,17-05-2021,ITM0230,OUT027,CUS01006,13,3866.13,2.6
TXN0002651,09-09-2019,ITM0316,OUT020,CUS01869,8,2607.34,2.8
TXN0003989,,ITM0045,OUT027,CUS01218,2,4453.35,2.8
TXN0007997,,ITM0372,OUT041,CUS00555,18,2871.25,1.2
TXN0008049,08-01-2023,ITM0087,OUT050,CUS01641,10,2316.80,4.0
TXN0007235,17-11-2019,ITM0420,OUT018,CUS01728,10,2202.39,4.0
TXN0005242,23-04-2018,ITM0354,OUT005,CUS00928,6,179.26,2.4
TXN0004412,28-08-2020,ITM0455,OUT029,CUS00662,5,,4.6
TXN0000681,13-10-2019,ITM0100,OUT029,CUS01319,13,928.54,
TXN0002065,14-04-2021,ITM0014,OUT049,CUS00012,9,2581.22,4.0
TXN0008917,26-04-2023,ITM0443,OUT036,CUS00476,14,3439.06,1.6
TXN0000545,22-05-2023,ITM0222,OUT031,CUS01096,14,4825.50,2.3
TXN0008591,04-03-2018,ITM0468,OUT036,CUS01589,7,2416.83,4.8
TXN0002798,13-09-2023,ITM0285,OUT038,CUS01113,6,4743.74,2.3
TXN0002432,08-04-2021,ITM0088,OUT020,CUS00694,6,4597.66,3.7
TXN0000806,19-11-2019,ITM0296,OUT034,CUS00622,3,3471.89,4.5
TXN0000586,23-06-2020,ITM0179,OUT043,CUS01879,13,,3.5
TXN0002074,20-06-2018,ITM0111,OUT050,CUS00316,16,4887.90,2.7
TXN0002296,01-05-2021,ITM0068,OUT007,CUS01337,15,1352.43,4.9
TXN0008379,05-12-2020,ITM0061,OUT008,CUS00927,3,2854.84,2.1
TXN0004900,09-09-2023,ITM0264,OUT038,CUS01384,5,4742.72,3.5
TXN0006218,18-05-2019,ITM0039,OUT032,CUS01991,19,2161.27,1.8
TXN0002057,04-07-2018,ITM0303,OUT048,CUS01736,18,1733.01,3.8
TXN0001797,20-12-2021,ITM0263,OUT041,CUS00198,,2482.23,2.6
TXN0008800,28-08-2021,ITM0181,OUT026,CUS01439,20,932.92,4.5
TXN0005888,29-06-2021,ITM0292,OUT020,CUS01037,7,523.55,2.5
TXN0007927,29-01-2023,ITM0496,OUT048,CUS00074,5,4787.59,4.3
TXN0001081,03-04-2022,ITM0018,OUT037,CUS01895,1,2270.53,3.7
TXN0008332,26-11-2018,ITM0244,OUT047,CUS01939,6,1612.51,4.4
TXN0006863,26-06-2021,ITM0426,OUT026,CUS01045,1,1759.45,2.3
TXN0008274,14-07-2019,ITM0269,OUT024,CUS00586,1,,3.9
TXN0004238,,ITM0150,OUT028,CUS00008,17,2505.38,3.9
TXN0010167,10-02-2023,ITM0297,OUT025,CUS01000,5,1454.64,1.6
TXN0000532,,ITM0078,OUT028,CUS01970,12,2684.71,4.9
TXN0001791,18-02-2018,ITM0365,OUT002,CUS00697,2,1655.21,
TXN0006808,30-01-2022,ITM0371,OUT005,CUS00384,15,2257.08,3.2
TXN0009214,21-12-2023,ITM0166,OUT015,CUS00184,13,1314.85,3.6
TXN0000399,04-12-2019,ITM0121,OUT006,CUS01382,8,2032.07,3.8
TXN0001517,15-06-2020,ITM0403,OUT002,CUS00030,15,2885.45,4.3
TXN0003870,19-07-2020,ITM0152,OUT042,CUS00211,1,2345.51,4.0
TXN0000418,15-12-2019,ITM0289,OUT040,CUS00264,1,,3.1
TXN0008029,31-03-2019,ITM0014,OUT042,CUS00333,16,,1.1
TXN0006460,12-11-2018,ITM0443,OUT005,CUS01378,16,2490.17,3.6
TXN0007651,17-02-2022,ITM0015,OUT009,CUS00489,3,490.89,2.5
TXN0007362,13-02-2019,ITM0164,OUT047,CUS00073,17,2652.34,1.7
TXN0006227,14-05-2018,ITM0482,OUT030,CUS01565,20,1366.36,1.8
TXN0004055,30-10-2023,ITM0436,OUT036,CUS01123,14,2677.42,1.2
TXN0005985,31-01-2022,ITM0091,OUT001,CUS00316,4,545.19,2.1
TXN0009849,30-07-2019,ITM0311,OUT034,CUS01920,1,4321.45,2.7
TXN0005768,01-08-2023,ITM0068,OUT001,CUS01150,20,3873.35,4.7
TXN0002679,28-02-2019,ITM0214,OUT011,CUS00203,7,2340.13,1.7
TXN0009997,20-12-2022,ITM0422,OUT008,CUS00369,2,4652.01,4.0
TXN0003373,28-06-2018,ITM0023,OUT038,CUS01105,2,4072.22,2.1
TXN0003285,09-11-2019,ITM0264,OUT024,CUS01327,2,4543.78,
TXN0010062,30-05-2019,ITM0254,OUT041,CUS01117,5,2938.48,1.7
TXN0008037,23-08-2018,ITM0247,OUT005,CUS00318,6,3996.21,2.6
TXN0002859,,ITM0066,OUT011,CUS01325,15,1904.62,4.0
TXN0007013,01-01-2023,ITM0436,OUT003,CUS00412,4,979.12,
TXN0002332,20-05-2022,ITM0187,OUT029,CUS01214,1,1364.40,2.3
TXN0006597,23-09-2021,ITM0145,OUT010,CUS01743,11,2123.60,1.7
TXN0006256,27-06-2020,ITM0238,OUT033,CUS00053,18,2966.25,2.1
TXN0007251,20-01-2021,ITM0023,OUT018,CUS00777,15,1172.95,
TXN0009811,04-05-2022,ITM0357,OUT014,CUS00111,13,1456.43,3.5
TXN0007771,20-12-2020,ITM0024,OUT038,CUS01093,5,1729.98,1.4
TXN0009938,04-11-2022,ITM0367,OUT023,CUS00680,12,3104.03,1.2
TXN0000606,15-12-2019,ITM0369,OUT022,CUS00701,8,1070.83,1.3
TXN0008382,27-07-2018,ITM0103,OUT043,CUS01142,7,3493.28,1.3
TXN0000516,26-09-2023,ITM0162,OUT003,CUS00862,16,3317.14,4.6
TXN0004961,20-04-2022,ITM0084,OUT016,CUS00307,14,4165.69,3.4
TXN0005261,14-12-2020,ITM0078,OUT022,CUS01390,12,1441.28,4.6
TXN0007153,15-03-2023,ITM0261,OUT014,CUS00594,6,2143.37,1.7
TXN0007167,,ITM0091,OUT026,CUS01803,,1442.76,4.0
TXN0005475,27-11-2019,ITM0407,OUT032,CUS01534,,2864.69,2.4
TXN0002660,05-03-2021,ITM0325,OUT036,CUS01115,10,1424.93,4.3
TXN0005860,05-07-2022,ITM0483,OUT011,CUS01306,20,1814.60,1.8
TXN0002005,05-07-2018,ITM0217,OUT009,CUS01735,18,1614.93,3.3
TXN0005292,29-10-2022,ITM0329,OUT050,CUS00942,13,1123.81,1.5
TXN0000926,14-11-2022,ITM0323,OUT022,CUS01762,10,3544.32,2.0
TXN0005114,30-06-2023,ITM0096,OUT004,CUS01802,20,1184.07,1.5
TXN0002492,16-05-2021,ITM0453,OUT013,CUS01529,9,3612.28,4.5
TXN0004467,15-10-2020,ITM0455,OUT023,CUS00403,17,848.37,3.3
TXN0008999,11-12-2018,ITM0446,OUT022,CUS01047,17,465.29,2.2
TXN0005879,08-11-2022,ITM0116,OUT040,CUS01309,6,3497.02,4.9
TXN0000517,25-09-2023,ITM0229,OUT001,CUS01640,16,3074.78,5.0
TXN0000402,12-02-2021,ITM0039,OUT030,CUS01485,18,3296.86,4.1
TXN0001184,04-08-2022,ITM0138,OUT022,CUS00809,11,4670.01,4.4
TXN0006091,28-05-2021,ITM0208,OUT040,CUS00793,,4040.46,2.5
TXN0009446,16-08-2020,ITM0108,OUT003,CUS01742,7,3720.25,2.1
TXN0007097,21-03-2021,ITM0180,OUT020,CUS01849,13,1945.72,2.9
TXN0001452,,ITM0020,OUT030,CUS01597,5,3225.28,4.2
TXN0002374,14-11-2019,ITM0171,OUT035,CUS01575,8,4160.79,4.7
TXN0001566,09-03-2018,ITM0095,OUT025,CUS00779,19,2651.59,3.5
TXN0001735,15-05-2019,ITM0088,OUT037,CUS01883,18,2503.08,2.3
TXN0001764,31-08-2018,ITM0063,OUT004,CUS01489,14,3734.27,1.2
TXN0005397,02-03-2021,ITM0096,OUT012,CUS01498,8,610.47,4.8
TXN0000395,24-07-2019,ITM0040,OUT035,CUS01771,13,4143.89,4.4
TXN0010359,30-09-2020,ITM0014,OUT012,CUS01686,2,1285.06,4.4
TXN0007475,29-12-2023,ITM0421,OUT013,CUS01526,10,3431.13,4.3
TXN0006783,29-08-2021,ITM0095,OUT015,CUS01286,9,35.97,2.1
TXN0003435,06-12-2022,ITM0314,OUT014,CUS00085,8,2638.31,3.5
TXN0002840,13-01-2022,ITM0319,OUT030,CUS01078,18,491.26,4.2
TXN0010130,09-10-2019,ITM0473,OUT024,CUS01483,2,2580.26,4.7
TXN0004152,27-04-2020,ITM0186,OUT049,CUS00204,1,3564.97,4.3
TXN0001581,01-07-2019,ITM0337,OUT047,CUS01473,,2418.34,
TXN0010051,21-03-2019,ITM0136,OUT033,CUS01096,10,3881.63,1.3
TXN0005737,25-05-2019,ITM0005,OUT020,CUS00586,14,3153.15,2.0
TXN0009054,13-01-2022,ITM0278,OUT034,CUS00503,15,1512.29,4.3
TXN0000405,29-03-2020,ITM0153,OUT003,CUS00914,2,4698.02,4.7
TXN0008747,12-12-2021,ITM0266,OUT016,CUS01141,12,4004.94,4.0
TXN0008942,25-04-2020,ITM0161,OUT017,CUS01824,7,2832.62,1.1
TXN0003268,05-10-2018,ITM0261,OUT002,CUS01535,,872.34,2.1
TXN0004605,17-02-2020,ITM0094,OUT002,CUS00348,1,154.15,3.3
TXN0010054,24-10-2018,ITM0331,OUT047,CUS00853,13,2293.55,2.9
TXN0008759,10-02-2021,ITM0400,OUT025,CUS00157,12,1595.89,1.1
TXN0002680,01-02-2022,ITM0180,OUT026,CUS00327,3,2889.75,3.5
TXN0005805,09-10-2018,ITM0287,OUT035,CUS00704,4,4496.76,2.7
TXN0005254,20-08-2020,ITM0454,OUT009,CUS01419,3,767.17,4.0
TXN0000179,06-07-2022,ITM0371,OUT019,CUS01361,,1170.63,1.6
TXN0004112,31-07-2019,ITM0170,OUT029,CUS00235,19,2477.95,2.2
TXN0001056,03-10-2020,ITM0364,OUT023,CUS00643,12,1346.51,3.4
TXN0009831,28-05-2021,ITM0322,OUT028,CUS01149,4,83.04,3.5
TXN0003188,26-08-2018,ITM0139,OUT016,CUS00326,13,4454.01,2.0
TXN0002808,02-08-2019,ITM0356,OUT031,CUS00986,11,4667.35,3.8
TXN0010461,26-02-2020,ITM0453,OUT017,CUS01308,3,4138.11,4.0
TXN0008084,12-08-2022,ITM0237,OUT010,CUS00212,2,488.08,2.8
TXN0002950,13-05-2018,ITM0217,OUT035,CUS00612,6,3831.26,2.4
TXN0009506,16-12-2018,ITM0285,OUT006,CUS00226,13,186.95,3.1
TXN0001496,09-04-2018,ITM0167,OUT022,CUS01399,18,244.93,3.6
TXN0007555,,ITM0351,OUT019,CUS01748,1,907.39,3.3
TXN0010394,19-04-2023,ITM0287,OUT039,CUS00651,5,2885.62,1.2
TXN0002499,03-01-2023,ITM0465,OUT041,CUS01295,13,4337.15,1.8
TXN0000725,20-08-2020,ITM0351,OUT047,CUS00158,13,2681.73,1.7
TXN0004346,,ITM0180,OUT040,CUS01778,6,986.05,
TXN0007676,07-04-2020,ITM0195,OUT004,CUS00674,2,2076.53,3.3
TXN0007360,08-02-2023,ITM0293,OUT048,CUS00431,,2148.65,2.7
TXN0006080,03-01-2022,ITM0287,OUT039,CUS01273,4,307.56,2.7
TXN0010171,09-08-2022,ITM0275,OUT014,CUS00148,12,1579.87,1.9
TXN0008413,05-12-2018,ITM0134,OUT033,CUS00813,5,3502.05,3.8
TXN0010086,10-05-2019,ITM0275,OUT046,CUS00467,2,1260.21,1.1
TXN0010360,01-11-2022,ITM0352,OUT024,CUS00076,17,4544.37,2.2
TXN0003411,22-11-2023,ITM0415,OUT003,CUS01236,3,3290.14,2.0
TXN0002038,22-08-2022,ITM0347,OUT017,CUS00032,1,790.86,1.6
TXN0007351,05-03-2021,ITM0153,OUT025,CUS01457,4,2474.74,3.2
TXN0001561,17-06-2023,ITM0077,OUT020,CUS01828,7,784.73,3.5
TXN0006922,25-03-2021,ITM0173,OUT046,CUS01958,9,4242.27,2.1
TXN0009955,13-01-2021,ITM0403,OUT033,CUS00526,19,3335.08,2.8
TXN0005096,23-12-2021,ITM0310,OUT048,CUS00687,7,4994.31,2.0
TXN0002187,01-06-2018,ITM0075,OUT038,CUS01058,,4756.33,3.9
TXN0002242,05-02-2019,ITM0010,OUT001,CUS01118,17,3894.41,2.6
TXN0004221,10-04-2019,ITM0228,OUT015,CUS00801,7,3103.20,
TXN0008266,04-07-2020,ITM0330,OUT014,CUS01940,16,2376.00,1.1
TXN0002809,29-06-2020,ITM0182,OUT003,CUS01694,13,1991.12,3.4
TXN0003808,21-10-2023,ITM0403,OUT003,CUS00373,12,4837.10,1.7
TXN0000874,14-04-2022,ITM0330,OUT035,CUS00206,19,4607.62,1.6
TXN0005175,27-07-2021,ITM0463,OUT023,CUS01150,12,2662.34,1.4
TXN0001373,11-10-2018,ITM0394,OUT036,CUS00388,8,4905.35,4.3
TXN0010144,29-04-2020,ITM0205,OUT026,CUS01904,9,3587.80,4.2
TXN0010276,18-10-2023,ITM0330,OUT036,CUS00281,15,4962.96,3.8
TXN0007596,28-01-2023,ITM0079,OUT029,CUS00620,1,2541.17,4.6
TXN0003191,16-11-2020,ITM0312,OUT005,CUS00069,1,2673.85,2.1
TXN0010219,02-05-2023,ITM0275,OUT039,CUS01704,10,3431.66,1.3
TXN0006165,17-04-2021,ITM0183,OUT047,CUS01387,12,459.89,4.4
TXN0008854,,ITM0302,OUT034,CUS01613,19,3962.02,3.1
TXN0004393,01-08-2019,ITM0396,OUT039,CUS01173,8,3106.47,1.9
TXN0007300,26-08-2022,ITM0003,OUT008,CUS01360,8,1961.79,1.9
TXN0006680,26-02-2023,ITM0071,OUT048,CUS00343,6,2742.82,
TXN0010456,22-07-2020,ITM0088,OUT025,CUS00268,19,1093.53,4.9
TXN0002375,18-11-2019,ITM0336,OUT018,CUS01262,11,3520.41,4.6
TXN0006492,,ITM0179,OUT031,CUS00529,8,2705.89,4.9
TXN0007314,23-06-2022,ITM0363,OUT041,CUS00074,17,2780.13,2.9
TXN0008820,28-12-2018,ITM0018,OUT046,CUS00568,17,3277.48,4.5
TXN0001745,27-08-2023,ITM0151,OUT050,CUS00570,20,3442.15,3.7
TXN0010162,05-05-2019,ITM0037,OUT006,CUS00253,1,2704.74,
TXN0008028,28-01-2021,ITM0013,OUT042,CUS00995,12,1426.63,2.3
TXN0010088,26-12-2022,ITM0039,OUT009,CUS01283,10,2795.03,2.4
TXN0008654,18-02-2022,ITM0215,OUT017,CUS00003,13,2005.88,3.7
TXN0004387,05-03-2023,ITM0494,OUT009,CUS00388,8,1103.64,3.3
TXN0009413,17-06-2019,ITM0485,OUT016,CUS01567,8,,2.5
TXN0007999,15-06-2020,ITM0486,OUT041,CUS01527,3,4684.08,
TXN0009914,,ITM0278,OUT041,CUS00374,10,2100.43,4.1
TXN0003117,03-10-2020,ITM0120,OUT019,CUS01142,18,1277.26,4.4
TXN0010036,17-06-2020,ITM0001,OUT015,CUS01507,18,1116.98,3.6
TXN0001577,06-04-2019,ITM0249,OUT041,CUS00656,13,922.83,4.8
TXN0003678,15-05-2021,ITM0398,OUT037,CUS00003,19,2296.41,3.4
TXN0007331,06-01-2019,ITM0342,OUT021,CUS00776,16,4494.73,4.5
TXN0000233,02-06-2019,ITM0375,OUT035,CUS01248,3,4727.78,1.6
TXN0000468,06-06-2022,ITM0225,OUT031,CUS01881,8,4674.51,4.4
TXN0005103,06-09-2018,ITM0069,OUT045,CUS00934,,1246.56,1.4
TXN0002166,03-05-2018,ITM0332,OUT031,CUS00993,19,1718.01,2.1
TXN0002847,07-09-2022,ITM0085,OUT049,CUS01472,19,4315.78,4.1
TXN0006515,09-02-2021,ITM0207,OUT042,CUS01060,14,4391.24,2.1
TXN0000012,10-12-2019,ITM0229,OUT009,CUS01472,14,2893.42,
TXN0006873,01-01-2022,ITM0324,OUT040,CUS01754,13,1008.26,1.6
TXN0001630,31-01-2023,ITM0475,OUT024,CUS01585,11,3821.29,2.8
TXN0009864,11-10-2023,ITM0413,OUT032,CUS00792,8,468.34,1.8
TXN0002400,19-05-2020,ITM0413,OUT030,CUS00785,10,3579.49,1.4
TXN0000119,25-04-2023,ITM0260,OUT023,CUS01991,2,3459.04,1.9
TXN0002587,21-03-2019,ITM0188,OUT022,CUS01615,6,3195.19,2.8
TXN0002525,,ITM0083,OUT022,CUS01942,10,1222.94,1.7
TXN0004808,18-09-2018,ITM0420,OUT003,CUS01442,2,906.22,3.7
TXN0001086,08-12-2018,ITM0349,OUT024,CUS00191,7,2028.27,
TXN0000065,30-11-2022,ITM0305,OUT036,CUS00102,12,1419.77,2.8
TXN0007496,03-04-2020,ITM0241,OUT005,CUS00253,9,4590.81,
TXN0002281,13-09-2022,ITM0404,OUT004,CUS00584,4,1748.81,1.3
TXN0003028,04-10-2023,ITM0326,OUT034,CUS01517,7,3231.61,3.0
TXN0006701,27-10-2022,ITM0211,OUT014,CUS00479,1,745.11,4.0
TXN0004480,06-03-2018,ITM0072,OUT025,CUS01600,14,3034.45,2.2
TXN0007586,24-03-2020,ITM0010,OUT037,CUS00276,10,1133.87,2.1
TXN0009134,24-10-2021,ITM0210,OUT011,CUS00081,14,3761.35,4.9
TXN0001182,06-09-2018,ITM0481,OUT038,CUS00461,,2643.37,3.9
TXN0001785,04-11-2023,ITM0445,OUT017,CUS01654,11,1259.82,1.7
TXN0001417,03-10-2022,ITM0375,OUT013,CUS01335,19,,1.1
TXN0008752,09-07-2020,ITM0123,OUT044,CUS00383,5,2061.43,3.7
TXN0007780,21-06-2022,ITM0402,OUT012,CUS01724,13,2716.32,3.3
TXN0005784,08-05-2022,ITM0283,OUT035,CUS01737,16,3871.75,3.1
TXN0010343,07-02-2019,ITM0383,OUT003,CUS01016,4,3517.33,1.6
TXN0010146,15-05-2023,ITM0227,OUT036,CUS00346,18,821.62,2.9
TXN0009522,08-07-2018,ITM0051,OUT008,CUS00911,12,4672.18,3.3
TXN0002767,28-03-2022,ITM0425,OUT002,CUS00206,1,477.82,
TXN0004423,26-09-2020,ITM0311,OUT039,CUS00730,11,2539.97,4.7
TXN0009910,28-01-2022,ITM0363,OUT024,CUS01599,16,4444.52,2.8
TXN0005286,24-10-2019,ITM0084,OUT026,CUS00175,16,1573.42,1.4
TXN0005932,08-05-2022,ITM0022,OUT039,CUS01142,19,2987.17,3.3
TXN0007100,10-09-2018,ITM0003,OUT002,CUS01226,18,4509.04,3.9
TXN0006421,19-11-2022,ITM0264,OUT025,CUS00924,,2066.96,
TXN0003839,19-02-2022,ITM0289,OUT015,CUS00728,10,1636.41,3.7
TXN0007365,05-12-2023,ITM0084,OUT044,CUS01572,9,2500.32,1.9
TXN0000982,17-09-2019,ITM0114,OUT014,CUS01757,15,2294.05,4.2
TXN0004505,12-06-2018,ITM0344,OUT027,CUS01176,,67.80,4.4
TXN0006174,28-10-2021,ITM0053,OUT047,CUS00981,13,2851.08,4.8
TXN0005756,06-07-2019,ITM0131,OUT034,CUS00672,20,4136.76,3.0
TXN0009412,12-11-2020,ITM0298,OUT033,CUS00125,16,1437.39,3.2
TXN0008808,,ITM0185,OUT040,CUS00627,13,1950.33,4.9
TXN0001819,22-09-2018,ITM0027,OUT006,CUS01268,9,582.68,1.9
TXN0007603,01-10-2019,ITM0392,OUT024,CUS01949,10,2310.73,1.0
TXN0007459,23-03-2020,ITM0247,OUT046,CUS01171,9,4075.10,1.9
TXN0007962,13-08-2020,ITM0116,OUT004,CUS00534,9,2904.00,1.4
TXN0005368,26-01-2023,ITM0256,OUT003,CUS01091,17,3662.24,2.2
TXN0000522,03-06-2018,ITM0328,OUT020,CUS01648,9,2918.07,3.2
TXN0000083,15-05-2023,ITM0080,OUT033,CUS01861,19,2679.54,1.3
TXN0001976,27-12-2020,ITM0008,OUT001,CUS00658,8,1984.49,1.1
TXN0008977,05-06-2022,ITM0142,OUT026,CUS01306,,1529.37,2.1
TXN0003390,25-04-2023,ITM0416,OUT003,CUS01653,7,3910.57,4.3
TXN0003833,23-02-2018,ITM0262,OUT005,CUS01608,18,4199.26,2.6
TXN0007630,29-01-2022,ITM0342,OUT038,CUS00097,3,1910.37,3.4
TXN0000184,10-05-2022,ITM0168,OUT050,CUS01509,13,896.53,3.1
TXN0003564,28-12-2023,ITM0251,OUT015,CUS00031,20,,2.9
TXN0010365,17-09-2020,ITM0489,OUT030,CUS00763,11,3998.87,4.1
TXN0004004,18-11-2020,ITM0054,OUT043,CUS01022,18,4016.32,2.5
TXN0003641,11-09-2021,ITM0028,OUT031,CUS01684,8,4007.84,3.8
TXN0002082,21-09-2019,ITM0476,OUT025,CUS00879,17,2483.34,2.0
TXN0003872,23-11-2018,ITM0164,OUT024,CUS00320,5,974.70,3.1
TXN0008632,09-08-2020,ITM0267,OUT023,CUS01622,16,268.54,2.8
TXN0007701,05-04-2020,ITM0345,OUT024,CUS00578,6,818.15,3.8
TXN0006359,02-09-2022,ITM0135,OUT030,CUS00464,,,3.5
TXN0001251,19-10-2023,ITM0160,OUT011,CUS01994,14,413.24,4.2
TXN0002758,13-10-2019,ITM0173,OUT011,CUS00444,15,4019.27,3.6
TXN0010263,13-02-2022,ITM0013,OUT003,CUS00470,1,4993.87,3.3
TXN0003666,,ITM0330,OUT032,CUS01861,16,,1.3
TXN0007901,14-04-2023,ITM0060,OUT050,CUS01481,13,63.59,1.5
TXN0006960,22-10-2022,ITM0155,OUT048,CUS00782,11,788.85,4.5
TXN0001881,06-12-2023,ITM0024,OUT034,CUS00044,5,2243.29,4.0
TXN0007269,01-12-2019,ITM0018,OUT002,CUS01090,20,1704.10,1.2
TXN0001534,17-01-2018,ITM0318,OUT021,CUS01754,5,664.27,
TXN0009174,14-01-2020,ITM0286,OUT049,CUS00488,10,2241.57,3.7
TXN0004594,30-07-2020,ITM0328,OUT047,CUS01140,1,69.67,4.4
TXN0005005,04-02-2023,ITM0020,OUT011,CUS01687,17,1979.08,3.4
